rail,source_schema,section_path,field,kind,data_type,allowed_values,pattern,required,description
AA (Account Aggregator),alternative_investment_funds,Account,linkedAccRef,attribute,string,,,yes,
AA (Account Aggregator),alternative_investment_funds,Account,maskedAccNumber,attribute,string,,,yes,
AA (Account Aggregator),alternative_investment_funds,Account,version,attribute,float,,,yes,
AA (Account Aggregator),alternative_investment_funds,Account,type,attribute,string,,,yes,
AA (Account Aggregator),alternative_investment_funds,Account.Profile.Holders.Holder,name,attribute,string,,,yes,
AA (Account Aggregator),alternative_investment_funds,Account.Profile.Holders.Holder,dob,attribute,date,,,yes,
AA (Account Aggregator),alternative_investment_funds,Account.Profile.Holders.Holder,pan,attribute,string,,[a-zA-Z][a-zA-Z][a-zA-Z][a-zA-Z][a-zA-Z][0-9][0-9][0-9][0-9][a-zA-Z],no,
AA (Account Aggregator),alternative_investment_funds,Account.Profile.Holders.Holder,mobile,attribute,string,,,yes,
AA (Account Aggregator),alternative_investment_funds,Account.Profile.Holders.Holder,nominee,attribute,string,REGISTERED|NOT-REGISTERED,,yes,
AA (Account Aggregator),alternative_investment_funds,Account.Profile.Holders.Holder,address,attribute,string,,,no,
AA (Account Aggregator),alternative_investment_funds,Account.Profile.Holders.Holder,landline,attribute,string,,,no,
AA (Account Aggregator),alternative_investment_funds,Account.Profile.Holders.Holder,email,attribute,string,,[^@]+@[^\.]+\..+,yes,
AA (Account Aggregator),alternative_investment_funds,Account.Profile.Holders.Holder,dematId,attribute,string,,,yes,
AA (Account Aggregator),alternative_investment_funds,Account.Profile.Holders.Holder,ckycCompliance,attribute,boolean,,,yes,
AA (Account Aggregator),alternative_investment_funds,Account.Summary,totalNumUnitsIssued,attribute,positiveInteger,,,yes,
AA (Account Aggregator),alternative_investment_funds,Account.Summary,investmentValue,attribute,float,,,yes,
AA (Account Aggregator),alternative_investment_funds,Account.Summary,currentValue,attribute,float,,,yes,
AA (Account Aggregator),alternative_investment_funds,Account.Summary.Investment.Holdings.Holding,issuerName,attribute,string,,,yes,Name of the issuer.
AA (Account Aggregator),alternative_investment_funds,Account.Summary.Investment.Holdings.Holding,typeOfSecurity,attribute,string,LISTED-EQUITY|LISTED-DEBT-SECURITY|UNLISTED-EQUITY|UNLISTED-DEBT|PREFERENCE-SHARES|NCDS|WARRANTS|DERIVATIVE-CONTRACTS|OTHERS,,yes,Type of Security held.
AA (Account Aggregator),alternative_investment_funds,Account.Summary.Investment.Holdings.Holding,valuationMethodology,attribute,string,,,yes,"This data point shall specify what is the methodology used for valuation of the particular asset. E.g. for listed equity, the value might be based on market price."
AA (Account Aggregator),alternative_investment_funds,Account.Summary.Investment.Holdings.Holding,purchaseDate,attribute,date,,,yes,
AA (Account Aggregator),alternative_investment_funds,Account.Summary.Investment.Holdings.Holding,purchasePrice,attribute,float,,,yes,
AA (Account Aggregator),alternative_investment_funds,Account.Summary.Investment.Holdings.Holding,lastValuationDate,attribute,date,,,yes,Last date on which valuation of the asset was performed.
AA (Account Aggregator),alternative_investment_funds,Account.Summary.Investment.Holdings.Holding,mtmOnLastValuation,attribute,float,,,yes,Mark to Market on last valuation is used to determine the market value of investments in those securities on last valuation date.
AA (Account Aggregator),alternative_investment_funds,Account.Summary.Investment.Holdings.Holding,holdingPeriod,attribute,string,,,yes,
AA (Account Aggregator),alternative_investment_funds,Account.Summary.Investment.Holdings.Holding,description,attribute,string,,,yes,
AA (Account Aggregator),alternative_investment_funds,Account.Transactions,endDate,attribute,date,,,yes,
AA (Account Aggregator),alternative_investment_funds,Account.Transactions,startDate,attribute,date,,,yes,
AA (Account Aggregator),alternative_investment_funds,Account.Transactions.Transaction,txnId,attribute,string,,,yes,
AA (Account Aggregator),alternative_investment_funds,Account.Transactions.Transaction,nameofAsset,attribute,string,,,yes,
AA (Account Aggregator),alternative_investment_funds,Account.Transactions.Transaction,investmentDateTime,attribute,dateTime,,,yes,
AA (Account Aggregator),alternative_investment_funds,Account.Transactions.Transaction,investmentValue,attribute,float,,,yes,
AA (Account Aggregator),alternative_investment_funds,Account.Transactions.Transaction,redemptionDate,attribute,date,,,yes,
AA (Account Aggregator),alternative_investment_funds,Account.Transactions.Transaction,redemptionValue,attribute,float,,,yes,
AA (Account Aggregator),alternative_investment_funds,Account.Transactions.Transaction,fundFeesPaymentDate,attribute,date,,,yes,
AA (Account Aggregator),alternative_investment_funds,Account.Transactions.Transaction,fundFeesPaymentAmount,attribute,float,,,yes,
AA (Account Aggregator),alternative_investment_funds,Account.Transactions.Transaction,reInvestmentDate,attribute,date,,,yes,
AA (Account Aggregator),alternative_investment_funds,Account.Transactions.Transaction,reInvestmentValue,attribute,float,,,yes,
AA (Account Aggregator),alternative_investment_funds,Account.Transactions.Transaction,paymentInvestorDate,attribute,date,,,yes,
AA (Account Aggregator),alternative_investment_funds,Account.Transactions.Transaction,paymentInvestorAmount,attribute,float,,,yes,
AA (Account Aggregator),alternative_investment_funds,Account.Transactions.Transaction,taxPaidValue,attribute,float,,,yes,
AA (Account Aggregator),alternative_investment_funds,Account.Transactions.Transaction,taxPaidDate,attribute,date,,,yes,
AA (Account Aggregator),alternative_investment_funds,Account.Transactions.Transaction,narration,attribute,string,,,yes,
AA (Account Aggregator),bonds,Account,linkedAccRef,attribute,string,,,yes,
AA (Account Aggregator),bonds,Account,maskedAccNumber,attribute,string,,,yes,
AA (Account Aggregator),bonds,Account,version,attribute,float,,,yes,
AA (Account Aggregator),bonds,Account,type,attribute,string,,,no,
AA (Account Aggregator),bonds,Account.Profile.Holders.Holder,name,attribute,string,,,yes,
AA (Account Aggregator),bonds,Account.Profile.Holders.Holder,dob,attribute,date,,,yes,
AA (Account Aggregator),bonds,Account.Profile.Holders.Holder,mobile,attribute,integer,,,yes,
AA (Account Aggregator),bonds,Account.Profile.Holders.Holder,nominee,attribute,string,REGISTERED|NOT-REGISTERED,,yes,
AA (Account Aggregator),bonds,Account.Profile.Holders.Holder,dematId,attribute,string,,,yes,
AA (Account Aggregator),bonds,Account.Profile.Holders.Holder,landline,attribute,string,,,no,
AA (Account Aggregator),bonds,Account.Profile.Holders.Holder,address,attribute,string,,,no,
AA (Account Aggregator),bonds,Account.Profile.Holders.Holder,email,attribute,string,,[^@]+@[^\.]+\..+,yes,
AA (Account Aggregator),bonds,Account.Profile.Holders.Holder,pan,attribute,string,,[a-zA-Z][a-zA-Z][a-zA-Z][a-zA-Z][a-zA-Z][0-9][0-9][0-9][0-9][a-zA-Z],yes,
AA (Account Aggregator),bonds,Account.Profile.Holders.Holder,ckycCompliance,attribute,boolean,,,yes,
AA (Account Aggregator),bonds,Account.Summary,investmentValue,attribute,float,,,yes,
AA (Account Aggregator),bonds,Account.Summary,currentValue,attribute,float,,,yes,
AA (Account Aggregator),bonds,Account.Summary.Holdings.Holding,scheme,attribute,string,FIXED_INTEREST_RATE|T_NOTES|T_BONDS|OTHERS,,yes,
AA (Account Aggregator),bonds,Account.Summary.Holdings.Holding,isin,attribute,string,,,yes,
AA (Account Aggregator),bonds,Account.Summary.Holdings.Holding,units,attribute,float,,,yes,
AA (Account Aggregator),bonds,Account.Summary.Holdings.Holding,faceValue,attribute,float,,,yes,
AA (Account Aggregator),bonds,Account.Summary.Holdings.Holding,symbol,attribute,string,,,yes,
AA (Account Aggregator),bonds,Account.Summary.Holdings.Holding,issuerName,attribute,string,,,yes,
AA (Account Aggregator),bonds,Account.Summary.Holdings.Holding,description,attribute,string,,,yes,
AA (Account Aggregator),bonds,Account.Summary.Holdings.Holding,creditRating,attribute,string,,,yes,
AA (Account Aggregator),bonds,Account.Summary.Holdings.Holding,creditRatingAgency,attribute,string,,,yes,
AA (Account Aggregator),bonds,Account.Summary.Holdings.Holding,taxable,attribute,boolean,,,yes,
AA (Account Aggregator),bonds,Account.Summary.Holdings.Holding,issueRate,attribute,string,,,yes,
AA (Account Aggregator),bonds,Account.Summary.Holdings.Holding,issueDate,attribute,date,,,yes,
AA (Account Aggregator),bonds,Account.Summary.Holdings.Holding,principleAmount,attribute,float,,,yes,
AA (Account Aggregator),bonds,Account.Summary.Holdings.Holding,tenureYears,attribute,positiveInteger,,,yes,
AA (Account Aggregator),bonds,Account.Summary.Holdings.Holding,tenureMoths,attribute,positiveInteger,,,yes,
AA (Account Aggregator),bonds,Account.Summary.Holdings.Holding,tenureDays,attribute,positiveInteger,,,yes,
AA (Account Aggregator),bonds,Account.Summary.Holdings.Holding,couponRate,attribute,float,,,yes,
AA (Account Aggregator),bonds,Account.Summary.Holdings.Holding,maturityDate,attribute,date,,,yes,
AA (Account Aggregator),bonds,Account.Summary.Holdings.Holding,coupanComputation,attribute,string,SIMPLE|COMPOUND|OTHERS,,yes,
AA (Account Aggregator),bonds,Account.Summary.Holdings.Holding,coupanPaymentDate,attribute,date,,,yes,
AA (Account Aggregator),bonds,Account.Summary.Holdings.Holding,autionDate,attribute,date,,,yes,
AA (Account Aggregator),bonds,Account.Summary.Holdings.Holding,compoundingFrequency,attribute,string,MONTHLY|HALF_YEARLY|YEARLY|OTHERS,,yes,
AA (Account Aggregator),bonds,Account.Summary.Holdings.Holding,interestPayout,attribute,string,MONTHLY|HALF_YEARLY|YEARLY|OTHERS,,yes,
AA (Account Aggregator),bonds,Account.Summary.Holdings.Holding,accruedInterestAmount,attribute,float,,,yes,
AA (Account Aggregator),bonds,Account.Summary.Holdings.Holding,interestOnMaturity,attribute,float,,,yes,
AA (Account Aggregator),bonds,Account.Summary.Holdings.Holding,lastTradedRate,attribute,float,,,yes,
AA (Account Aggregator),bonds,Account.Summary.Holdings.Holding,lastTradedDate,attribute,date,,,yes,
AA (Account Aggregator),bonds,Account.Transactions,endDate,attribute,date,,,yes,
AA (Account Aggregator),bonds,Account.Transactions,startDate,attribute,date,,,yes,
AA (Account Aggregator),bonds,Account.Transactions.Transaction,txnId,attribute,string,,,yes,
AA (Account Aggregator),bonds,Account.Transactions.Transaction,isin,attribute,string,,,yes,
AA (Account Aggregator),bonds,Account.Transactions.Transaction,narration,attribute,string,,,yes,
AA (Account Aggregator),bonds,Account.Transactions.Transaction,transactionDateTime,attribute,dateTime,,,yes,
AA (Account Aggregator),bonds,Account.Transactions.Transaction,rate,attribute,float,,,yes,
AA (Account Aggregator),bonds,Account.Transactions.Transaction,type,attribute,string,BUY|SELL|OTHERS,,yes,
AA (Account Aggregator),bonds,Account.Transactions.Transaction,units,attribute,float,,,yes,
AA (Account Aggregator),bonds,Account.Transactions.Transaction,currency,attribute,string,,,yes,
AA (Account Aggregator),bonds,Account.Transactions.Transaction,tradeValue,attribute,float,,,yes,
AA (Account Aggregator),bonds,Account.Transactions.Transaction,totalCharge,attribute,float,,,yes,
AA (Account Aggregator),bonds,Account.Transactions.Transaction,otherTaxes,attribute,float,,,yes,
AA (Account Aggregator),certificates_of_deposit,Account,linkedAccRef,attribute,string,,,yes,
AA (Account Aggregator),certificates_of_deposit,Account,maskedAccNumber,attribute,string,,,yes,
AA (Account Aggregator),certificates_of_deposit,Account,version,attribute,float,,,yes,
AA (Account Aggregator),certificates_of_deposit,Account,type,attribute,string,,,yes,
AA (Account Aggregator),certificates_of_deposit,Account.Profile.Holders.Holder,name,attribute,string,,,yes,
AA (Account Aggregator),certificates_of_deposit,Account.Profile.Holders.Holder,dob,attribute,date,,,yes,
AA (Account Aggregator),certificates_of_deposit,Account.Profile.Holders.Holder,mobile,attribute,integer,,,yes,
AA (Account Aggregator),certificates_of_deposit,Account.Profile.Holders.Holder,nominee,attribute,string,REGISTERED|NOT-REGISTERED,,yes,
AA (Account Aggregator),certificates_of_deposit,Account.Profile.Holders.Holder,dematId,attribute,string,,,yes,
AA (Account Aggregator),certificates_of_deposit,Account.Profile.Holders.Holder,landline,attribute,string,,,no,
AA (Account Aggregator),certificates_of_deposit,Account.Profile.Holders.Holder,address,attribute,string,,,no,
AA (Account Aggregator),certificates_of_deposit,Account.Profile.Holders.Holder,email,attribute,string,,[^@]+@[^\.]+\..+,yes,
AA (Account Aggregator),certificates_of_deposit,Account.Profile.Holders.Holder,pan,attribute,string,,[a-zA-Z][a-zA-Z][a-zA-Z][a-zA-Z][a-zA-Z][0-9][0-9][0-9][0-9][a-zA-Z],yes,
AA (Account Aggregator),certificates_of_deposit,Account.Profile.Holders.Holder,ckycCompliance,attribute,boolean,,,yes,
AA (Account Aggregator),certificates_of_deposit,Account.Summary,investmentValue,attribute,float,,,yes,
AA (Account Aggregator),certificates_of_deposit,Account.Summary,currentValue,attribute,float,,,yes,
AA (Account Aggregator),certificates_of_deposit,Account.Summary.Holdings,type,attribute,string,,,yes,
AA (Account Aggregator),certificates_of_deposit,Account.Summary.Holdings.Holding,companyName,attribute,string,,,yes,companyName: Name of the company
AA (Account Aggregator),certificates_of_deposit,Account.Summary.Holdings.Holding,isin,attribute,string,,,yes,
AA (Account Aggregator),certificates_of_deposit,Account.Summary.Holdings.Holding,scheme,attribute,string,,,yes,isin: ISIN of the company (this is common for a company listed across multiple exchanges)
AA (Account Aggregator),certificates_of_deposit,Account.Summary.Holdings.Holding,faceValue,attribute,float,,,yes,
AA (Account Aggregator),certificates_of_deposit,Account.Summary.Holdings.Holding,symbol,attribute,string,,,yes,
AA (Account Aggregator),certificates_of_deposit,Account.Summary.Holdings.Holding,issuerName,attribute,string,,,yes,
AA (Account Aggregator),certificates_of_deposit,Account.Summary.Holdings.Holding,description,attribute,string,,,yes,
AA (Account Aggregator),certificates_of_deposit,Account.Summary.Holdings.Holding,issueDate,attribute,date,,,yes,
AA (Account Aggregator),certificates_of_deposit,Account.Summary.Holdings.Holding,tenureYears,attribute,positiveInteger,,,yes,
AA (Account Aggregator),certificates_of_deposit,Account.Summary.Holdings.Holding,tenureMonths,attribute,string,,,yes,
AA (Account Aggregator),certificates_of_deposit,Account.Summary.Holdings.Holding,tenureDays,attribute,positiveInteger,,,yes,
AA (Account Aggregator),certificates_of_deposit,Account.Summary.Holdings.Holding,yield,attribute,positiveInteger,,,yes,
AA (Account Aggregator),certificates_of_deposit,Account.Summary.Holdings.Holding,maturityDate,attribute,date,,,yes,
AA (Account Aggregator),certificates_of_deposit,Account.Summary.Holdings.Holding,lastTradedRate,attribute,float,,,yes,
AA (Account Aggregator),certificates_of_deposit,Account.Summary.Holdings.Holding,lastTradedDate,attribute,date,,,yes,
AA (Account Aggregator),certificates_of_deposit,Account.Transactions,endDate,attribute,date,,,yes,
AA (Account Aggregator),certificates_of_deposit,Account.Transactions,startDate,attribute,date,,,yes,
AA (Account Aggregator),certificates_of_deposit,Account.Transactions.Transaction,txnId,attribute,string,,,yes,
AA (Account Aggregator),certificates_of_deposit,Account.Transactions.Transaction,transactionDateTime,attribute,dateTime,,,yes,
AA (Account Aggregator),certificates_of_deposit,Account.Transactions.Transaction,isin,attribute,string,,,yes,
AA (Account Aggregator),certificates_of_deposit,Account.Transactions.Transaction,narration,attribute,string,,,yes,
AA (Account Aggregator),certificates_of_deposit,Account.Transactions.Transaction,rate,attribute,string,,,yes,
AA (Account Aggregator),certificates_of_deposit,Account.Transactions.Transaction,stt,attribute,string,,,yes,
AA (Account Aggregator),certificates_of_deposit,Account.Transactions.Transaction,type,attribute,string,BUY|SELL|BOUNS|SPLIT| OTHERS,,yes,
AA (Account Aggregator),certificates_of_deposit,Account.Transactions.Transaction,units,attribute,string,,,yes,
AA (Account Aggregator),certificates_of_deposit,Account.Transactions.Transaction,currency,attribute,string,,,yes,
AA (Account Aggregator),certificates_of_deposit,Account.Transactions.Transaction,totalCharge,attribute,string,,,yes,
AA (Account Aggregator),certificates_of_deposit,Account.Transactions.Transaction,tradeValue,attribute,string,,,yes,
AA (Account Aggregator),certificates_of_deposit,Account.Transactions.Transaction,otherTaxes,attribute,string,,,yes,
AA (Account Aggregator),collective_investment_schemes,Account,linkedAccRef,attribute,string,,,yes,
AA (Account Aggregator),collective_investment_schemes,Account,maskedAccNumber,attribute,string,,,yes,
AA (Account Aggregator),collective_investment_schemes,Account,version,attribute,float,,,yes,
AA (Account Aggregator),collective_investment_schemes,Account,type,attribute,string,,,yes,
AA (Account Aggregator),collective_investment_schemes,Account.Profile.Holders.Holder,name,attribute,string,,,yes,
AA (Account Aggregator),collective_investment_schemes,Account.Profile.Holders.Holder,dob,attribute,date,,,yes,
AA (Account Aggregator),collective_investment_schemes,Account.Profile.Holders.Holder,mobile,attribute,string,,,yes,
AA (Account Aggregator),collective_investment_schemes,Account.Profile.Holders.Holder,address,attribute,string,,,no,
AA (Account Aggregator),collective_investment_schemes,Account.Profile.Holders.Holder,landline,attribute,string,,,no,
AA (Account Aggregator),collective_investment_schemes,Account.Profile.Holders.Holder,email,attribute,string,,[^@]+@[^\.]+\..+,yes,
AA (Account Aggregator),collective_investment_schemes,Account.Profile.Holders.Holder,dematId,attribute,string,,,yes,
AA (Account Aggregator),collective_investment_schemes,Account.Profile.Holders.Holder,pan,attribute,string,,[a-zA-Z][a-zA-Z][a-zA-Z][a-zA-Z][a-zA-Z][0-9][0-9][0-9][0-9][a-zA-Z],yes,
AA (Account Aggregator),collective_investment_schemes,Account.Profile.Holders.Holder,ckycCompliance,attribute,boolean,,,yes,
AA (Account Aggregator),collective_investment_schemes,Account.Profile.Holders.Holder,nominee,attribute,string,REGISTERED|NOT-REGISTERED,,yes,
AA (Account Aggregator),collective_investment_schemes,Account.Summary,investmentValue,attribute,float,,,yes,
AA (Account Aggregator),collective_investment_schemes,Account.Summary,currentValue,attribute,float,,,yes,
AA (Account Aggregator),collective_investment_schemes,Account.Summary.Investment.Holdings.Holding,isin,attribute,string,,,yes,
AA (Account Aggregator),collective_investment_schemes,Account.Summary.Investment.Holdings.Holding,ucc,attribute,string,,,yes,
AA (Account Aggregator),collective_investment_schemes,Account.Summary.Investment.Holdings.Holding,folioNo,attribute,string,,,yes,
AA (Account Aggregator),collective_investment_schemes,Account.Summary.Investment.Holdings.Holding,mode,attribute,string,DEMAT|PHYSICAL,,yes,
AA (Account Aggregator),collective_investment_schemes,Account.Summary.Investment.Holdings.Holding,units,attribute,float,,,yes,
AA (Account Aggregator),collective_investment_schemes,Account.Summary.Investment.Holdings.Holding,closingUnits,attribute,float,,,yes,
AA (Account Aggregator),collective_investment_schemes,Account.Summary.Investment.Holdings.Holding,rate,attribute,float,,,yes,
AA (Account Aggregator),collective_investment_schemes,Account.Summary.Investment.Holdings.Holding,nav,attribute,float,,,yes,
AA (Account Aggregator),collective_investment_schemes,Account.Transactions,endDate,attribute,date,,,yes,
AA (Account Aggregator),collective_investment_schemes,Account.Transactions,startDate,attribute,date,,,yes,
AA (Account Aggregator),collective_investment_schemes,Account.Transactions.Transaction,txnId,attribute,string,,,yes,
AA (Account Aggregator),collective_investment_schemes,Account.Transactions.Transaction,transactionDateTime,attribute,dateTime,,,yes,
AA (Account Aggregator),collective_investment_schemes,Account.Transactions.Transaction,schemeCode,attribute,string,,,yes,
AA (Account Aggregator),collective_investment_schemes,Account.Transactions.Transaction,isin,attribute,string,,,yes,
AA (Account Aggregator),collective_investment_schemes,Account.Transactions.Transaction,dividendType,attribute,string,INTERIM-DIVIDENT|FINAL-DIVIDENT,,yes,
AA (Account Aggregator),collective_investment_schemes,Account.Transactions.Transaction,ucc,attribute,string,,,yes,
AA (Account Aggregator),collective_investment_schemes,Account.Transactions.Transaction,amount,attribute,float,,,yes,
AA (Account Aggregator),collective_investment_schemes,Account.Transactions.Transaction,closingUnits,attribute,float,,,yes,
AA (Account Aggregator),collective_investment_schemes,Account.Transactions.Transaction,nav,attribute,float,,,yes,
AA (Account Aggregator),collective_investment_schemes,Account.Transactions.Transaction,navDate,attribute,date,,,yes,
AA (Account Aggregator),collective_investment_schemes,Account.Transactions.Transaction,type,attribute,string,AMALGAMATION|BONUS| BUY-BACK|CAPITAL-REDUCTION_or_CONSOLIDATION-OF-SHARES|CONVERSION-OF-DEBENTURES-INTO-SHARES|DEMERGER|DIVIDEND|OPEN-OFFER|RIGHTS-ISSUE|STOCK-SPLIT|OTHERS,,yes,
AA (Account Aggregator),collective_investment_schemes,Account.Transactions.Transaction,orderDate,attribute,date,,,yes,
AA (Account Aggregator),collective_investment_schemes,Account.Transactions.Transaction,executionDate,attribute,date,,,yes,
AA (Account Aggregator),collective_investment_schemes,Account.Transactions.Transaction,mode,attribute,string,DEMAT|PHYSICAL,,yes,
AA (Account Aggregator),collective_investment_schemes,Account.Transactions.Transaction,otherTaxes,attribute,float,,,no,
AA (Account Aggregator),collective_investment_schemes,Account.Transactions.Transaction,narration,attribute,string,,,no,
AA (Account Aggregator),commercial_paper,Account,maskedAccNumber,attribute,string,,,yes,
AA (Account Aggregator),commercial_paper,Account,linkedAccRef,attribute,string,,,yes,
AA (Account Aggregator),commercial_paper,Account,version,attribute,float,,,yes,
AA (Account Aggregator),commercial_paper,Account,type,attribute,string,,,yes,
AA (Account Aggregator),commercial_paper,Account.Profile.Holders.Holder,name,attribute,string,,,yes,Name of primary holder operating the account
AA (Account Aggregator),commercial_paper,Account.Profile.Holders.Holder,dob,attribute,date,,,yes,Date of birth of primary account holder
AA (Account Aggregator),commercial_paper,Account.Profile.Holders.Holder,mobile,attribute,integer,,,yes,Primary mobile number of account holder
AA (Account Aggregator),commercial_paper,Account.Profile.Holders.Holder,nominee,attribute,string,REGISTERED|NOT-REGISTERED,,yes,Name of nominee associated with the account
AA (Account Aggregator),commercial_paper,Account.Profile.Holders.Holder,dematId,attribute,string,,,yes,Demat ID assigned or issued to investor
AA (Account Aggregator),commercial_paper,Account.Profile.Holders.Holder,landline,attribute,string,,,no,Landline of primary account holder
AA (Account Aggregator),commercial_paper,Account.Profile.Holders.Holder,address,attribute,string,,,no,Address of primary account holder
AA (Account Aggregator),commercial_paper,Account.Profile.Holders.Holder,email,attribute,string,,[^@]+@[^\.]+\..+,yes,Email ID of primary account holder
AA (Account Aggregator),commercial_paper,Account.Profile.Holders.Holder,pan,attribute,string,,[a-zA-Z][a-zA-Z][a-zA-Z][a-zA-Z][a-zA-Z][0-9][0-9][0-9][0-9][a-zA-Z],yes,PAN number of primary account holder
AA (Account Aggregator),commercial_paper,Account.Profile.Holders.Holder,ckycCompliance,attribute,boolean,,,yes,KYC status whether its completed or pending
AA (Account Aggregator),commercial_paper,Account.Summary,investmentValue,attribute,float,,,yes,Principal or Actual amount of investment
AA (Account Aggregator),commercial_paper,Account.Summary,currentValue,attribute,float,,,yes,Current value of investment as on date
AA (Account Aggregator),commercial_paper,Account.Summary.Investment.Holdings.Holding,scheme,attribute,string,FIXED_INTEREST_RATE|T_NOTES|T_BONDS|OTHERS,,yes,Scheme in which investment made in commerical paper
AA (Account Aggregator),commercial_paper,Account.Summary.Investment.Holdings.Holding,investmentValue,attribute,float,,,yes,Principal or Actual amount of investment
AA (Account Aggregator),commercial_paper,Account.Summary.Investment.Holdings.Holding,currentValue,attribute,float,,,yes,Current value of investment as on date
AA (Account Aggregator),commercial_paper,Account.Summary.Investment.Holdings.Holding,isin,attribute,string,,,yes,International Securities Identification Number (ISIN) uniquely identifies a security
AA (Account Aggregator),commercial_paper,Account.Summary.Investment.Holdings.Holding,units,attribute,float,,,yes,Units allotted in folio till date
AA (Account Aggregator),commercial_paper,Account.Summary.Investment.Holdings.Holding,faceValue,attribute,float,,,yes,Face value on which investment made in commercial paper
AA (Account Aggregator),commercial_paper,Account.Summary.Investment.Holdings.Holding,symbol,attribute,string,,,yes,Symbol of the securities in which investment made and hold by investor
AA (Account Aggregator),commercial_paper,Account.Summary.Investment.Holdings.Holding,description,attribute,string,,,yes,Description of security in which investment made
AA (Account Aggregator),commercial_paper,Account.Summary.Investment.Holdings.Holding,issuerName,attribute,string,,,yes,Name of issuer who issued the commercial paper
AA (Account Aggregator),commercial_paper,Account.Summary.Investment.Holdings.Holding,creditRating,attribute,string,,,yes,Rating of the fund invested assigned by credit rating agencies
AA (Account Aggregator),commercial_paper,Account.Summary.Investment.Holdings.Holding,creditRatingAgency,attribute,string,,,yes,Name of rating agency who had rated the fund
AA (Account Aggregator),commercial_paper,Account.Summary.Investment.Holdings.Holding,issueDate,attribute,date,,,yes,Date when commercial paper issued to investor
AA (Account Aggregator),commercial_paper,Account.Summary.Investment.Holdings.Holding,principalAmount,attribute,float,,,yes,Principal or Actual amount of investment
AA (Account Aggregator),commercial_paper,Account.Summary.Investment.Holdings.Holding,tenureYears,attribute,positiveInteger,,,yes,Years which are passed since investment made
AA (Account Aggregator),commercial_paper,Account.Summary.Investment.Holdings.Holding,tenureMonths,attribute,positiveInteger,,,yes,Months which are passed since investment made
AA (Account Aggregator),commercial_paper,Account.Summary.Investment.Holdings.Holding,tenureDays,attribute,positiveInteger,,,yes,Days which are passed since investment made
AA (Account Aggregator),commercial_paper,Account.Summary.Investment.Holdings.Holding,maturityDate,attribute,date,,,yes,Maturity date of investment in commercial paper
AA (Account Aggregator),commercial_paper,Account.Summary.Investment.Holdings.Holding,auctionDate,attribute,date,,,yes,Date when auction taken place for particular investment security
AA (Account Aggregator),commercial_paper,Account.Transactions,startDate,attribute,date,,,yes,Start date of investment since when it is applicable
AA (Account Aggregator),commercial_paper,Account.Transactions,endDate,attribute,date,,,yes,End date of investment when tenure get complete
AA (Account Aggregator),commercial_paper,Account.Transactions.Transaction,txnId,attribute,string,,,yes,Transaction ID recorded or captured for investment made
AA (Account Aggregator),commercial_paper,Account.Transactions.Transaction,isin,attribute,string,,,yes,International Securities Identification Number (ISIN) uniquely identifies a security.
AA (Account Aggregator),commercial_paper,Account.Transactions.Transaction,narration,attribute,string,,,yes,Nararation is additional details in form of decription of remark associated with investment
AA (Account Aggregator),commercial_paper,Account.Transactions.Transaction,transactionDateTime,attribute,dateTime,,,yes,Transaction date time stamp for particular record when investment taken place
AA (Account Aggregator),commercial_paper,Account.Transactions.Transaction,rate,attribute,float,,,yes,Rate or net price on which investment made in security
AA (Account Aggregator),commercial_paper,Account.Transactions.Transaction,type,attribute,string,BUY|SELL|OTHERS,,yes,"Type of transaction whether Buy/Sell, etc"
AA (Account Aggregator),commercial_paper,Account.Transactions.Transaction,units,attribute,float,,,yes,Units which are alloted in the portfolio of investor
AA (Account Aggregator),commercial_paper,Account.Transactions.Transaction,currency,attribute,string,,,yes,Currency in which transaction taken place
AA (Account Aggregator),commercial_paper,Account.Transactions.Transaction,tradeValue,attribute,float,,,yes,Trade value of investment as per market price
AA (Account Aggregator),commercial_paper,Account.Transactions.Transaction,totalCharge,attribute,float,,,yes,"Total charges includes finance charge, STT or other taxes/charge implied on investment"
AA (Account Aggregator),commercial_paper,Account.Transactions.Transaction,otherTaxes,attribute,float,,,yes,Additonal or any type of tax chareged on the investment
AA (Account Aggregator),credit_card,Account,maskedAccNumber,attribute,string,,,yes,
AA (Account Aggregator),credit_card,Account,linkedAccRef,attribute,string,,,yes,
AA (Account Aggregator),credit_card,Account,version,attribute,float,,,yes,
AA (Account Aggregator),credit_card,Account,type,attribute,string,,,yes,
AA (Account Aggregator),credit_card,Account.Profile.Holders.Holder,name,attribute,string,,,yes,Name of Profile holder to whom card is issued.
AA (Account Aggregator),credit_card,Account.Profile.Holders.Holder,dob,attribute,date,,,yes,Date of birth of primary account holder.
AA (Account Aggregator),credit_card,Account.Profile.Holders.Holder,mobile,attribute,integer,,,yes,Mobile number of primary holder.
AA (Account Aggregator),credit_card,Account.Profile.Holders.Holder,nominee,attribute,string,REGISTERED|NOT-REGISTERED,,yes,Name of nominee associated with the account.
AA (Account Aggregator),credit_card,Account.Profile.Holders.Holder,landline,attribute,string,,,no,Landline number of primary holder.
AA (Account Aggregator),credit_card,Account.Profile.Holders.Holder,address,attribute,string,,,no,Address of primary holder.
AA (Account Aggregator),credit_card,Account.Profile.Holders.Holder,email,attribute,string,,[^@]+@[^\.]+\..+,yes,Email ID of primary account holder
AA (Account Aggregator),credit_card,Account.Profile.Holders.Holder,pan,attribute,string,,[a-zA-Z][a-zA-Z][a-zA-Z][a-zA-Z][a-zA-Z][0-9][0-9][0-9][0-9][a-zA-Z],yes,PAN number of primary account holder
AA (Account Aggregator),credit_card,Account.Profile.Holders.Holder,ckycCompliance,attribute,boolean,,,yes,KYC status whether its completed or pending
AA (Account Aggregator),credit_card,Account.Profile.Holders.Holder.Cards.Card,cardType,attribute,string,MASTER_CARD|VISA|RUPAY|OTHERS,,yes,"Type of credit card - RuPay, Visa, Mastercard, etc"
AA (Account Aggregator),credit_card,Account.Profile.Holders.Holder.Cards.Card,primary,attribute,string,YES|NO,,yes,Name of Profile holder to whom card is issued
AA (Account Aggregator),credit_card,Account.Profile.Holders.Holder.Cards.Card,issuedDate,attribute,date,,,yes,Issue date of credit card
AA (Account Aggregator),credit_card,Account.Profile.Holders.Holder.Cards.Card,maskedCardNumber,attribute,string,,,yes,The credit card number with some of the numbers masked
AA (Account Aggregator),credit_card,Account.Summary,currentDue,attribute,float,,,yes,Current month outstanding balance on the credit card hold
AA (Account Aggregator),credit_card,Account.Summary,lastStatementDate,attribute,date,,,yes,Date of last statement generated
AA (Account Aggregator),credit_card,Account.Summary,dueDate,attribute,date,,,yes,Due date for the oustanding amount which need to pay
AA (Account Aggregator),credit_card,Account.Summary,previousDueAmount,attribute,float,,,yes,Previous month outstanding balance
AA (Account Aggregator),credit_card,Account.Summary,totalDueAmount,attribute,float,,,yes,Total outstanding balance due or need to pay.
AA (Account Aggregator),credit_card,Account.Summary,minDueAmount,attribute,float,,,yes,Minimum balance which need to paid.
AA (Account Aggregator),credit_card,Account.Summary,creditLimit,attribute,float,,,yes,Total Credit Limit of cardholder.
AA (Account Aggregator),credit_card,Account.Summary,cashLimit,attribute,float,,,yes,Total Cash Limit of cardholder.
AA (Account Aggregator),credit_card,Account.Summary,availableCredit,attribute,float,,,yes,Available Credit Limit in the account.
AA (Account Aggregator),credit_card,Account.Summary,loyaltyPoints,attribute,positiveInteger,,,yes,Loyalty Point earned on the transaction conducted
AA (Account Aggregator),credit_card,Account.Summary,financeCharges,attribute,float,,,yes,Finance charges implied by company if applicable
AA (Account Aggregator),credit_card,Account.Transactions,startDate,attribute,date,,,yes,Start date of investment since when it is applicable
AA (Account Aggregator),credit_card,Account.Transactions,endDate,attribute,date,,,yes,End date of investment when tenure get complete
AA (Account Aggregator),credit_card,Account.Transactions.Transaction,txnId,attribute,string,,,yes,Transaction ID recorded or captured for investment made
AA (Account Aggregator),credit_card,Account.Transactions.Transaction,txnType,attribute,string,DEBIT|CREDIT,,yes,Type of transaction whether debit or credit.
AA (Account Aggregator),credit_card,Account.Transactions.Transaction,txnDate,attribute,date,,,yes,Transaction date time stamp for particular record when investment taken place
AA (Account Aggregator),credit_card,Account.Transactions.Transaction,amount,attribute,float,,,yes,The transaction amount
AA (Account Aggregator),credit_card,Account.Transactions.Transaction,valueDate,attribute,date,,,yes,Available balance or value as on date
AA (Account Aggregator),credit_card,Account.Transactions.Transaction,narration,attribute,string,,,yes,Nararation is additional details in form of decription of remark associated with investment.
AA (Account Aggregator),credit_card,Account.Transactions.Transaction,statementDate,attribute,date,,,yes,Statement Generated Date.
AA (Account Aggregator),credit_card,Account.Transactions.Transaction,mcc,attribute,string,,,yes,Merchant category code for the given transaction
AA (Account Aggregator),credit_card,Account.Transactions.Transaction,maskedCardNumber,attribute,string,,,yes,The credit card number with some of the numbers masked.
AA (Account Aggregator),debentures,Account,linkedAccRef,attribute,string,,,yes,
AA (Account Aggregator),debentures,Account,maskedAccNumber,attribute,string,,,yes,
AA (Account Aggregator),debentures,Account,version,attribute,float,,,yes,
AA (Account Aggregator),debentures,Account,type,attribute,string,,,no,
AA (Account Aggregator),debentures,Account.Profile.Holders.Holder,name,attribute,string,,,yes,Name of primary holder operating the account
AA (Account Aggregator),debentures,Account.Profile.Holders.Holder,dob,attribute,date,,,yes,Date of birth of primary account holder
AA (Account Aggregator),debentures,Account.Profile.Holders.Holder,mobile,attribute,integer,,,yes,Primary mobile number of account holder
AA (Account Aggregator),debentures,Account.Profile.Holders.Holder,nominee,attribute,string,REGISTERED|NOT-REGISTERED,,yes,Name of nominee associated with the account
AA (Account Aggregator),debentures,Account.Profile.Holders.Holder,dematId,attribute,string,,,yes,Demat ID assigned or issued to investor
AA (Account Aggregator),debentures,Account.Profile.Holders.Holder,landline,attribute,string,,,no,Landline of primary account holder
AA (Account Aggregator),debentures,Account.Profile.Holders.Holder,address,attribute,string,,,no,Adderess of primary account holder
AA (Account Aggregator),debentures,Account.Profile.Holders.Holder,email,attribute,string,,[^@]+@[^\.]+\..+,yes,Email ID of primary account holder
AA (Account Aggregator),debentures,Account.Profile.Holders.Holder,pan,attribute,string,,[a-zA-Z][a-zA-Z][a-zA-Z][a-zA-Z][a-zA-Z][0-9][0-9][0-9][0-9][a-zA-Z],yes,PAN number of primary account holder
AA (Account Aggregator),debentures,Account.Profile.Holders.Holder,ckycCompliance,attribute,boolean,,,yes,KYC status whether its completed or pending
AA (Account Aggregator),debentures,Account.Summary,investmentValue,attribute,float,,,yes,Principal or Actual amount of investment
AA (Account Aggregator),debentures,Account.Summary,currentValue,attribute,float,,,yes,Current value of investment as on date
AA (Account Aggregator),debentures,Account.Summary.Holdings.Holding,isin,attribute,string,,,yes,International Securities Identification Number (ISIN) uniquely identifies a security.
AA (Account Aggregator),debentures,Account.Summary.Holdings.Holding,units,attribute,float,,,yes,Units allotted in folio till date
AA (Account Aggregator),debentures,Account.Summary.Holdings.Holding,faceValue,attribute,string,,,yes,Face value on which investment made in debentures
AA (Account Aggregator),debentures,Account.Summary.Holdings.Holding,coupon,attribute,string,,,yes,Interest rate of the debenture
AA (Account Aggregator),debentures,Account.Summary.Holdings.Holding,fixedIncomePortfolio,attribute,string,,,yes,
AA (Account Aggregator),debentures,Account.Summary.Holdings.Holding,symbol,attribute,string,,,yes,Symbol of the securities in which investment made and hold by investor
AA (Account Aggregator),debentures,Account.Summary.Holdings.Holding,issuerName,attribute,string,,,yes,Name of party who issued the debenture in which investment made
AA (Account Aggregator),debentures,Account.Summary.Holdings.Holding,description,attribute,string,,,yes,Description or details of security in which investment made
AA (Account Aggregator),debentures,Account.Summary.Holdings.Holding,creditRating,attribute,string,,,yes,Rating of the fund invested assigned by credit rating agencies
AA (Account Aggregator),debentures,Account.Summary.Holdings.Holding,taxable,attribute,string,YES|NO,,yes,Status whether investment is taxable or not
AA (Account Aggregator),debentures,Account.Summary.Holdings.Holding,issueDate,attribute,date,,,yes,Issue date on which investment made in particular security
AA (Account Aggregator),debentures,Account.Summary.Holdings.Holding,principalAmount,attribute,string,,,yes,Principal or Actual amount of investment
AA (Account Aggregator),debentures,Account.Summary.Holdings.Holding,tenureDays,attribute,string,,,yes,Days which are passed since investment made
AA (Account Aggregator),debentures,Account.Summary.Holdings.Holding,tenureMonths,attribute,string,,,yes,Months which are passed since investment made
AA (Account Aggregator),debentures,Account.Summary.Holdings.Holding,tenureYears,attribute,string,,,yes,Years which are passed since investment made
AA (Account Aggregator),debentures,Account.Summary.Holdings.Holding,yield,attribute,float,,,yes,The amount to be paid out to the debenture holder at the end of the term for which the CD was issued.
AA (Account Aggregator),debentures,Account.Summary.Holdings.Holding,maturityDate,attribute,date,,,yes,Date of maturity for investment
AA (Account Aggregator),debentures,Account.Summary.Holdings.Holding,lastTradedRate,attribute,float,,,yes,Last rate on which security traded in the open market
AA (Account Aggregator),debentures,Account.Summary.Holdings.Holding,lastTradedDate,attribute,date,,,yes,Date of secuirties on which last trade happened
AA (Account Aggregator),debentures,Account.Transactions,startDate,attribute,date,,,yes,Start date of investment since when it is applicable
AA (Account Aggregator),debentures,Account.Transactions,endDate,attribute,date,,,yes,End date of investment when tenure get complete
AA (Account Aggregator),debentures,Account.Transactions.Transaction,txnId,attribute,string,,,yes,Transaction ID recorded or captured for investment made
AA (Account Aggregator),debentures,Account.Transactions.Transaction,isin,attribute,string,,,yes,International Securities Identification Number (ISIN) uniquely identifies a security.
AA (Account Aggregator),debentures,Account.Transactions.Transaction,narration,attribute,string,,,no,Nararation is additional details in form of decription of remark associated with investment
AA (Account Aggregator),debentures,Account.Transactions.Transaction,transactionDateTime,attribute,dateTime,,,yes,Transaction date time stamp for particular record when investment taken place
AA (Account Aggregator),debentures,Account.Transactions.Transaction,rate,attribute,float,,,yes,Rate or net price on which investment made in security
AA (Account Aggregator),debentures,Account.Transactions.Transaction,type,attribute,string,OPENING|INTEREST|TDS|INSTALLMENT|CLOSING|OTHERS,,yes,"Type of transaction whether Buy/Sell, etc"
AA (Account Aggregator),debentures,Account.Transactions.Transaction,units,attribute,float,,,yes,Units which are alloted in the portfolio of investor
AA (Account Aggregator),debentures,Account.Transactions.Transaction,currency,attribute,string,,,yes,Currency in which transaction taken place
AA (Account Aggregator),debentures,Account.Transactions.Transaction,tradeValue,attribute,float,,,yes,Trade value of investment as per market price
AA (Account Aggregator),debentures,Account.Transactions.Transaction,totalCharge,attribute,float,,,yes,"Total charges includes finance charge, STT or other taxes/charge implied on investment"
AA (Account Aggregator),debentures,Account.Transactions.Transaction,otherTaxes,attribute,float,,,yes,Additonal or any type of tax chareged on the investment
AA (Account Aggregator),deposit,Account,type,attribute,string,,,yes,
AA (Account Aggregator),deposit,Account,maskedAccNumber,attribute,string,,,yes,
AA (Account Aggregator),deposit,Account,version,attribute,float,,,yes,
AA (Account Aggregator),deposit,Account,linkedAccRef,attribute,string,,,yes,
AA (Account Aggregator),deposit,Account.Profile.Holders,type,attribute,string,SINGLE|JOINT,,yes,Type of account held by an individual whether its single or jointly operated.
AA (Account Aggregator),deposit,Account.Profile.Holders.Holder,name,attribute,string,,,yes,Name of primary account holder
AA (Account Aggregator),deposit,Account.Profile.Holders.Holder,dob,attribute,date,,,yes,date of birth of account holder
AA (Account Aggregator),deposit,Account.Profile.Holders.Holder,mobile,attribute,integer,,,yes,Primary mobile number of account holder.
AA (Account Aggregator),deposit,Account.Profile.Holders.Holder,nominee,attribute,string,REGISTERED|NOT-REGISTERED,,yes,Status of nominee registred with the account.
AA (Account Aggregator),deposit,Account.Profile.Holders.Holder,landline,attribute,string,,,no,Landline number of account holder.
AA (Account Aggregator),deposit,Account.Profile.Holders.Holder,address,attribute,string,,,no,Address of account holder.
AA (Account Aggregator),deposit,Account.Profile.Holders.Holder,email,attribute,string,,[^@]+@[^\.]+\..+,no,Email ID of primary account holder.
AA (Account Aggregator),deposit,Account.Profile.Holders.Holder,pan,attribute,string,,[a-zA-Z][a-zA-Z][a-zA-Z][a-zA-Z][a-zA-Z][0-9][0-9][0-9][0-9][a-zA-Z],no,PAN number of primary account holder.
AA (Account Aggregator),deposit,Account.Profile.Holders.Holder,ckycCompliance,attribute,boolean,,,no,KYC status whether its completed or pending
AA (Account Aggregator),deposit,Account.Summary,currentBalance,attribute,string,,,yes,Available Balance.
AA (Account Aggregator),deposit,Account.Summary,currency,attribute,string,,,no,Currency in which transaction taken place.
AA (Account Aggregator),deposit,Account.Summary,exchgeRate,attribute,string,,,no,Currency conversion exchange rate for the day.
AA (Account Aggregator),deposit,Account.Summary,balanceDateTime,attribute,dateTime,,,yes,Date and time stamp for which current balance recorded.
AA (Account Aggregator),deposit,Account.Summary,type,attribute,string,SAVINGS|CURRENT,,yes,Type of account whether is saving or current
AA (Account Aggregator),deposit,Account.Summary,branch,attribute,string,,,yes,Location of branch where investment was made
AA (Account Aggregator),deposit,Account.Summary,facility,attribute,string,OD|CC,,no,Additional facility like Overdraft or Sweep In applicable for the given account.
AA (Account Aggregator),deposit,Account.Summary,ifscCode,attribute,string,,,yes,IFSC code of the issued bank branch
AA (Account Aggregator),deposit,Account.Summary,micrCode,attribute,string,,,yes,MICR code is uniquely identifies a bank and a branch participating in an ECS.
AA (Account Aggregator),deposit,Account.Summary,openingDate,attribute,date,,,yes,Opening date of the deposit account
AA (Account Aggregator),deposit,Account.Summary,currentODLimit,attribute,string,,,no,"The portion of the sanctioned limit that is available to be drawn, as of this point in time"
AA (Account Aggregator),deposit,Account.Summary,drawingLimit,attribute,string,,,no,"Sanctioned limit (overall limit given by the bank, on the OD/CC facility)."
AA (Account Aggregator),deposit,Account.Summary,status,attribute,string,ACTIVE|INACTIVE,,yes,"An account status with either active or inactive. An inactive account includes the dormant, inactive, or closed account."
AA (Account Aggregator),deposit,Account.Summary.Pending,transactionType,attribute,string,CREDIT|DEBIT,,no,The amount invested or to be invested in deposits such as Fixed or Recurring.
AA (Account Aggregator),deposit,Account.Summary.Pending,amount,attribute,float,,,yes,Pending amount
AA (Account Aggregator),deposit,Account.Transactions,startDate,attribute,date,,,yes,Start date of transaction or period for which details are require.
AA (Account Aggregator),deposit,Account.Transactions,endDate,attribute,date,,,yes,End date of transaction or period for which details are require.
AA (Account Aggregator),deposit,Account.Transactions.Transaction,type,attribute,string,CREDIT|DEBIT,,yes,Type of account transaction either debit or credit
AA (Account Aggregator),deposit,Account.Transactions.Transaction,mode,attribute,string,CASH|ATM|CARD|UPI|FT|OTHERS,,yes,Mode of investment captured whether online/demat or physical form.
AA (Account Aggregator),deposit,Account.Transactions.Transaction,amount,attribute,float,,,yes,Amount of transaction.
AA (Account Aggregator),deposit,Account.Transactions.Transaction,currentBalance,attribute,string,,,yes,Available balance.
AA (Account Aggregator),deposit,Account.Transactions.Transaction,transactionTimestamp,attribute,dateTime,,,yes,Transaction date time stamp for particular record when transaction taken place
AA (Account Aggregator),deposit,Account.Transactions.Transaction,valueDate,attribute,date,,,yes,
AA (Account Aggregator),deposit,Account.Transactions.Transaction,txnId,attribute,string,,,yes,Unique id of the transaction
AA (Account Aggregator),deposit,Account.Transactions.Transaction,narration,attribute,string,,,yes,Nararation is additional details in form of decription of remark associated with investment.
AA (Account Aggregator),deposit,Account.Transactions.Transaction,reference,attribute,string,,,yes,The cheque or reference no for the given transaction.
AA (Account Aggregator),employee_provident_fund,Account,maskedAccNumber,attribute,string,,,yes,
AA (Account Aggregator),employee_provident_fund,Account,linkedAccRef,attribute,string,,,yes,
AA (Account Aggregator),employee_provident_fund,Account,version,attribute,float,,,yes,
AA (Account Aggregator),employee_provident_fund,Account,type,attribute,string,,,yes,
AA (Account Aggregator),employee_provident_fund,Account.Profile.Holders.Holder,name,attribute,string,,,yes,Name of primary holder operating the account.
AA (Account Aggregator),employee_provident_fund,Account.Profile.Holders.Holder,dob,attribute,date,,,yes,Date of birth of primary account holder.
AA (Account Aggregator),employee_provident_fund,Account.Profile.Holders.Holder,mobile,attribute,integer,,,yes,Primary mobile number of account holder.
AA (Account Aggregator),employee_provident_fund,Account.Profile.Holders.Holder,nominee,attribute,string,REGISTERED|NOT-REGISTERED,,yes,Name of nominee associated with the account.
AA (Account Aggregator),employee_provident_fund,Account.Profile.Holders.Holder,landline,attribute,string,,,no,Landline number of account holder.
AA (Account Aggregator),employee_provident_fund,Account.Profile.Holders.Holder,address,attribute,string,,,no,Address of account holder.
AA (Account Aggregator),employee_provident_fund,Account.Profile.Holders.Holder,email,attribute,string,,[^@]+@[^\.]+\..+,yes,Email of account holder.
AA (Account Aggregator),employee_provident_fund,Account.Profile.Holders.Holder,pan,attribute,string,,[a-zA-Z][a-zA-Z][a-zA-Z][a-zA-Z][a-zA-Z][0-9][0-9][0-9][0-9][a-zA-Z],yes,PAN number of primary account holder
AA (Account Aggregator),employee_provident_fund,Account.Profile.Holders.Holder,ckycCompliance,attribute,boolean,,,yes,KYC status whether its completed or pending
AA (Account Aggregator),employee_provident_fund,Account.Profile.Holders.Holder,uan,attribute,string,,,no,
AA (Account Aggregator),employee_provident_fund,Account.Summary,currentBalance,attribute,float,,,yes,Current available balance in EPF account.
AA (Account Aggregator),employee_provident_fund,Account.Summary,openingDate,attribute,date,,,yes,Opening date of EPF account
AA (Account Aggregator),employee_provident_fund,Account.Summary,establishmentId,attribute,string,,,yes,Establishement Trust ID under which company providing PF is registered.
AA (Account Aggregator),employee_provident_fund,Account.Summary,establishmentName,attribute,string,,,yes,Establishement Trust Name under which company providing PF is registered.
AA (Account Aggregator),employee_provident_fund,Account.Summary,employerBalance,attribute,float,,,yes,Balance contributed by employer.
AA (Account Aggregator),employee_provident_fund,Account.Summary,employeeBalance,attribute,float,,,yes,Balance contributed by employee.
AA (Account Aggregator),employee_provident_fund,Account.Summary,totalBalance,attribute,float,,,yes,Net Balance available in the epf account of investor
AA (Account Aggregator),employee_provident_fund,Account.Transactions,startDate,attribute,,,,yes,Start date of investment since when it is applicable.
AA (Account Aggregator),employee_provident_fund,Account.Transactions,endDate,attribute,,,,yes,End date of investment when tenure get complete
AA (Account Aggregator),employee_provident_fund,Account.Transactions.Transaction,txnId,attribute,string,,,yes,Transaction ID recorded or captured for investment made.
AA (Account Aggregator),employee_provident_fund,Account.Transactions.Transaction,txnDate,attribute,date,,,yes,Transaction date time stamp for particular record when investment taken place.
AA (Account Aggregator),employee_provident_fund,Account.Transactions.Transaction,narration,attribute,string,,,yes,Nararation is additional details in form of decription of remark associated with investment.
AA (Account Aggregator),employee_provident_fund,Account.Transactions.Transaction,type,attribute,string,DEPOSIT|WITHDRAWAL|INTEREST|TRANSFER_IN|TRANSFER_OUT|ADJUSTMENT|OTHERS,,yes,"Type of transaction - contribution, adjustment, etc."
AA (Account Aggregator),employee_provident_fund,Account.Transactions.Transaction,employeeDepositAmount,attribute,float,,,yes,Amount of PF deposit by employee
AA (Account Aggregator),employee_provident_fund,Account.Transactions.Transaction,employerDepositAmount,attribute,float,,,yes,Amount of PF deposit by employer.
AA (Account Aggregator),employee_provident_fund,Account.Transactions.Transaction,employeeWithdrawalAmount,attribute,float,,,yes,Amount of PF withdrawn by employee.
AA (Account Aggregator),employee_provident_fund,Account.Transactions.Transaction,employerWithdrawalAmount,attribute,float,,,yes,Amount of PF withdrawn by employer
AA (Account Aggregator),employee_provident_fund,Account.Transactions.Transaction,pensionFundAmount,attribute,float,,,yes,.Amount of pension fund available at the time of retirement
AA (Account Aggregator),equity_shares,Account,linkedAccRef,attribute,string,,,yes,
AA (Account Aggregator),equity_shares,Account,maskedAccNumber,attribute,string,,,yes,
AA (Account Aggregator),equity_shares,Account,version,attribute,float,,,yes,
AA (Account Aggregator),equity_shares,Account,type,attribute,string,,,yes,
AA (Account Aggregator),equity_shares,Account.Profile.Holders.Holder,name,attribute,string,,,yes,Name of primary holder operating the account
AA (Account Aggregator),equity_shares,Account.Profile.Holders.Holder,dob,attribute,date,,,yes,Date of birth of primary account holder
AA (Account Aggregator),equity_shares,Account.Profile.Holders.Holder,mobile,attribute,integer,,,yes,Primary mobile number of account holder
AA (Account Aggregator),equity_shares,Account.Profile.Holders.Holder,nominee,attribute,string,REGISTERED|NOT-REGISTERED,,yes,Name of nominee associated with the account
AA (Account Aggregator),equity_shares,Account.Profile.Holders.Holder,dematId,attribute,string,,,yes,Demat ID assigned or issued to investor
AA (Account Aggregator),equity_shares,Account.Profile.Holders.Holder,landline,attribute,string,,,no,Landline of primary account holder
AA (Account Aggregator),equity_shares,Account.Profile.Holders.Holder,address,attribute,string,,,no,Address of primary account holder
AA (Account Aggregator),equity_shares,Account.Profile.Holders.Holder,email,attribute,string,,[^@]+@[^\.]+\..+,yes,Email ID of primary account holder
AA (Account Aggregator),equity_shares,Account.Profile.Holders.Holder,pan,attribute,string,,[a-zA-Z][a-zA-Z][a-zA-Z][a-zA-Z][a-zA-Z][0-9][0-9][0-9][0-9][a-zA-Z],yes,PAN number of primary account holder
AA (Account Aggregator),equity_shares,Account.Profile.Holders.Holder,ckycCompliance,attribute,boolean,,,yes,KYC status whether its completed or pending
AA (Account Aggregator),equity_shares,Account.Summary,investmentValue,attribute,float,,,yes,Principal or Actual amount of investment
AA (Account Aggregator),equity_shares,Account.Summary,currentValue,attribute,float,,,yes,Current value of investment as on date
AA (Account Aggregator),equity_shares,Account.Summary.Investment.Holdings,type,attribute,string,DEMAT|PHYSICAL,,yes,
AA (Account Aggregator),equity_shares,Account.Summary.Investment.Holdings.Holding,issuerName,attribute,string,,,yes,Name of party who issued the equities in which investment made
AA (Account Aggregator),equity_shares,Account.Summary.Investment.Holdings.Holding,isin,attribute,string,,,yes,International Securities Identification Number (ISIN) uniquely identifies a security.
AA (Account Aggregator),equity_shares,Account.Summary.Investment.Holdings.Holding,units,attribute,string,,,yes,Units allotted in folio till date
AA (Account Aggregator),equity_shares,Account.Summary.Investment.Holdings.Holding,investmentDateTime,attribute,dateTime,,,yes,Date and Time stamp for the investment
AA (Account Aggregator),equity_shares,Account.Summary.Investment.Holdings.Holding,rate,attribute,string,,,yes,"rate: Rate at which the stock was bought, in case of multiple transactions, the rate will be the average buy price"
AA (Account Aggregator),equity_shares,Account.Summary.Investment.Holdings.Holding,lastTradedPrice,attribute,string,,,yes,Last trade price of security or closing price
AA (Account Aggregator),equity_shares,Account.Summary.Investment.Holdings.Holding,description,attribute,string,,,yes,Description or details of security in which investment made.
AA (Account Aggregator),equity_shares,Account.Transactions,startDate,attribute,date,,,yes,Start date of investment since when it is applicable
AA (Account Aggregator),equity_shares,Account.Transactions,endDate,attribute,date,,,yes,End date of investment when tenure get complete
AA (Account Aggregator),equity_shares,Account.Transactions.Transaction,txnId,attribute,string,,,yes,Transaction ID recorded or captured for investment made
AA (Account Aggregator),equity_shares,Account.Transactions.Transaction,orderId,attribute,string,,,yes,Order ID which generated at the time of placing the order
AA (Account Aggregator),equity_shares,Account.Transactions.Transaction,tradeId,attribute,string,,,no,
AA (Account Aggregator),equity_shares,Account.Transactions.Transaction,companyName,attribute,string,,,yes,Name of company is which investment made
AA (Account Aggregator),equity_shares,Account.Transactions.Transaction,symbol,attribute,string,,,yes,Symbol of the securities in which investment made and hold by investor
AA (Account Aggregator),equity_shares,Account.Transactions.Transaction,transactionDateTime,attribute,dateTime,,,yes,Transaction date time stamp for particular record when investment taken place
AA (Account Aggregator),equity_shares,Account.Transactions.Transaction,exchange,attribute,string,BSE|NSE|OTHERS,,yes,Stock Exchange on which security is traded
AA (Account Aggregator),equity_shares,Account.Transactions.Transaction,isin,attribute,string,,,yes,International Securities Identification Number (ISIN) uniquely identifies a security.
AA (Account Aggregator),equity_shares,Account.Transactions.Transaction,equityCategory,attribute,string,EQUITY|EQUITY_DERIVATIVES|CURRENCY_DERIVATIVES,,yes,
AA (Account Aggregator),equity_shares,Account.Transactions.Transaction,instrumentType,attribute,string,OPTIONS|FUTURES,,yes,
AA (Account Aggregator),equity_shares,Account.Transactions.Transaction,optionType,attribute,string,CALL|PUT,,no,
AA (Account Aggregator),equity_shares,Account.Transactions.Transaction,strikePrice,attribute,float,,,no,The strike price is defined as the price at which the holder of an options can buy (in the case of a call option) or sell (in the case of a put option) the underlying security when the option is exercised. This will be applicable in case of Options only
AA (Account Aggregator),equity_shares,Account.Transactions.Transaction,narration,attribute,string,,,yes,Nararation is additional details in form of decription of remark associated with investment
AA (Account Aggregator),equity_shares,Account.Transactions.Transaction,rate,attribute,string,,,yes,Rate or net price on which investment made in security
AA (Account Aggregator),equity_shares,Account.Transactions.Transaction,totalCharge,attribute,string,,,yes,"Total charges includes finance charge, STT or other taxes/charge implied on investment"
AA (Account Aggregator),equity_shares,Account.Transactions.Transaction,tradeValue,attribute,string,,,yes,Trade value of investment as per market price
AA (Account Aggregator),equity_shares,Account.Transactions.Transaction,type,attribute,string,BUY|SELL|BONUS|SPLIT|DIVIDEND|RIGHTS|OTHERS,,yes,Transaction type may be BUY or SELL
AA (Account Aggregator),equity_shares,Account.Transactions.Transaction,shareHolderEquityType,attribute,string,,,yes,The amount of money to be returned to the company's shareholders if all of the company's assets were liquidated and all of the company's debt was paid off.
AA (Account Aggregator),equity_shares,Account.Transactions.Transaction,units,attribute,string,,,yes,Units which are alloted in the portfolio of investor
AA (Account Aggregator),equity_shares,Account.Transactions.Transaction,otherCharges,attribute,string,,,yes,Other charge applied on the investment if applicable
AA (Account Aggregator),exchange_traded_funds,Account,linkedAccRef,attribute,string,,,yes,
AA (Account Aggregator),exchange_traded_funds,Account,maskedAccNumber,attribute,string,,,yes,
AA (Account Aggregator),exchange_traded_funds,Account,version,attribute,float,,,yes,
AA (Account Aggregator),exchange_traded_funds,Account,type,attribute,string,,,yes,
AA (Account Aggregator),exchange_traded_funds,Account.Profile.Holders.Holder,dematId,attribute,string,,,yes,Demat ID assigned or issued to investor
AA (Account Aggregator),exchange_traded_funds,Account.Profile.Holders.Holder,name,attribute,string,,,yes,Name of primary holder operating the account
AA (Account Aggregator),exchange_traded_funds,Account.Profile.Holders.Holder,pan,attribute,string,,[a-zA-Z][a-zA-Z][a-zA-Z][a-zA-Z][a-zA-Z][0-9][0-9][0-9][0-9][a-zA-Z],yes,PAN number of primary account holder
AA (Account Aggregator),exchange_traded_funds,Account.Profile.Holders.Holder,dob,attribute,date,,,yes,Date of birth of primary account holder
AA (Account Aggregator),exchange_traded_funds,Account.Profile.Holders.Holder,nominee,attribute,string,REGISTERED|NOT-REGISTERED,,yes,Name of nominee associated with the account
AA (Account Aggregator),exchange_traded_funds,Account.Profile.Holders.Holder,email,attribute,string,,[^@]+@[^\.]+\..+,yes,Email id of primary account holder
AA (Account Aggregator),exchange_traded_funds,Account.Profile.Holders.Holder,mobile,attribute,string,,,yes,Mobile number of primary account holder
AA (Account Aggregator),exchange_traded_funds,Account.Profile.Holders.Holder,ckycCompliance,attribute,boolean,,,yes,KYC status whether its completed or pending.
AA (Account Aggregator),exchange_traded_funds,Account.Summary,investmentValue,attribute,float,,,yes,Principal or Actual amount of investment.
AA (Account Aggregator),exchange_traded_funds,Account.Summary,currentValue,attribute,float,,,yes,Current value of investment as on date.
AA (Account Aggregator),exchange_traded_funds,Account.Summary.Investment.Holdings.Holding,folioNo,attribute,string,,,yes,Unique folio number associated with investment.
AA (Account Aggregator),exchange_traded_funds,Account.Summary.Investment.Holdings.Holding,dematId,attribute,string,,,yes,Demat ID assigned or issued to investor.
AA (Account Aggregator),exchange_traded_funds,Account.Summary.Investment.Holdings.Holding,schemeName,attribute,string,,,yes,Name of scheme choosen by person for the investment.
AA (Account Aggregator),exchange_traded_funds,Account.Summary.Investment.Holdings.Holding,dpId,attribute,string,,,yes,DP ID of investor alloted at the time investment for further transaction.
AA (Account Aggregator),exchange_traded_funds,Account.Summary.Investment.Holdings.Holding,units,attribute,positiveInteger,,,yes,Units allotted in folio till date
AA (Account Aggregator),exchange_traded_funds,Account.Summary.Investment.Holdings.Holding,isin,attribute,string,,,yes,International Securities Identification Number (ISIN) uniquely identifies a security.
AA (Account Aggregator),exchange_traded_funds,Account.Summary.Investment.Holdings.Holding,mode,attribute,string,,,yes,Mode of investment whether it one time or SIP
AA (Account Aggregator),exchange_traded_funds,Account.Summary.Investment.Holdings.Holding,rate,attribute,float,,,yes,Rate or net price on which investment made in security
AA (Account Aggregator),exchange_traded_funds,Account.Summary.Investment.Holdings.Holding,nav,attribute,string,,,yes,NAV is current market rate of security held as on date
AA (Account Aggregator),exchange_traded_funds,Account.Summary.Investment.Holdings.Holding,lastNavDate,attribute,date,,,yes,Closing Price Date or last nav date on which security trade in the open market.
AA (Account Aggregator),exchange_traded_funds,Account.Summary.Investment.Holdings.Holding,symbol,attribute,string,,,yes,Symbol of the securities in which investment made and hold by investor.
AA (Account Aggregator),exchange_traded_funds,Account.Summary.Investment.Holdings.Holding,description,attribute,string,,,yes,Description or details of security in which investment made.
AA (Account Aggregator),exchange_traded_funds,Account.Transactions,startDate,attribute,date,,,yes,Start date of investment since when it is applicable
AA (Account Aggregator),exchange_traded_funds,Account.Transactions,endDate,attribute,date,,,yes,End date of investment when tenure get complete
AA (Account Aggregator),exchange_traded_funds,Account.Transactions.Transaction,txnId,attribute,string,,,yes,Transaction ID recorded or captured for investment made
AA (Account Aggregator),exchange_traded_funds,Account.Transactions.Transaction,isin,attribute,string,,,yes,International Securities Identification Number (ISIN) uniquely identifies a security.
AA (Account Aggregator),exchange_traded_funds,Account.Transactions.Transaction,transactionDateTime,attribute,dateTime,,,yes,Transaction date time stamp for particular record when investment taken place.
AA (Account Aggregator),exchange_traded_funds,Account.Transactions.Transaction,units,attribute,positiveInteger,,,yes,Units which are alloted in the portfolio of investor.
AA (Account Aggregator),exchange_traded_funds,Account.Transactions.Transaction,amount,attribute,float,,,yes,The transaction amount.
AA (Account Aggregator),exchange_traded_funds,Account.Transactions.Transaction,schemeName,attribute,string,,,yes,Name of Scheme which is opted for investment.
AA (Account Aggregator),exchange_traded_funds,Account.Transactions.Transaction,dpId,attribute,string,,,yes,DP ID of investor alloted at the time investment for further transaction.
AA (Account Aggregator),exchange_traded_funds,Account.Transactions.Transaction,schemeMinLotSize,attribute,string,,,yes,Minimum lot size refers to the number of shares you buy in one transaction for the given ETF scheme.
AA (Account Aggregator),exchange_traded_funds,Account.Transactions.Transaction,faceValueofUnits,attribute,float,,,yes,Nominal value of a security. The amount paid to the holder at maturity
AA (Account Aggregator),exchange_traded_funds,Account.Transactions.Transaction,nav,attribute,string,,,yes,NAV is current market rate of security held as on date.
AA (Account Aggregator),exchange_traded_funds,Account.Transactions.Transaction,type,attribute,string,BUY|SELL|BOUNS|SPLIT|OTHERS,,yes,Transaction type may be BUY or SELL.
AA (Account Aggregator),exchange_traded_funds,Account.Transactions.Transaction,orderDate,attribute,date,,,yes,Date when order is placed for investment.
AA (Account Aggregator),exchange_traded_funds,Account.Transactions.Transaction,executionDate,attribute,date,,,yes,Date when order is executed
AA (Account Aggregator),exchange_traded_funds,Account.Transactions.Transaction,mode,attribute,string,DEMAT|PHYSICAL,,yes,"Mode of transaction. May be DEMAT,NEFT,Net banking, etc"
AA (Account Aggregator),exchange_traded_funds,Account.Transactions.Transaction,narration,attribute,string,,,yes,Nararation is additional details in form of decription of remark associated with investment.
AA (Account Aggregator),exchange_traded_funds,Account.Transactions.Transaction,brokerCode,attribute,string,,,yes,Broker code associated with investment made.
AA (Account Aggregator),general_insurance,Account,type,attribute,string,,,yes,
AA (Account Aggregator),general_insurance,Account,linkedAccRef,attribute,string,,,yes,
AA (Account Aggregator),general_insurance,Account,version,attribute,string,1.0.0,,yes,
AA (Account Aggregator),general_insurance,Account,maskedPolicyNumber,attribute,string,,,yes,A unique number that an insurance company uses to identify a policyholder.
AA (Account Aggregator),general_insurance,Account.Profile.Holders.Holder,name,attribute,string,,,yes,Name of the policyholder.
AA (Account Aggregator),general_insurance,Account.Summary,policyName,attribute,string,,,yes,Name of the policy.
AA (Account Aggregator),general_insurance,Account.Summary,policyNumber,attribute,string,,,yes,Policy Number allotted or assigned.
AA (Account Aggregator),general_insurance,Account.Summary,uinNumber,attribute,string,,,yes,The Unique Identification Number allotted to this plan by the IRDAI.
AA (Account Aggregator),general_insurance,Account.Summary,policyDescription,attribute,string,,,no,Description of the policy.
AA (Account Aggregator),general_insurance,Account.Summary,sumAssured,attribute,float,,,no,Fixed amount that the insurer pays to the policyholder in case of an eventuality.
AA (Account Aggregator),general_insurance,Account.Summary,sumInsured,attribute,float,,,no,"Based on the principle of indemnity, it provides a reimbursement/compensation to the damage/loss."
AA (Account Aggregator),general_insurance,Account.Summary,tenureDays,attribute,string,,,no,The duration in days for which the policy provides insurance coverage.
AA (Account Aggregator),general_insurance,Account.Summary,tenureMonths,attribute,string,,,no,The duration in months for which the policy provides insurance coverage.
AA (Account Aggregator),general_insurance,Account.Summary,tenureYears,attribute,string,,,no,The duration in years for which the policy provides insurance coverage.
AA (Account Aggregator),general_insurance,Account.Summary,premiumAmount,attribute,float,,,yes,The amount paid periodically to the insurer by the policyholder for covering the risk.
AA (Account Aggregator),general_insurance,Account.Summary,policyStartDate,attribute,date,,,yes,Start date of policy mentioned at the time of issuing.
AA (Account Aggregator),general_insurance,Account.Summary,policyExpiryDate,attribute,date,,,yes,Date of policy when it will get expired.
AA (Account Aggregator),general_insurance,Account.Summary,policyType,attribute,string,INDEMNITY|FIXED_BENEFIT,,yes,Types of the policy are as follows: Fixed benefit policies are those that pay a fixed amount following a claim. Indemnity plans are those that provide reimbursement/compensation for the damage/loss.
AA (Account Aggregator),general_insurance,Account.Summary,insuranceType,attribute,string,MOTOR|HEALTH,,yes,Type of the insurance.
AA (Account Aggregator),general_insurance,Account.Summary,premiumFrequency,attribute,string,MONTHLY|QUARTERLY|HALF_YEARLY|ANNUALLY|ONE_TIME,,yes,"Frequency of premium to be paid whether monthly, quarterly, half yearly, annually or one time."
AA (Account Aggregator),general_insurance,Account.Summary,premiumPaymentYears,attribute,positiveInteger,,,no,Number of years till when premium is required to be paid.
AA (Account Aggregator),general_insurance,Account.Summary,premiumPaymentMonths,attribute,positiveInteger,,,no,Number of months till when premium is required to be paid.
AA (Account Aggregator),general_insurance,Account.Summary,nextPremiumDueDate,attribute,date,,,no,The date at which next premium amount is to be paid.
AA (Account Aggregator),general_insurance,Account.Summary,policyStatus,attribute,string,ACTIVE|LAPSED,,yes,Status of the policy whether Active or Lapsed.
AA (Account Aggregator),general_insurance,Account.Summary.Covers.Cover,uinNumber,attribute,string,,,yes,The Unique Identification Number allotted to the cover by the IRDAI.
AA (Account Aggregator),general_insurance,Account.Summary.Covers.Cover,coverName,attribute,string,,,yes,Name of the insurance cover.
AA (Account Aggregator),general_insurance,Account.Summary.Covers.Cover,coverDescription,attribute,string,,,no,Description of the insurance cover.
AA (Account Aggregator),general_insurance,Account.Summary.Covers.Cover,sumAssured,attribute,float,,,no,Fixed amount that the insurer pays to the policyholder in case of an eventuality.
AA (Account Aggregator),general_insurance,Account.Summary.Covers.Cover,sumInsured,attribute,float,,,no,"Based on the principle of indemnity, it provides a reimbursement/compensation to the damage/loss."
AA (Account Aggregator),general_insurance,Account.Summary.Covers.Cover,tenureYears,attribute,string,,,no,The duration in years for which the policy provides insurance coverage.
AA (Account Aggregator),general_insurance,Account.Summary.Covers.Cover,tenureMonths,attribute,string,,,no,The duration in months for which the policy provides insurance coverage.
AA (Account Aggregator),general_insurance,Account.Summary.Covers.Cover,premiumAmount,attribute,float,,,yes,The amount paid periodically to the insurer by the policyholder for covering the risk.
AA (Account Aggregator),general_insurance,Account.Summary.Covers.Cover,coverStartDate,attribute,date,,,yes,Start date of policy mentioned at the time of issuing.
AA (Account Aggregator),general_insurance,Account.Summary.Covers.Cover,coverEndDate,attribute,date,,,yes,Date of policy when it will get expired.
AA (Account Aggregator),general_insurance,Account.Summary.Vehicles.Vehicle,registrationNumber,attribute,string,,,no,Registration number of the vehicle.
AA (Account Aggregator),general_insurance,Account.Summary.Vehicles.Vehicle,make,attribute,string,,,yes,Make of the vehicle.
AA (Account Aggregator),general_insurance,Account.Summary.Vehicles.Vehicle,model,attribute,string,,,yes,Vehicle Model.
AA (Account Aggregator),general_insurance,Account.Summary.Vehicles.Vehicle,mfgYear,attribute,string,,,yes,Manufacturing year of the vehicle.
AA (Account Aggregator),general_insurance,Account.Summary.Vehicles.Vehicle,rtoLocation,attribute,string,,,no,RTO Registration Location.
AA (Account Aggregator),general_insurance,Account.Summary.Vehicles.Vehicle,ncbPercentage,attribute,string,,,yes,Current NCB percentage.
AA (Account Aggregator),general_insurance,Account.Summary.Vehicles.Vehicle,hypothecation,attribute,boolean,,,yes,Whether a loan is availed to purchase the vehicle.
AA (Account Aggregator),general_insurance,Account.Summary.Vehicles.Vehicle,financerName,attribute,string,,,no,Financial institution from which vehicle loan is availed.
AA (Account Aggregator),general_insurance,Account.Transactions,startDate,attribute,date,,,yes,The date from which the Financial Information is requested.
AA (Account Aggregator),general_insurance,Account.Transactions,endDate,attribute,date,,,yes,The date till which the Financial Information is requested.
AA (Account Aggregator),general_insurance,Account.Transactions.Transaction,txnId,attribute,string,,,yes,Transaction ID.
AA (Account Aggregator),general_insurance,Account.Transactions.Transaction,txnDate,attribute,date,,,yes,Transaction date time stamp.
AA (Account Aggregator),general_insurance,Account.Transactions.Transaction,narration,attribute,string,,,no,Additional details/remarks about transaction.
AA (Account Aggregator),general_insurance,Account.Transactions.Transaction,type,attribute,string,PREMIUM_PAYMENT|CLAIM|REFUND|TRANSFER_FEES|ENDORSEMENT_PREMIUM|OTHER,,no,Transaction type.
AA (Account Aggregator),general_insurance,Account.Transactions.Transaction,amount,attribute,float,,,yes,Transaction amount.
AA (Account Aggregator),government_securities,Account,maskedAccNumber,attribute,string,,,yes,
AA (Account Aggregator),government_securities,Account,linkedAccRef,attribute,string,,,yes,
AA (Account Aggregator),government_securities,Account,version,attribute,float,,,yes,
AA (Account Aggregator),government_securities,Account,type,attribute,string,,,yes,
AA (Account Aggregator),government_securities,Account.Profile.Holders.Holder,name,attribute,string,,,yes,Name of primary holder operating the account
AA (Account Aggregator),government_securities,Account.Profile.Holders.Holder,holdingType,attribute,string,SOLE|OTHERS,,no,Holding types whether SOLO or others
AA (Account Aggregator),government_securities,Account.Profile.Holders.Holder,address,attribute,string,,,no,
AA (Account Aggregator),government_securities,Account.Profile.Holders.Holder,nominee,attribute,string,REGISTERED|NOT-REGISTERED,,yes,Name of nominee associated with the account.
AA (Account Aggregator),government_securities,Account.Profile.Holders.Holder,email,attribute,string,,[^@]+@[^\.]+\..+,no,Email ID of primary account holder
AA (Account Aggregator),government_securities,Account.Profile.Holders.Holder,landline,attribute,string,,,no,landline number of primary account holder
AA (Account Aggregator),government_securities,Account.Profile.Holders.Holder,mobile,attribute,string,,,yes,Primary mobile number of account holder
AA (Account Aggregator),government_securities,Account.Profile.Holders.Holder,dematId,attribute,string,,,yes,Demat ID assigned or issued to investor
AA (Account Aggregator),government_securities,Account.Profile.Holders.Holder,pan,attribute,string,,[a-zA-Z][a-zA-Z][a-zA-Z][a-zA-Z][a-zA-Z][0-9][0-9][0-9][0-9][a-zA-Z],yes,PAN number of primary account holder
AA (Account Aggregator),government_securities,Account.Profile.Holders.Holder,dob,attribute,date,,,yes,Date of birth of primary account holder
AA (Account Aggregator),government_securities,Account.Profile.Holders.Holder,ckycCompliance,attribute,boolean,,,yes,KYC status whether its completed or pending
AA (Account Aggregator),government_securities,Account.Summary,investmentValue,attribute,float,,,yes,Principal or Actual amount of investment
AA (Account Aggregator),government_securities,Account.Summary,currentValue,attribute,float,,,yes,Current value of investment as on date
AA (Account Aggregator),government_securities,Account.Summary.Holdings.Holding,scheme,attribute,string,FIXED_INTEREST_RATE|T_NOTES|T_BONDS|OTHERS,,yes,Name of scheme choosen by person for the investment.
AA (Account Aggregator),government_securities,Account.Summary.Holdings.Holding,isin,attribute,string,,,yes,International Securities Identification Number (ISIN) uniquely identifies a security.
AA (Account Aggregator),government_securities,Account.Summary.Holdings.Holding,units,attribute,float,,,yes,Units allotted in folio till date
AA (Account Aggregator),government_securities,Account.Summary.Holdings.Holding,faceValue,attribute,float,,,yes,Face value on which investment made in govt securities
AA (Account Aggregator),government_securities,Account.Summary.Holdings.Holding,symbol,attribute,string,,,yes,Symbol of the securities in which investment made and hold by investor
AA (Account Aggregator),government_securities,Account.Summary.Holdings.Holding,issuerName,attribute,string,,,yes,Name of party who issued the govt security in which investment made
AA (Account Aggregator),government_securities,Account.Summary.Holdings.Holding,description,attribute,string,,,yes,Description or details of security in which investment made
AA (Account Aggregator),government_securities,Account.Summary.Holdings.Holding,creditRating,attribute,string,,,yes,Rating of the fund invested assigned by credit rating agencies
AA (Account Aggregator),government_securities,Account.Summary.Holdings.Holding,creditRatingAgency,attribute,string,,,yes,Name of rating agency who had rated the fund
AA (Account Aggregator),government_securities,Account.Summary.Holdings.Holding,taxable,attribute,boolean,,,yes,Status whether investment is taxable or not
AA (Account Aggregator),government_securities,Account.Summary.Holdings.Holding,issueRate,attribute,string,,,yes,Rate or net price on which investment made in security
AA (Account Aggregator),government_securities,Account.Summary.Holdings.Holding,issueDate,attribute,date,,,yes,Issue date on which investment made in particular security
AA (Account Aggregator),government_securities,Account.Summary.Holdings.Holding,principleAmount,attribute,float,,,yes,Principal or Actual amount of investment
AA (Account Aggregator),government_securities,Account.Summary.Holdings.Holding,tenureYears,attribute,positiveInteger,,,yes,Years which are passed since investment made
AA (Account Aggregator),government_securities,Account.Summary.Holdings.Holding,tenureMoths,attribute,positiveInteger,,,yes,Months which are passed since investment made
AA (Account Aggregator),government_securities,Account.Summary.Holdings.Holding,tenureDays,attribute,positiveInteger,,,yes,Days which are passed since investment made
AA (Account Aggregator),government_securities,Account.Summary.Holdings.Holding,couponRate,attribute,float,,,yes,Rate or market price on which coupon is purchased
AA (Account Aggregator),government_securities,Account.Summary.Holdings.Holding,maturityDate,attribute,date,,,yes,Date of maturity for investment
AA (Account Aggregator),government_securities,Account.Summary.Holdings.Holding,coupanComputation,attribute,string,SIMPLE|COMPOUND|OTHERS,,yes,Whether interest is to be Compound or Simple
AA (Account Aggregator),government_securities,Account.Summary.Holdings.Holding,coupanPaymentDate,attribute,date,,,yes,Date on which payment made for coupon purchased
AA (Account Aggregator),government_securities,Account.Summary.Holdings.Holding,autionDate,attribute,date,,,yes,Date when auction taken place for particular investment security
AA (Account Aggregator),government_securities,Account.Summary.Holdings.Holding,compoundingFrequency,attribute,string,MONTHLY|HALF_YEARLY|YEARLY|OTHERS,,yes,Frequency at which interest is compounded - monthly/quarterly/annually.
AA (Account Aggregator),government_securities,Account.Summary.Holdings.Holding,interestPayout,attribute,string,MONTHLY|HALF_YEARLY|YEARLY|OTHERS,,yes,Amount of interest which is paid to investor till date
AA (Account Aggregator),government_securities,Account.Summary.Holdings.Holding,accruedInterestAmount,attribute,float,,,yes,"The amount of interest that has been incurred, as of a specific date"
AA (Account Aggregator),government_securities,Account.Summary.Holdings.Holding,interestOnMaturity,attribute,float,,,yes,Total amount of interest which is to be paid on maturity
AA (Account Aggregator),government_securities,Account.Summary.Holdings.Holding,lastTradedRate,attribute,float,,,yes,Last rate on which security traded in the open market
AA (Account Aggregator),government_securities,Account.Summary.Holdings.Holding,lastTradedDate,attribute,date,,,yes,Date of secuirties on which last trade happened
AA (Account Aggregator),government_securities,Account.Transactions,startDate,attribute,date,,,yes,Start date of investment since when it is applicable.
AA (Account Aggregator),government_securities,Account.Transactions,endDate,attribute,date,,,yes,End date of investment when tenure get complete.
AA (Account Aggregator),government_securities,Account.Transactions.Transaction,txnId,attribute,string,,,yes,Transaction ID recorded or captured for investment made.
AA (Account Aggregator),government_securities,Account.Transactions.Transaction,isin,attribute,string,,,yes,International Securities Identification Number (ISIN) uniquely identifies a security.
AA (Account Aggregator),government_securities,Account.Transactions.Transaction,narration,attribute,string,,,yes,Nararation is additional details in form of decription of remark associated with investment.
AA (Account Aggregator),government_securities,Account.Transactions.Transaction,transactionDateTime,attribute,dateTime,,,yes,Transaction date time stamp for particular record when investment taken place.
AA (Account Aggregator),government_securities,Account.Transactions.Transaction,rate,attribute,float,,,yes,Rate or net price on which investment made in security
AA (Account Aggregator),government_securities,Account.Transactions.Transaction,type,attribute,string,BUY|SELL|OTHERS,,yes,"Type of transaction whether Buy or Sell, etc"
AA (Account Aggregator),government_securities,Account.Transactions.Transaction,units,attribute,float,,,yes,Units which are alloted in the portfolio of investor.
AA (Account Aggregator),government_securities,Account.Transactions.Transaction,currency,attribute,string,,,yes,Currency in which transaction taken place.
AA (Account Aggregator),government_securities,Account.Transactions.Transaction,tradeValue,attribute,float,,,yes,Trade value of investment as per market price.
AA (Account Aggregator),government_securities,Account.Transactions.Transaction,totalCharge,attribute,float,,,yes,"Total charges includes finance charge, STT or other taxes/charge implied on investment."
AA (Account Aggregator),government_securities,Account.Transactions.Transaction,otherTaxes,attribute,float,,,yes,Additonal or any type of tax chareged on the investment.
AA (Account Aggregator),gstr1_3b,Account,maskedGstinNumber,attribute,string,,,yes,Masked GSTIN Number
AA (Account Aggregator),gstr1_3b,Account,version,attribute,string,1.0.0,,yes,
AA (Account Aggregator),gstr1_3b,Account,linkedAccRef,attribute,string,,,yes,
AA (Account Aggregator),gstr1_3b,Account,type,attribute,string,,,yes,
AA (Account Aggregator),gstr1_3b,Account.Profile.BusinessDetails,lgnm,attribute,string,,,yes,Legal Name of Business
AA (Account Aggregator),gstr1_3b,Account.Profile.BusinessDetails,apprvdt,attribute,string,,,yes,GSTN Creation Date
AA (Account Aggregator),gstr1_3b,Account.Profile.BusinessDetails,iscmp,attribute,string,,,yes,Composition Y/N
AA (Account Aggregator),gstr1_3b,Account.Profile.BusinessDetails,dty,attribute,string,,,yes,Type of Taxpayer
AA (Account Aggregator),gstr1_3b,Account.Profile.BusinessDetails,sts,attribute,string,,,yes,Status
AA (Account Aggregator),gstr1_3b,Account.Profile.BusinessDetails,trdnm,attribute,string,,,no,Trade Name
AA (Account Aggregator),gstr1_3b,Account.Profile.BusinessDetails.CategoryList,cat,element,string,,,yes,
AA (Account Aggregator),gstr1_3b,Account.Profile.PlaceofBusiness.Address,bno,attribute,string,,,no,Building No
AA (Account Aggregator),gstr1_3b,Account.Profile.PlaceofBusiness.Address,flno,attribute,string,,,no,Floor No
AA (Account Aggregator),gstr1_3b,Account.Profile.PlaceofBusiness.Address,bnm,attribute,string,,,no,Name of Building
AA (Account Aggregator),gstr1_3b,Account.Profile.PlaceofBusiness.Address,st,attribute,string,,,no,Road/Street
AA (Account Aggregator),gstr1_3b,Account.Profile.PlaceofBusiness.Address,loc,attribute,string,,,no,City/Town/Village
AA (Account Aggregator),gstr1_3b,Account.Profile.PlaceofBusiness.Address,stcd,attribute,string,,,no,State
AA (Account Aggregator),gstr1_3b,Account.Profile.PlaceofBusiness.Address,dst,attribute,string,,,no,District
AA (Account Aggregator),gstr1_3b,Account.Profile.PlaceofBusiness.Address,pncd,attribute,string,,,no,PIN Code
AA (Account Aggregator),gstr1_3b,Account.Profile.PlaceofBusiness.Address.NatureOfBusinessList,ntr,element,string,BONDED_WAREHOUSE|FACTORY_OR_MANUFACTURING|INPUT_SERVICE_DISTRIBUTOR|OFFICE_OR_SALE_OFFICE,,no,
AA (Account Aggregator),gstr1_3b,Account.Transactions,strdt,attribute,string,,,yes,Transaction start date
AA (Account Aggregator),gstr1_3b,Account.Transactions,endt,attribute,string,,,yes,Transaction end date
AA (Account Aggregator),gstr1_3b,Account.Transactions.Gstr1Details.gstr1,ret_prd,attribute,string,,,yes,Tax Period Selected by user
AA (Account Aggregator),gstr1_3b,Account.Transactions.Gstr1Details.gstr1,dof,attribute,string,,,yes,Date of Filing
AA (Account Aggregator),gstr1_3b,Account.Transactions.Gstr1Details.gstr1,filingFrequency,attribute,string,MONTHLY|QUARTERLY|YEARLY,,yes,Filing frequency
AA (Account Aggregator),gstr1_3b,Account.Transactions.Gstr1Details.gstr1,status,attribute,string,,,yes,Status of the Return filed
AA (Account Aggregator),gstr1_3b,Account.Transactions.Gstr1Details.gstr1.b2b_dtls.b2b,ctin,attribute,string,,,no,Counter party GSTIN
AA (Account Aggregator),gstr1_3b,Account.Transactions.Gstr1Details.gstr1.b2b_dtls.b2b,inum,attribute,string,,,yes,Supplier Invoice Number
AA (Account Aggregator),gstr1_3b,Account.Transactions.Gstr1Details.gstr1.b2b_dtls.b2b,idt,attribute,string,,,yes,Supplier Invoice Date
AA (Account Aggregator),gstr1_3b,Account.Transactions.Gstr1Details.gstr1.b2b_dtls.b2b,val,attribute,double,,,yes,Supplier Invoice Value
AA (Account Aggregator),gstr1_3b,Account.Transactions.Gstr1Details.gstr1.b2b_dtls.b2b,pos,attribute,string,,,yes,Place of supply
AA (Account Aggregator),gstr1_3b,Account.Transactions.Gstr1Details.gstr1.b2b_dtls.b2b,rchrg,attribute,string,,,yes,Reverse Charge
AA (Account Aggregator),gstr1_3b,Account.Transactions.Gstr1Details.gstr1.b2b_dtls.b2b,inv_typ,attribute,string,R|SEWP|SEWOP|DE|CBW,,yes,Invoice type
AA (Account Aggregator),gstr1_3b,Account.Transactions.Gstr1Details.gstr1.b2b_dtls.b2b,opd,attribute,string,,,no,Original Period
AA (Account Aggregator),gstr1_3b,Account.Transactions.Gstr1Details.gstr1.b2b_dtls.b2b,srctyp,attribute,string,,,no,Source Type of IRN
AA (Account Aggregator),gstr1_3b,Account.Transactions.Gstr1Details.gstr1.b2b_dtls.b2b,irn,attribute,string,,,no,IRN number
AA (Account Aggregator),gstr1_3b,Account.Transactions.Gstr1Details.gstr1.b2b_dtls.b2b,irngendate,attribute,string,,,no,IRN generation Date
AA (Account Aggregator),gstr1_3b,Account.Transactions.Gstr1Details.gstr1.b2b_dtls.b2b,diff_percent,attribute,double,,,yes,Differential percentage
AA (Account Aggregator),gstr1_3b,Account.Transactions.Gstr1Details.gstr1.b2b_dtls.b2b.itm_det.itm,txval,attribute,double,,,yes,Taxable value of Goods or Service as per invoice
AA (Account Aggregator),gstr1_3b,Account.Transactions.Gstr1Details.gstr1.b2b_dtls.b2b.itm_det.itm,iamt,attribute,double,,,yes,IGST Amount as per invoice
AA (Account Aggregator),gstr1_3b,Account.Transactions.Gstr1Details.gstr1.b2b_dtls.b2b.itm_det.itm,camt,attribute,double,,,yes,CGST Amount as per invoice
AA (Account Aggregator),gstr1_3b,Account.Transactions.Gstr1Details.gstr1.b2b_dtls.b2b.itm_det.itm,samt,attribute,double,,,yes,SGST Amount as per invoice
AA (Account Aggregator),gstr1_3b,Account.Transactions.Gstr1Details.gstr1.b2b_dtls.b2b.itm_det.itm,csamt,attribute,double,,,yes,CESS Amount as per invoice
AA (Account Aggregator),gstr1_3b,Account.Transactions.Gstr3bDetails.gstr3b,ret_prd,attribute,string,,,yes,Tax Period Selected by user
AA (Account Aggregator),gstr1_3b,Account.Transactions.Gstr3bDetails.gstr3b,dof,attribute,string,,,yes,Date of Filing
AA (Account Aggregator),gstr1_3b,Account.Transactions.Gstr3bDetails.gstr3b,filingFrequency,attribute,string,MONTHLY|QUARTERLY|YEARLY,,yes,Filing frequency
AA (Account Aggregator),gstr1_3b,Account.Transactions.Gstr3bDetails.gstr3b,status,attribute,string,,,yes,Status of the Return filed
AA (Account Aggregator),gstr1_3b,Account.Transactions.Gstr3bDetails.gstr3b.sup_details.osup_det,txval,attribute,double,,,no,Total Taxable value
AA (Account Aggregator),gstr1_3b,Account.Transactions.Gstr3bDetails.gstr3b.sup_details.osup_det,iamt,attribute,double,,,no,Integrated Tax
AA (Account Aggregator),gstr1_3b,Account.Transactions.Gstr3bDetails.gstr3b.sup_details.osup_det,camt,attribute,double,,,no,Central Tax
AA (Account Aggregator),gstr1_3b,Account.Transactions.Gstr3bDetails.gstr3b.sup_details.osup_det,samt,attribute,double,,,no,State/UT Tax
AA (Account Aggregator),gstr1_3b,Account.Transactions.Gstr3bDetails.gstr3b.sup_details.osup_det,csamt,attribute,double,,,no,CESS
AA (Account Aggregator),gstr1_3b,Account.Transactions.Gstr3bDetails.gstr3b.sup_details.osup_zero,txval,attribute,double,,,no,Total Taxable value
AA (Account Aggregator),gstr1_3b,Account.Transactions.Gstr3bDetails.gstr3b.sup_details.osup_zero,iamt,attribute,double,,,no,Integrated Tax
AA (Account Aggregator),gstr1_3b,Account.Transactions.Gstr3bDetails.gstr3b.sup_details.osup_zero,csamt,attribute,double,,,no,CESS
AA (Account Aggregator),gstr1_3b,Account.Transactions.Gstr3bDetails.gstr3b.sup_details.osup_nil_exmp,txval,attribute,double,,,no,Total Taxable value
AA (Account Aggregator),gstr1_3b,Account.Transactions.Gstr3bDetails.gstr3b.sup_details.isup_rev,txval,attribute,double,,,no,Total Taxable value
AA (Account Aggregator),gstr1_3b,Account.Transactions.Gstr3bDetails.gstr3b.sup_details.isup_rev,iamt,attribute,double,,,no,Integrated Tax
AA (Account Aggregator),gstr1_3b,Account.Transactions.Gstr3bDetails.gstr3b.sup_details.isup_rev,camt,attribute,double,,,no,Central Tax
AA (Account Aggregator),gstr1_3b,Account.Transactions.Gstr3bDetails.gstr3b.sup_details.isup_rev,samt,attribute,double,,,no,State/UT Tax
AA (Account Aggregator),gstr1_3b,Account.Transactions.Gstr3bDetails.gstr3b.sup_details.isup_rev,csamt,attribute,double,,,no,CESS
AA (Account Aggregator),gstr1_3b,Account.Transactions.Gstr3bDetails.gstr3b.sup_details.osup_nongst,txval,attribute,double,,,no,Total Taxable value
AA (Account Aggregator),gstr1_3b,Account.Transactions.Gstr3bDetails.gstr3b.sup_inter.unreg_details_list.unreg_details,txval,attribute,double,,,no,Total Taxable value
AA (Account Aggregator),gstr1_3b,Account.Transactions.Gstr3bDetails.gstr3b.sup_inter.unreg_details_list.unreg_details,iamt,attribute,double,,,no,Amount of Integrated Tax
AA (Account Aggregator),gstr1_3b,Account.Transactions.Gstr3bDetails.gstr3b.sup_inter.unreg_details_list.unreg_details,pos,attribute,double,,,no,Place of Supply (State/UT)
AA (Account Aggregator),gstr1_3b,Account.Transactions.Gstr3bDetails.gstr3b.sup_inter.comp_details_list.comp_details,txval,attribute,double,,,no,Total Taxable value
AA (Account Aggregator),gstr1_3b,Account.Transactions.Gstr3bDetails.gstr3b.sup_inter.comp_details_list.comp_details,iamt,attribute,double,,,no,Amount of Integrated Tax
AA (Account Aggregator),gstr1_3b,Account.Transactions.Gstr3bDetails.gstr3b.sup_inter.comp_details_list.comp_details,pos,attribute,double,,,no,Place of Supply (State/UT)
AA (Account Aggregator),gstr1_3b,Account.Transactions.Gstr3bDetails.gstr3b.sup_inter.uin_details_list.uin_details,txval,attribute,double,,,no,Total Taxable value
AA (Account Aggregator),gstr1_3b,Account.Transactions.Gstr3bDetails.gstr3b.sup_inter.uin_details_list.uin_details,iamt,attribute,double,,,no,Amount of Integrated Tax
AA (Account Aggregator),gstr1_3b,Account.Transactions.Gstr3bDetails.gstr3b.sup_inter.uin_details_list.uin_details,pos,attribute,double,,,no,Place of Supply (State/UT)
AA (Account Aggregator),gstr1_3b,Account.Transactions.Gstr3bDetails.gstr3b.eco_dtls.eco_sup,txval,attribute,double,,,no,Total Taxable value
AA (Account Aggregator),gstr1_3b,Account.Transactions.Gstr3bDetails.gstr3b.eco_dtls.eco_sup,iamt,attribute,double,,,no,Integrated Tax
AA (Account Aggregator),gstr1_3b,Account.Transactions.Gstr3bDetails.gstr3b.eco_dtls.eco_sup,camt,attribute,double,,,no,Central Tax
AA (Account Aggregator),gstr1_3b,Account.Transactions.Gstr3bDetails.gstr3b.eco_dtls.eco_sup,samt,attribute,double,,,no,State/UT Tax
AA (Account Aggregator),gstr1_3b,Account.Transactions.Gstr3bDetails.gstr3b.eco_dtls.eco_sup,csamt,attribute,double,,,no,CESS
AA (Account Aggregator),gstr1_3b,Account.Transactions.Gstr3bDetails.gstr3b.eco_dtls.eco_reg_sup,txval,attribute,double,,,no,Total Taxable value
AA (Account Aggregator),gstr1_3b,Account.Transactions.Gstr3bDetails.gstr3b.itc_elg.itc_avl_list.itc_avl,type,attribute,string,IMPG|IMPS|ISRC|ISD|RUL|OTH,,no,Type
AA (Account Aggregator),gstr1_3b,Account.Transactions.Gstr3bDetails.gstr3b.itc_elg.itc_avl_list.itc_avl,iamt,attribute,double,,,no,Integrated Tax
AA (Account Aggregator),gstr1_3b,Account.Transactions.Gstr3bDetails.gstr3b.itc_elg.itc_avl_list.itc_avl,camt,attribute,double,,,no,Central Tax
AA (Account Aggregator),gstr1_3b,Account.Transactions.Gstr3bDetails.gstr3b.itc_elg.itc_avl_list.itc_avl,samt,attribute,double,,,no,State/UT Tax
AA (Account Aggregator),gstr1_3b,Account.Transactions.Gstr3bDetails.gstr3b.itc_elg.itc_avl_list.itc_avl,csamt,attribute,double,,,no,CESS
AA (Account Aggregator),gstr1_3b,Account.Transactions.Gstr3bDetails.gstr3b.itc_elg.itc_rev_list.itc_rev,type,attribute,string,IMPG|IMPS|ISRC|ISD|RUL|OTH,,no,Type
AA (Account Aggregator),gstr1_3b,Account.Transactions.Gstr3bDetails.gstr3b.itc_elg.itc_rev_list.itc_rev,iamt,attribute,double,,,no,Integrated Tax
AA (Account Aggregator),gstr1_3b,Account.Transactions.Gstr3bDetails.gstr3b.itc_elg.itc_rev_list.itc_rev,camt,attribute,double,,,no,Central Tax
AA (Account Aggregator),gstr1_3b,Account.Transactions.Gstr3bDetails.gstr3b.itc_elg.itc_rev_list.itc_rev,samt,attribute,double,,,no,State/UT Tax
AA (Account Aggregator),gstr1_3b,Account.Transactions.Gstr3bDetails.gstr3b.itc_elg.itc_rev_list.itc_rev,csamt,attribute,double,,,no,CESS
AA (Account Aggregator),gstr1_3b,Account.Transactions.Gstr3bDetails.gstr3b.itc_elg.itc_net,iamt,attribute,double,,,no,Integrated Tax
AA (Account Aggregator),gstr1_3b,Account.Transactions.Gstr3bDetails.gstr3b.itc_elg.itc_net,camt,attribute,double,,,no,Central Tax
AA (Account Aggregator),gstr1_3b,Account.Transactions.Gstr3bDetails.gstr3b.itc_elg.itc_net,samt,attribute,double,,,no,State/UT Tax
AA (Account Aggregator),gstr1_3b,Account.Transactions.Gstr3bDetails.gstr3b.itc_elg.itc_net,csamt,attribute,double,,,no,CESS
AA (Account Aggregator),gstr1_3b,Account.Transactions.Gstr3bDetails.gstr3b.itc_elg.itc_inelg_list.itc_inelg,type,attribute,string,IMPG|IMPS|ISRC|ISD|RUL|OTH,,no,Type
AA (Account Aggregator),gstr1_3b,Account.Transactions.Gstr3bDetails.gstr3b.itc_elg.itc_inelg_list.itc_inelg,iamt,attribute,double,,,no,Integrated Tax
AA (Account Aggregator),gstr1_3b,Account.Transactions.Gstr3bDetails.gstr3b.itc_elg.itc_inelg_list.itc_inelg,camt,attribute,double,,,no,Central Tax
AA (Account Aggregator),gstr1_3b,Account.Transactions.Gstr3bDetails.gstr3b.itc_elg.itc_inelg_list.itc_inelg,samt,attribute,double,,,no,State/UT Tax
AA (Account Aggregator),gstr1_3b,Account.Transactions.Gstr3bDetails.gstr3b.itc_elg.itc_inelg_list.itc_inelg,csamt,attribute,double,,,no,CESS
AA (Account Aggregator),gstr1_3b,Account.Transactions.Gstr3bDetails.gstr3b.inward_sup.isup_details_list.isup_details,ty,attribute,string,GST|NONGST,,no,Type
AA (Account Aggregator),gstr1_3b,Account.Transactions.Gstr3bDetails.gstr3b.inward_sup.isup_details_list.isup_details,inter,attribute,double,,,no,Inter - State supplies
AA (Account Aggregator),gstr1_3b,Account.Transactions.Gstr3bDetails.gstr3b.inward_sup.isup_details_list.isup_details,intra,attribute,double,,,no,Intra - State supplies
AA (Account Aggregator),gstr1_3b,Account.Transactions.Gstr3bDetails.gstr3b.intr_ltfee.intr_details,iamt,attribute,double,,,no,Integrated Tax
AA (Account Aggregator),gstr1_3b,Account.Transactions.Gstr3bDetails.gstr3b.intr_ltfee.intr_details,camt,attribute,double,,,no,Central Tax
AA (Account Aggregator),gstr1_3b,Account.Transactions.Gstr3bDetails.gstr3b.intr_ltfee.intr_details,samt,attribute,double,,,no,State/UT Tax
AA (Account Aggregator),gstr1_3b,Account.Transactions.Gstr3bDetails.gstr3b.intr_ltfee.intr_details,csamt,attribute,double,,,no,CESS
AA (Account Aggregator),gstr1_3b,Account.Transactions.Gstr3bDetails.gstr3b.intr_ltfee.ltfee_details,camt,attribute,double,,,no,Central Tax
AA (Account Aggregator),gstr1_3b,Account.Transactions.Gstr3bDetails.gstr3b.intr_ltfee.ltfee_details,samt,attribute,double,,,no,State/UT Tax
AA (Account Aggregator),gstr1_3b,Account.Transactions.Gstr3bDetails.gstr3b.tx_pmt.tx_py_list.tx_py,trans_desc,attribute,string,,,no,Transaction description
AA (Account Aggregator),gstr1_3b,Account.Transactions.Gstr3bDetails.gstr3b.tx_pmt.tx_py_list.tx_py.sgst,intr,attribute,double,,,no,Interest payable
AA (Account Aggregator),gstr1_3b,Account.Transactions.Gstr3bDetails.gstr3b.tx_pmt.tx_py_list.tx_py.sgst,tx,attribute,double,,,no,Tax payable
AA (Account Aggregator),gstr1_3b,Account.Transactions.Gstr3bDetails.gstr3b.tx_pmt.tx_py_list.tx_py.sgst,fee,attribute,double,,,no,Late fee payable
AA (Account Aggregator),gstr1_3b,Account.Transactions.Gstr3bDetails.gstr3b.tx_pmt.tx_py_list.tx_py.igst,intr,attribute,double,,,no,Interest payable
AA (Account Aggregator),gstr1_3b,Account.Transactions.Gstr3bDetails.gstr3b.tx_pmt.tx_py_list.tx_py.igst,tx,attribute,double,,,no,Tax payable
AA (Account Aggregator),gstr1_3b,Account.Transactions.Gstr3bDetails.gstr3b.tx_pmt.tx_py_list.tx_py.cgst,intr,attribute,double,,,no,Interest payable
AA (Account Aggregator),gstr1_3b,Account.Transactions.Gstr3bDetails.gstr3b.tx_pmt.tx_py_list.tx_py.cgst,tx,attribute,double,,,no,Tax payable
AA (Account Aggregator),gstr1_3b,Account.Transactions.Gstr3bDetails.gstr3b.tx_pmt.tx_py_list.tx_py.cgst,fee,attribute,double,,,no,Late fee payable
AA (Account Aggregator),gstr1_3b,Account.Transactions.Gstr3bDetails.gstr3b.tx_pmt.tx_py_list.tx_py.cess,intr,attribute,double,,,no,Interest payable
AA (Account Aggregator),gstr1_3b,Account.Transactions.Gstr3bDetails.gstr3b.tx_pmt.tx_py_list.tx_py.cess,tx,attribute,double,,,no,Tax payable
AA (Account Aggregator),gstr1_3b,Account.Transactions.Gstr3bDetails.gstr3b.pdcash_dtls.pdcash_list.pdcash,trans_desc,attribute,string,,,no,Transaction description
AA (Account Aggregator),gstr1_3b,Account.Transactions.Gstr3bDetails.gstr3b.pdcash_dtls.pdcash_list.pdcash,ipd,attribute,double,,,no,IGST paid
AA (Account Aggregator),gstr1_3b,Account.Transactions.Gstr3bDetails.gstr3b.pdcash_dtls.pdcash_list.pdcash,cpd,attribute,double,,,no,CGST paid
AA (Account Aggregator),gstr1_3b,Account.Transactions.Gstr3bDetails.gstr3b.pdcash_dtls.pdcash_list.pdcash,spd,attribute,double,,,no,SGST paid
AA (Account Aggregator),gstr1_3b,Account.Transactions.Gstr3bDetails.gstr3b.pdcash_dtls.pdcash_list.pdcash,cspd,attribute,double,,,no,CESS paid
AA (Account Aggregator),gstr1_3b,Account.Transactions.Gstr3bDetails.gstr3b.pdcash_dtls.pdcash_list.pdcash,i_intrpd,attribute,double,,,no,Interest Paid against IGST
AA (Account Aggregator),gstr1_3b,Account.Transactions.Gstr3bDetails.gstr3b.pdcash_dtls.pdcash_list.pdcash,c_intrpd,attribute,double,,,no,Interest Paid against CGST
AA (Account Aggregator),gstr1_3b,Account.Transactions.Gstr3bDetails.gstr3b.pdcash_dtls.pdcash_list.pdcash,s_intrpd,attribute,double,,,no,Interest Paid against SGST
AA (Account Aggregator),gstr1_3b,Account.Transactions.Gstr3bDetails.gstr3b.pdcash_dtls.pdcash_list.pdcash,cs_intrpd,attribute,double,,,no,Interest Paid against CESS
AA (Account Aggregator),gstr1_3b,Account.Transactions.Gstr3bDetails.gstr3b.pdcash_dtls.pdcash_list.pdcash,c_lfeepd,attribute,double,,,no,Late Fee Paid against CGST
AA (Account Aggregator),gstr1_3b,Account.Transactions.Gstr3bDetails.gstr3b.pdcash_dtls.pdcash_list.pdcash,s_lfeepd,attribute,double,,,no,Late Fee Paid against SGST
AA (Account Aggregator),gstr1_3b,Account.Transactions.Gstr3bDetails.gstr3b.pdcash_dtls.pditc,trans_desc,attribute,string,,,no,Transaction description
AA (Account Aggregator),gstr1_3b,Account.Transactions.Gstr3bDetails.gstr3b.pdcash_dtls.pditc,i_pdi,attribute,double,,,no,IGST paid using IGST
AA (Account Aggregator),gstr1_3b,Account.Transactions.Gstr3bDetails.gstr3b.pdcash_dtls.pditc,i_pdc,attribute,double,,,no,IGST paid using CGST
AA (Account Aggregator),gstr1_3b,Account.Transactions.Gstr3bDetails.gstr3b.pdcash_dtls.pditc,i_pds,attribute,double,,,no,IGST paid using SGST
AA (Account Aggregator),gstr1_3b,Account.Transactions.Gstr3bDetails.gstr3b.pdcash_dtls.pditc,c_pdi,attribute,double,,,no,CGST paid using IGST
AA (Account Aggregator),gstr1_3b,Account.Transactions.Gstr3bDetails.gstr3b.pdcash_dtls.pditc,c_pdc,attribute,double,,,no,CGST paid using CGST
AA (Account Aggregator),gstr1_3b,Account.Transactions.Gstr3bDetails.gstr3b.pdcash_dtls.pditc,s_pdi,attribute,double,,,no,SGST paid using IGST
AA (Account Aggregator),gstr1_3b,Account.Transactions.Gstr3bDetails.gstr3b.pdcash_dtls.pditc,s_pds,attribute,double,,,no,SGST paid using SGST
AA (Account Aggregator),gstr1_3b,Account.Transactions.Gstr3bDetails.gstr3b.pdcash_dtls.pditc,cs_pdcs,attribute,double,,,no,CESS paid using CESS
AA (Account Aggregator),indian_depository_receipts,Account,linkedAccRef,attribute,string,,,yes,
AA (Account Aggregator),indian_depository_receipts,Account,maskedAccNumber,attribute,string,,,yes,
AA (Account Aggregator),indian_depository_receipts,Account,version,attribute,float,,,yes,
AA (Account Aggregator),indian_depository_receipts,Account,type,attribute,string,,,yes,
AA (Account Aggregator),indian_depository_receipts,Account.Profile.Holders.Holder,name,attribute,string,,,yes,
AA (Account Aggregator),indian_depository_receipts,Account.Profile.Holders.Holder,dob,attribute,date,,,yes,
AA (Account Aggregator),indian_depository_receipts,Account.Profile.Holders.Holder,mobile,attribute,string,,,yes,
AA (Account Aggregator),indian_depository_receipts,Account.Profile.Holders.Holder,address,attribute,string,,,no,
AA (Account Aggregator),indian_depository_receipts,Account.Profile.Holders.Holder,landline,attribute,string,,,no,
AA (Account Aggregator),indian_depository_receipts,Account.Profile.Holders.Holder,email,attribute,string,,[^@]+@[^\.]+\..+,yes,
AA (Account Aggregator),indian_depository_receipts,Account.Profile.Holders.Holder,pan,attribute,string,,[a-zA-Z][a-zA-Z][a-zA-Z][a-zA-Z][a-zA-Z][0-9][0-9][0-9][0-9][a-zA-Z],yes,
AA (Account Aggregator),indian_depository_receipts,Account.Profile.Holders.Holder,dematId,attribute,string,,,yes,
AA (Account Aggregator),indian_depository_receipts,Account.Profile.Holders.Holder,ckycCompliance,attribute,boolean,,,yes,
AA (Account Aggregator),indian_depository_receipts,Account.Profile.Holders.Holder,nominee,attribute,string,REGISTERED|NOT-REGISTERED,,yes,
AA (Account Aggregator),indian_depository_receipts,Account.Summary,investmentValue,attribute,float,,,yes,
AA (Account Aggregator),indian_depository_receipts,Account.Summary,currentValue,attribute,float,,,yes,
AA (Account Aggregator),indian_depository_receipts,Account.Summary.Investment.Holdings,type,attribute,string,DEMAT|PHYSICAL,,yes,
AA (Account Aggregator),indian_depository_receipts,Account.Summary.Investment.Holdings.Holding,issuerName,attribute,string,,,yes,
AA (Account Aggregator),indian_depository_receipts,Account.Summary.Investment.Holdings.Holding,isin,attribute,string,,,yes,
AA (Account Aggregator),indian_depository_receipts,Account.Summary.Investment.Holdings.Holding,units,attribute,float,,,yes,
AA (Account Aggregator),indian_depository_receipts,Account.Summary.Investment.Holdings.Holding,rate,attribute,float,,,yes,
AA (Account Aggregator),indian_depository_receipts,Account.Summary.Investment.Holdings.Holding,investmentDateTime,attribute,dateTime,,,yes,
AA (Account Aggregator),indian_depository_receipts,Account.Summary.Investment.Holdings.Holding,lastTradedPrice,attribute,float,,,yes,
AA (Account Aggregator),indian_depository_receipts,Account.Summary.Investment.Holdings.Holding,description,attribute,string,,,yes,
AA (Account Aggregator),indian_depository_receipts,Account.Transactions,startDate,attribute,date,,,yes,Start date of investment since when it is applicable
AA (Account Aggregator),indian_depository_receipts,Account.Transactions,endDate,attribute,date,,,yes,End date of investment when tenure get complete
AA (Account Aggregator),indian_depository_receipts,Account.Transactions.Transaction,txnId,attribute,string,,,yes,
AA (Account Aggregator),indian_depository_receipts,Account.Transactions.Transaction,transactionDateTime,attribute,dateTime,,,yes,Transaction ID recorded or captured for investment made
AA (Account Aggregator),indian_depository_receipts,Account.Transactions.Transaction,orderId,attribute,string,,,yes,Order ID which generated at the time of placing the order
AA (Account Aggregator),indian_depository_receipts,Account.Transactions.Transaction,tradeId,attribute,string,,,yes,Trade ID linked with investment of portfolio owner
AA (Account Aggregator),indian_depository_receipts,Account.Transactions.Transaction,isin,attribute,string,,,yes,International Securities Identification Number (ISIN) uniquely identifies a security.
AA (Account Aggregator),indian_depository_receipts,Account.Transactions.Transaction,companyName,attribute,string,,,yes,Name of company in which investment made
AA (Account Aggregator),indian_depository_receipts,Account.Transactions.Transaction,symbol,attribute,string,,,yes,Symbol of the securities in which investment made and hold by investor
AA (Account Aggregator),indian_depository_receipts,Account.Transactions.Transaction,exchange,attribute,string,,,yes,Stock Exchange on which security is traded
AA (Account Aggregator),indian_depository_receipts,Account.Transactions.Transaction,rate,attribute,float,,,yes,Rate or net price on which investment made in security
AA (Account Aggregator),indian_depository_receipts,Account.Transactions.Transaction,tradeValue,attribute,float,,,yes,Trade value of investment as per market price
AA (Account Aggregator),indian_depository_receipts,Account.Transactions.Transaction,shareHolerEquityType,attribute,string,,,yes,
AA (Account Aggregator),indian_depository_receipts,Account.Transactions.Transaction,type,attribute,string,BUY|SELL|OTHERS,,yes,Transaction type may be BUY or SELL
AA (Account Aggregator),indian_depository_receipts,Account.Transactions.Transaction,units,attribute,float,,,yes,Units which are alloted in the portfolio of investor
AA (Account Aggregator),indian_depository_receipts,Account.Transactions.Transaction,otherCharges,attribute,float,,,yes,Other charge applied on the investment if applicable
AA (Account Aggregator),indian_depository_receipts,Account.Transactions.Transaction,totalCharge,attribute,float,,,yes,"Total charges includes finance charge, STT or other taxes/charge implied on investment"
AA (Account Aggregator),indian_depository_receipts,Account.Transactions.Transaction,narration,attribute,string,,,yes,Nararation is additional details in form of decription of remark associated with investment
AA (Account Aggregator),infrastructure_investment_trusts,Account,linkedAccRef,attribute,string,,,yes,
AA (Account Aggregator),infrastructure_investment_trusts,Account,maskedAccNumber,attribute,string,,,yes,
AA (Account Aggregator),infrastructure_investment_trusts,Account,version,attribute,string,,,yes,
AA (Account Aggregator),infrastructure_investment_trusts,Account,type,attribute,string,,,yes,
AA (Account Aggregator),infrastructure_investment_trusts,Account.Profile.Holders.Holder,name,attribute,string,,,yes,Name of primary holder operating the account.
AA (Account Aggregator),infrastructure_investment_trusts,Account.Profile.Holders.Holder,dob,attribute,date,,,yes,Date of birth of primary account holder.
AA (Account Aggregator),infrastructure_investment_trusts,Account.Profile.Holders.Holder,mobile,attribute,string,,,yes,Primary mobile number of account holder.
AA (Account Aggregator),infrastructure_investment_trusts,Account.Profile.Holders.Holder,address,attribute,string,,,no,
AA (Account Aggregator),infrastructure_investment_trusts,Account.Profile.Holders.Holder,landline,attribute,string,,,no,
AA (Account Aggregator),infrastructure_investment_trusts,Account.Profile.Holders.Holder,email,attribute,string,,[^@]+@[^\.]+\..+,yes,Email ID of primary account holder.
AA (Account Aggregator),infrastructure_investment_trusts,Account.Profile.Holders.Holder,dematId,attribute,string,,,yes,Demat ID assigned or issued to investor
AA (Account Aggregator),infrastructure_investment_trusts,Account.Profile.Holders.Holder,pan,attribute,string,,[a-zA-Z][a-zA-Z][a-zA-Z][a-zA-Z][a-zA-Z][0-9][0-9][0-9][0-9][a-zA-Z],yes,PAN number of primary account holder.
AA (Account Aggregator),infrastructure_investment_trusts,Account.Profile.Holders.Holder,ckycCompliance,attribute,boolean,,,yes,KYC status whether its completed or pending
AA (Account Aggregator),infrastructure_investment_trusts,Account.Profile.Holders.Holder,nominee,attribute,string,REGISTERED|NOT-REGISTERED,,yes,Name of nominee associated with the account.
AA (Account Aggregator),infrastructure_investment_trusts,Account.Summary,investmentValue,attribute,float,,,yes,
AA (Account Aggregator),infrastructure_investment_trusts,Account.Summary,currentValue,attribute,float,,,yes,
AA (Account Aggregator),infrastructure_investment_trusts,Account.Summary.Investment.Holdings.Holding,issuerName,attribute,string,,,yes,Name of party who issued the invit in which investment made.
AA (Account Aggregator),infrastructure_investment_trusts,Account.Summary.Investment.Holdings.Holding,isin,attribute,string,,,yes,International Securities Identification Number (ISIN) uniquely identifies a security.
AA (Account Aggregator),infrastructure_investment_trusts,Account.Summary.Investment.Holdings.Holding,investmentDateTime,attribute,dateTime,,,yes,Investment date time stamp for particular record when investment taken place.
AA (Account Aggregator),infrastructure_investment_trusts,Account.Summary.Investment.Holdings.Holding,rate,attribute,float,,,yes,Rate or net price on which investment made in security.
AA (Account Aggregator),infrastructure_investment_trusts,Account.Summary.Investment.Holdings.Holding,totalNumberUnits,attribute,integer,,,yes,Total number of units issued to investor in the fund opted.
AA (Account Aggregator),infrastructure_investment_trusts,Account.Summary.Investment.Holdings.Holding,lastClosingRate,attribute,float,,,yes,Closing Price or Rate on which security trade in the open market
AA (Account Aggregator),infrastructure_investment_trusts,Account.Summary.Investment.Holdings.Holding,description,attribute,string,,,yes,Description or details of security in which investment made.
AA (Account Aggregator),infrastructure_investment_trusts,Account.Transactions,startDate,attribute,date,,,yes,Start date of investment since when it is applicable
AA (Account Aggregator),infrastructure_investment_trusts,Account.Transactions,endDate,attribute,date,,,yes,End date of investment when tenure get complete
AA (Account Aggregator),infrastructure_investment_trusts,Account.Transactions.Transaction,txnId,attribute,string,,,yes,Transaction ID recorded or captured for investment made
AA (Account Aggregator),infrastructure_investment_trusts,Account.Transactions.Transaction,isin,attribute,string,,,yes,International Securities Identification Number (ISIN) uniquely identifies a security.
AA (Account Aggregator),infrastructure_investment_trusts,Account.Transactions.Transaction,issuerName,attribute,string,,,yes,Name of issuer
AA (Account Aggregator),infrastructure_investment_trusts,Account.Transactions.Transaction,symbol,attribute,string,,,yes,Symbol of the securities in which investment made and hold by investor.
AA (Account Aggregator),infrastructure_investment_trusts,Account.Transactions.Transaction,exchange,attribute,string,,,yes,Stock Exchange on which security is traded
AA (Account Aggregator),infrastructure_investment_trusts,Account.Transactions.Transaction,transactionDescription,attribute,string,,,yes,Description or details of transaction in which investment made.
AA (Account Aggregator),infrastructure_investment_trusts,Account.Transactions.Transaction,transactionDateTime,attribute,dateTime,,,yes,Transaction date time stamp for particular record when investment taken place.
AA (Account Aggregator),infrastructure_investment_trusts,Account.Transactions.Transaction,price,attribute,float,,,yes,Price or market value on investment taken place.
AA (Account Aggregator),infrastructure_investment_trusts,Account.Transactions.Transaction,unitsType,attribute,string,,,yes,
AA (Account Aggregator),infrastructure_investment_trusts,Account.Transactions.Transaction,numUnitsTransacted,attribute,integer,,,yes,Number of unit alloted in portfolio as per transaction conducted.
AA (Account Aggregator),infrastructure_investment_trusts,Account.Transactions.Transaction,tradeValue,attribute,float,,,yes,Trade value of investment as per market price.
AA (Account Aggregator),infrastructure_investment_trusts,Account.Transactions.Transaction,totalCharge,attribute,float,,,yes,"Total charges includes finance charge, STT or other taxes/charge implied on investment."
AA (Account Aggregator),infrastructure_investment_trusts,Account.Transactions.Transaction,otherCharges,attribute,float,,,yes,Other charge applied on the investment if applicable.
AA (Account Aggregator),insurance_policies,Account,type,attribute,string,,,yes,
AA (Account Aggregator),insurance_policies,Account,maskedAccNumber,attribute,string,,,yes,
AA (Account Aggregator),insurance_policies,Account,version,attribute,float,,,yes,
AA (Account Aggregator),insurance_policies,Account,linkedAccRef,attribute,string,,,yes,
AA (Account Aggregator),insurance_policies,Account.Profile.Holders,type,attribute,string,SINGLE|JOINT,,yes,
AA (Account Aggregator),insurance_policies,Account.Profile.Holders.Holder,rank,attribute,string,1|2,,yes,
AA (Account Aggregator),insurance_policies,Account.Profile.Holders.Holder,name,attribute,string,,,yes,Name of primary holder operating the account
AA (Account Aggregator),insurance_policies,Account.Profile.Holders.Holder,dob,attribute,date,,,yes,Date of birth of primary account holder
AA (Account Aggregator),insurance_policies,Account.Profile.Holders.Holder,mobile,attribute,string,,,yes,Primary mobile number of account holder
AA (Account Aggregator),insurance_policies,Account.Profile.Holders.Holder,landline,attribute,string,,,no,Landline number of account holder
AA (Account Aggregator),insurance_policies,Account.Profile.Holders.Holder,address,attribute,string,,,no,Address of account holder
AA (Account Aggregator),insurance_policies,Account.Profile.Holders.Holder,email,attribute,string,,[^@]+@[^\.]+\..+,yes,Email ID of primary account holder
AA (Account Aggregator),insurance_policies,Account.Profile.Holders.Holder,pan,attribute,string,,[a-zA-Z][a-zA-Z][a-zA-Z][a-zA-Z][a-zA-Z][0-9][0-9][0-9][0-9][a-zA-Z],no,PAN number of primary account holder
AA (Account Aggregator),insurance_policies,Account.Profile.Holders.Holder,ckycCompliance,attribute,boolean,,,no,KYC status whether its completed or pending
AA (Account Aggregator),insurance_policies,Account.Profile.Holders.Holder,nominee,attribute,string,REGISTERED|NOT-REGISTERED,,yes,Name of nominee associated with the account
AA (Account Aggregator),insurance_policies,Account.Profile.Riders.Rider,riderType,attribute,string,,,yes,"Type of Insurance Rider if present. E.g., Accidental death rider, waiver of premium, etc."
AA (Account Aggregator),insurance_policies,Account.Profile.Riders.Rider,sumAssured,attribute,string,,,yes,"The amount that the insurer agrees to pay on the occurrence of an event. E.g., the guaranteed amount that the beneficiary of the life insurance policy will receive in case of the holder's death."
AA (Account Aggregator),insurance_policies,Account.Profile.Riders.Rider,tenureYears,attribute,string,,,yes,The duration in years for which the policy provides insurance coverage.
AA (Account Aggregator),insurance_policies,Account.Profile.Riders.Rider,tenureMonths,attribute,string,,,yes,The duration in months for which the policy provides insurance coverage
AA (Account Aggregator),insurance_policies,Account.Profile.Riders.Rider,premiumAmount,attribute,string,,,yes,The amount paid periodically to the insurer by the holder for covering the risk.
AA (Account Aggregator),insurance_policies,Account.Profile.Riders.Rider,policyStartDate,attribute,date,,,yes,Start date of policy mentioned at the time of issuing
AA (Account Aggregator),insurance_policies,Account.Profile.Riders.Rider,policyEndDate,attribute,date,,,yes,Date of policy when it will get expired.
AA (Account Aggregator),insurance_policies,Account.Summary,policyName,attribute,string,,,yes,Name of policy which is purchased
AA (Account Aggregator),insurance_policies,Account.Summary,policyNumber,attribute,string,,,yes,Policy Number alloted or assigned
AA (Account Aggregator),insurance_policies,Account.Summary,eiaNumber,attribute,string,,,yes,e-Insurance Account or Electronic Insurance Account number
AA (Account Aggregator),insurance_policies,Account.Summary,policyDescription,attribute,string,,,no,Description of policy
AA (Account Aggregator),insurance_policies,Account.Summary,sumAssured,attribute,float,,,yes,Amount or value of insurance
AA (Account Aggregator),insurance_policies,Account.Summary,coverAmount,attribute,float,,,yes,Amount or value of cover in insurance
AA (Account Aggregator),insurance_policies,Account.Summary,tenureMonths,attribute,string,,,yes,Months which are passed since investment made
AA (Account Aggregator),insurance_policies,Account.Summary,tenureYears,attribute,string,,,yes,Years which are passed since investment made
AA (Account Aggregator),insurance_policies,Account.Summary,premiumAmount,attribute,float,,,yes,Premium amount to be paid for the policy
AA (Account Aggregator),insurance_policies,Account.Summary,policyStartDate,attribute,date,,,yes,Date since when policy is valid or stated
AA (Account Aggregator),insurance_policies,Account.Summary,policyExpiryDate,attribute,date,,,no,
AA (Account Aggregator),insurance_policies,Account.Summary,policyType,attribute,string,TERM|ENDOWMENT|MONEYBACK|PENSION_PLAN|WHOLE_LIFE|CHILDREN_PLAN|LOAN_COVER_TERM|COMPREHENSIVE|THIRD_PARTY|OTHERS,,yes,"The specific type of Insurance Life, Motor or Health Insurance. E.g Child's Plan"
AA (Account Aggregator),insurance_policies,Account.Summary,coverType,attribute,string,TERM_ROP|CRITICAL_ILLNESS|HEALTH|SELF|FAMILY|BUILDING|CONTENTS|OTHERS,,yes,"The specific risk types covered by the Insurance. E.g., Home insurance might cover Home Structure/ Building or Burglary/Theft, etc."
AA (Account Aggregator),insurance_policies,Account.Summary,premiumFrequency,attribute,string,MONTHLY|QUARTELY|HALF_YEARLY|YEARLY|ONE_TIME,,yes,"Frequnecy of premium to be paid whether monthly, quarterly or annually"
AA (Account Aggregator),insurance_policies,Account.Summary,premiumPaymentYears,attribute,positiveInteger,,,yes,Number of year till when premium is require to pay.
AA (Account Aggregator),insurance_policies,Account.Summary,premiumPaymentMonths,attribute,positiveInteger,,,yes,Number of month till when premium is require to pay
AA (Account Aggregator),insurance_policies,Account.Summary,nextPremiumDueDate,attribute,date,,,no,
AA (Account Aggregator),insurance_policies,Account.Summary,maturityDate,attribute,date,,,yes,Date of maturity for investment
AA (Account Aggregator),insurance_policies,Account.Summary,maturityBenefit,attribute,string,,,yes,The lump-sum amount the insurance company pay the holder after the maturity of insurance policy.
AA (Account Aggregator),insurance_policies,Account.Summary.MoneyBacks.MoneyBack,date,attribute,date,,,yes,Start date of policy
AA (Account Aggregator),insurance_policies,Account.Summary.MoneyBacks.MoneyBack,amount,attribute,float,,,yes,
AA (Account Aggregator),insurance_policies,Account.Summary.MoneyBacks.MoneyBack,description,attribute,string,,,yes,Description or details of security in which investment made
AA (Account Aggregator),insurance_policies,Account.Summary.ContractClauses.ContractClause,title,attribute,string,,,yes,In case of Title insurance whether it is Lender's or Owner's Title insurance
AA (Account Aggregator),insurance_policies,Account.Summary.ContractClauses.ContractClause,subLimit,attribute,string,,,yes,The amount of coverage available to cover a specific type of loss
AA (Account Aggregator),insurance_policies,Account.Summary.ContractClauses.ContractClause,conditions,attribute,string,,,yes,"The specific provisions, rules of conduct, duties, and obligations that the holder must comply with in order to keep coverage in effect. If these conditions are not met, the insurer can deny the claim."
AA (Account Aggregator),insurance_policies,Account.Summary.ContractClauses.ContractClause,exlcusions,attribute,string,,,yes,The risk(s) excluded from the insurance policy coverage
AA (Account Aggregator),insurance_policies,Account.Summary.ContractClauses.ContractClause,amount,attribute,float,,,yes,
AA (Account Aggregator),insurance_policies,Account.Summary.ContractClauses.ContractClause,description,attribute,string,,,yes,Description or details of security in which investment made
AA (Account Aggregator),insurance_policies,Account.Summary.Covers.Cover,amount,attribute,float,,,yes,
AA (Account Aggregator),insurance_policies,Account.Summary.Covers.Cover,description,attribute,string,,,yes,Description or details of security in which investment made
AA (Account Aggregator),insurance_policies,Account.Transactions,startDate,attribute,date,,,yes,Start date of investment since when it is applicable
AA (Account Aggregator),insurance_policies,Account.Transactions,endDate,attribute,date,,,yes,End date of investment when tenure get complete
AA (Account Aggregator),insurance_policies,Account.Transactions.Transaction,txnId,attribute,string,,,yes,Transaction ID recorded or captured for investment made
AA (Account Aggregator),insurance_policies,Account.Transactions.Transaction,txnDate,attribute,date,,,yes,Transaction date time stamp for particular record when investment taken place
AA (Account Aggregator),insurance_policies,Account.Transactions.Transaction,narration,attribute,string,,,yes,Nararation is additional details in form of decription of remark associated with investment
AA (Account Aggregator),insurance_policies,Account.Transactions.Transaction,type,attribute,string,PREMIUM_PAYMENT|BONUS|MONEY_BACK|LATE_FEES|FINAL_SETTLEMENT|CLAIM|PLAN_CHANGE|INSURANCE_RENEWWAL|OTHERS,,yes,"Transaction type; may be payment, charge adjustment or credit adjustment"
AA (Account Aggregator),insurance_policies,Account.Transactions.Transaction,amount,attribute,float,,,yes,The transaction amount
AA (Account Aggregator),life_insurance,Account,type,attribute,string,,,yes,
AA (Account Aggregator),life_insurance,Account,linkedAccRef,attribute,string,,,yes,
AA (Account Aggregator),life_insurance,Account,version,attribute,string,1.0.0,,yes,
AA (Account Aggregator),life_insurance,Account,maskedPolicyNumber,attribute,string,,,yes,A unique number that an insurance company uses to identify a policyholder.
AA (Account Aggregator),life_insurance,Account.Profile.Holders.Holder,name,attribute,string,,,yes,Name of the policyholder.
AA (Account Aggregator),life_insurance,Account.Summary,policyType,attribute,string,TERM|ENDOWMENT|PARTICIPATING|NON_PARTICIPATING|PROTECTION|ULIP|ANNUITY|RETIREMENT|OTHER,,yes,Type of the policy.
AA (Account Aggregator),life_insurance,Account.Summary,policyStatus,attribute,string,ACTIVE|INACTIVE,,yes,"Status of the policy whether ""Active"" or ""Inactive""."
AA (Account Aggregator),life_insurance,Account.Summary,sumAssured,attribute,float,,,yes,Fixed amount that the insurer pays to the policyholder in case of an eventuality.
AA (Account Aggregator),life_insurance,Account.Summary,tenureYears,attribute,string,,,yes,The duration in years for which the policy provides insurance coverage.
AA (Account Aggregator),life_insurance,Account.Summary,premiumPaymentYears,attribute,positiveInteger,,,yes,Number of years till when premium is required to be paid.
AA (Account Aggregator),life_insurance,Account.Summary,premiumAmount,attribute,float,,,yes,The amount paid periodically to the insurer by the policyholder for covering the risk.
AA (Account Aggregator),life_insurance,Account.Summary,premiumFrequency,attribute,string,MONTHLY|QUARTERLY|HALF_YEARLY|ANNUALLY,,yes,"Frequency of premium to be paid whether monthly, quarterly, half-yearly or annually."
AA (Account Aggregator),life_insurance,Account.Summary,policyLoanStatus,attribute,string,OPTED|NOT_OPTED,,yes,Status whether loan is opted on the policy or not.
AA (Account Aggregator),life_insurance,Account.Summary,currentValue,attribute,float,,,yes,Current market value of the investment.
AA (Account Aggregator),life_insurance,Account.Summary,assignment,attribute,string,YES|NO,,yes,Whether the policy has been assigned or not.
AA (Account Aggregator),life_insurance,Account.Summary,surrenderValue,attribute,float,,,yes,Surrender value as on date.
AA (Account Aggregator),life_insurance,Account.Summary,exclusions,attribute,string,,,yes,"Exclusions in policy, if any."
AA (Account Aggregator),life_insurance,Account.Transactions,Transaction,element,,,,no,
AA (Account Aggregator),mutual_funds,Account,linkedAccRef,attribute,string,,,yes,
AA (Account Aggregator),mutual_funds,Account,maskedAccNumber,attribute,string,,,yes,
AA (Account Aggregator),mutual_funds,Account,version,attribute,float,,,yes,
AA (Account Aggregator),mutual_funds,Account,type,attribute,string,,,yes,
AA (Account Aggregator),mutual_funds,Account.Profile.Holders.Holder,name,attribute,string,,,yes,Name of primary holder operating the account.
AA (Account Aggregator),mutual_funds,Account.Profile.Holders.Holder,dob,attribute,date,,,yes,Date of birth of primary account holder
AA (Account Aggregator),mutual_funds,Account.Profile.Holders.Holder,mobile,attribute,integer,,,yes,Primary mobile number of account holder
AA (Account Aggregator),mutual_funds,Account.Profile.Holders.Holder,nominee,attribute,string,REGISTERED|NOT-REGISTERED,,yes,Name of nominee associated with the account.
AA (Account Aggregator),mutual_funds,Account.Profile.Holders.Holder,dematId,attribute,string,,,yes,Demat ID assigned or issued to investor
AA (Account Aggregator),mutual_funds,Account.Profile.Holders.Holder,landline,attribute,string,,,no,Landline number of account holder.
AA (Account Aggregator),mutual_funds,Account.Profile.Holders.Holder,address,attribute,string,,,no,Address of account holder.
AA (Account Aggregator),mutual_funds,Account.Profile.Holders.Holder,email,attribute,string,,[^@]+@[^\.]+\..+,yes,Email ID of primary account holder.
AA (Account Aggregator),mutual_funds,Account.Profile.Holders.Holder,pan,attribute,string,,[a-zA-Z][a-zA-Z][a-zA-Z][a-zA-Z][a-zA-Z][0-9][0-9][0-9][0-9][a-zA-Z],yes,PAN number of primary account holder
AA (Account Aggregator),mutual_funds,Account.Profile.Holders.Holder,ckycCompliance,attribute,boolean,,,yes,KYC status whether its completed or pending.
AA (Account Aggregator),mutual_funds,Account.Summary,investmentValue,attribute,float,,,yes,Principal or Actual amount of investment.
AA (Account Aggregator),mutual_funds,Account.Summary,currentValue,attribute,float,,,yes,Current value of investment as on date.
AA (Account Aggregator),mutual_funds,Account.Summary.Investment.Holdings.Holding,amc,attribute,string,,,yes,Name of asset management company associated with investment
AA (Account Aggregator),mutual_funds,Account.Summary.Investment.Holdings.Holding,registrar,attribute,string,,,yes,Trust or institution registering and maintaining the detailed records of the transactions of investors for the convenience of mutual fund houses. E.g. CAMS/KARVY
AA (Account Aggregator),mutual_funds,Account.Summary.Investment.Holdings.Holding,schemeCode,attribute,string,,,yes,Code of scheme choosen by person for the investment
AA (Account Aggregator),mutual_funds,Account.Summary.Investment.Holdings.Holding,isin,attribute,string,,,yes,International Securities Identification Number (ISIN) uniquely identifies a security.
AA (Account Aggregator),mutual_funds,Account.Summary.Investment.Holdings.Holding,ucc,attribute,string,,,yes,Unique Client Code generated by Stock Exchanges.
AA (Account Aggregator),mutual_funds,Account.Summary.Investment.Holdings.Holding,amfiCode,attribute,string,,,yes,AMFI code associated with investment made.
AA (Account Aggregator),mutual_funds,Account.Summary.Investment.Holdings.Holding,folioNo,attribute,string,,,yes,Unique folio number associated with investment.
AA (Account Aggregator),mutual_funds,Account.Summary.Investment.Holdings.Holding,dividendType,attribute,string,,,yes,"May be Cash, Stock, Property, Scrip or Liquidating."
AA (Account Aggregator),mutual_funds,Account.Summary.Investment.Holdings.Holding,FatcaStatus,attribute,string,,,yes,Whether the Mutual Fund is FATCA (Foreign Account Tax Compliance Act) compliant - Yes/No.
AA (Account Aggregator),mutual_funds,Account.Summary.Investment.Holdings.Holding,mode,attribute,string,DEMAT|PHYSICAL,,yes,Mode of investment whether it one time or SIP.
AA (Account Aggregator),mutual_funds,Account.Summary.Investment.Holdings.Holding,units,attribute,string,,,yes,Units allotted in folio till date
AA (Account Aggregator),mutual_funds,Account.Summary.Investment.Holdings.Holding,closingUnits,attribute,string,,,yes,
AA (Account Aggregator),mutual_funds,Account.Summary.Investment.Holdings.Holding,lienUnits,attribute,string,,,yes,The number of units which have been marked as Lien (Mutual fund units pledged against some borrowed amount).
AA (Account Aggregator),mutual_funds,Account.Summary.Investment.Holdings.Holding,rate,attribute,string,,,yes,"Rate at which it was bought, in case of multiple transaction, the rate will be the average buy price"
AA (Account Aggregator),mutual_funds,Account.Summary.Investment.Holdings.Holding,nav,attribute,string,,,yes,NAV is current market rate of security held as on date
AA (Account Aggregator),mutual_funds,Account.Summary.Investment.Holdings.Holding,lockingUnits,attribute,string,,,yes,Units which are locked and not available for sale
AA (Account Aggregator),mutual_funds,Account.Transactions,startDate,attribute,date,,,yes,Start date of investment since when it is applicable
AA (Account Aggregator),mutual_funds,Account.Transactions,endDate,attribute,date,,,yes,End date of investment when tenure get complete
AA (Account Aggregator),mutual_funds,Account.Transactions.Transaction,txnId,attribute,string,,,yes,Transaction ID recorded or captured for investment made.
AA (Account Aggregator),mutual_funds,Account.Transactions.Transaction,amc,attribute,string,,,yes,Assset Management company which is operating the fun.
AA (Account Aggregator),mutual_funds,Account.Transactions.Transaction,registrar,attribute,string,,,yes,Trust or institution registering and maintaining the detailed record of the given transaction. E.g. CAMS/KARVY.
AA (Account Aggregator),mutual_funds,Account.Transactions.Transaction,schemeCode,attribute,string,,,yes,Code of scheme choosen by person for the investment.
AA (Account Aggregator),mutual_funds,Account.Transactions.Transaction,schemePlan,attribute,string,DIRECT|REGULAR,,yes,"It defines the options to buy the same mutual fund scheme, run by the same fund managers who invest in the same stocks and bonds."
AA (Account Aggregator),mutual_funds,Account.Transactions.Transaction,isin,attribute,string,,,yes,International Securities Identification Number (ISIN) uniquely identifies a security.
AA (Account Aggregator),mutual_funds,Account.Transactions.Transaction,amfiCode,attribute,string,,,yes,AMFI code associated with investment made.
AA (Account Aggregator),mutual_funds,Account.Transactions.Transaction,fundType,attribute,string,EQUITY|DEBT|HYBRID|SOLUTION_ORIENTED_SCHEMES|OTHERS,,yes,"The type of mutual fund. May be money market funds, fixed income funds, equity funds, balanced funds, index funds or real estate funds."
AA (Account Aggregator),mutual_funds,Account.Transactions.Transaction,schemeOption,attribute,string,REINVEST|PAYOUT|GROWTH_TYPE,,yes,
AA (Account Aggregator),mutual_funds,Account.Transactions.Transaction,schemeTypes,attribute,string,EQUITY_SCHEMES|DEBT_SCHEMES|HYBRID_SCHEMES|SOLUTION_ORIENTED_SCHEMES|OTHER_SCHEMES,,yes,Please refer: https://www.sebi.gov.in/legal/circulars/oct-2017/categorization-and-rationalization-of-mutual-fund-schemes_36199.html
AA (Account Aggregator),mutual_funds,Account.Transactions.Transaction,schemeCategory,attribute,string,MULTI_CAP_FUND|LARGE_CAP_FUND|LARGE_and_MID_CAP_FUND|MIDCAP_FUND|SMALL_CAP_FUND|DIVIDEND_YIELD_FUND|VALUE_FUND|CONTRA_FUND|FOCUSED_FUND|SECTORAL_OR_THEMATIC|ELSS|OVERNIGHT_FUND|LIQUID_FUND|ULTRA_SHORT_DURATION_FUND|LOW_DURATION_FUND|MONEY_MARKET_FUND|SHORT_DURATION_FUND|MEDIUM_DURATION_FUND|MEDIUM_TO _LONG_DURATION_FUND|LONG_DURATION_FUND|DYNAMIC_BOND|CORPORATE_BOND_FUND|CREDIT_RISK_FUND|BANKING_AND_PSU_FUND|GILT_FUND|GILT_FUND_WITH_10_YEAR_CONSTANT_DURATION|FLOATER_FUND|CONSERVATIVE_HYBRID_FUND|BALANCED_HYBRID_FUND|AGGRESSIVE_HYBRID_FUND|DYNAMIC_ASSET_ALLOCATION_OR_BALANCED_ADVANTAGE|MULTI_ASSET_ALLOCATION|ARBITRAGE_FUND|EQUITY_SAVINGS|RETIREMENT_FUND|CHILDREN’S_FUND|INDEX_FUNDS_OR_ETFS|FOFS_OVERSEAS_OR_DOMESTIC,,yes,Please refer: https://www.sebi.gov.in/legal/circulars/oct-2017/categorization-and-rationalization-of-mutual-fund-schemes_36199.html
AA (Account Aggregator),mutual_funds,Account.Transactions.Transaction,ucc,attribute,string,,,yes,Unique Client Code generated by Stock Exchanges for the given transaction.
AA (Account Aggregator),mutual_funds,Account.Transactions.Transaction,amount,attribute,string,,,yes,The transaction amount.
AA (Account Aggregator),mutual_funds,Account.Transactions.Transaction,closingUnits,attribute,string,,,yes,
AA (Account Aggregator),mutual_funds,Account.Transactions.Transaction,lienUnits,attribute,string,,,yes,The number of units which have been marked as Lien (Mutual fund units pledged against some borrowed amount)
AA (Account Aggregator),mutual_funds,Account.Transactions.Transaction,nav,attribute,string,,,yes,NAV is current market rate of security held as on date.
AA (Account Aggregator),mutual_funds,Account.Transactions.Transaction,navDate,attribute,date,,,yes,NAV is current market rate of security held as on date.
AA (Account Aggregator),mutual_funds,Account.Transactions.Transaction,type,attribute,string,BUY|SELL|OTHERS,,yes,Transaction type may be BUY or SELL.
AA (Account Aggregator),mutual_funds,Account.Transactions.Transaction,orderDate,attribute,date,,,yes,Date when order is placed for investment.
AA (Account Aggregator),mutual_funds,Account.Transactions.Transaction,executionDate,attribute,date,,,yes,Date when order is executed.
AA (Account Aggregator),mutual_funds,Account.Transactions.Transaction,lock-inFlag,attribute,string,,,yes,Flag which identify units which are locked and not available for sale.
AA (Account Aggregator),mutual_funds,Account.Transactions.Transaction,lock-inDays,attribute,string,,,yes,Units which are locked and not available for sale.
AA (Account Aggregator),mutual_funds,Account.Transactions.Transaction,mode,attribute,string,DEMAT|PHYSICAL,,yes,"Mode of transaction. May be DEMAT,NEFT,Net banking, etc."
AA (Account Aggregator),mutual_funds,Account.Transactions.Transaction,narration,attribute,string,,,yes,Nararation is additional details in form of decription of remark associated with investment.
AA (Account Aggregator),national_pension_system,Account,maskedAccNumber,attribute,string,,,yes,
AA (Account Aggregator),national_pension_system,Account,version,attribute,float,,,yes,
AA (Account Aggregator),national_pension_system,Account,linkedAccRef,attribute,string,,,yes,
AA (Account Aggregator),national_pension_system,Account,type,attribute,string,,,yes,
AA (Account Aggregator),national_pension_system,Account.Profile.Holders.Holder,name,attribute,string,,,yes,Name of primary holder operating the account
AA (Account Aggregator),national_pension_system,Account.Profile.Holders.Holder,dob,attribute,date,,,yes,Date of birth of primary account holder
AA (Account Aggregator),national_pension_system,Account.Profile.Holders.Holder,mobile,attribute,integer,,,yes,Primary mobile number of account holder
AA (Account Aggregator),national_pension_system,Account.Profile.Holders.Holder,nominee,attribute,string,REGISTERED|NOT-REGISTERED,,yes,Name of nominee associated with the account
AA (Account Aggregator),national_pension_system,Account.Profile.Holders.Holder,pranId,attribute,string,,,yes,
AA (Account Aggregator),national_pension_system,Account.Profile.Holders.Holder,landline,attribute,string,,,no,Landline number of account holder
AA (Account Aggregator),national_pension_system,Account.Profile.Holders.Holder,address,attribute,string,,,no,Address of account holder
AA (Account Aggregator),national_pension_system,Account.Profile.Holders.Holder,email,attribute,string,,[^@]+@[^\.]+\..+,yes,Email id of account holder
AA (Account Aggregator),national_pension_system,Account.Profile.Holders.Holder,pan,attribute,string,,[a-zA-Z][a-zA-Z][a-zA-Z][a-zA-Z][a-zA-Z][0-9][0-9][0-9][0-9][a-zA-Z],yes,PAN number of primary account holder
AA (Account Aggregator),national_pension_system,Account.Profile.Holders.Holder,ckycCompliance,attribute,boolean,,,yes,KYC status whether its completed or pending
AA (Account Aggregator),national_pension_system,Account.Summary,openingDate,attribute,date,,,yes,Date of account opening and intial investment made.
AA (Account Aggregator),national_pension_system,Account.Summary,currentValue,attribute,float,,,yes,Current value of investment as on date.
AA (Account Aggregator),national_pension_system,Account.Summary,status,attribute,string,ACTIVE|DEACTIVATED,,yes,"Status of the account whther active, inactive, dormant or any other."
AA (Account Aggregator),national_pension_system,Account.Summary,tier1Status,attribute,string,ACTIVE|DEACTIVATED|FROZEN,,yes,"Status of fund whether its active, inactive or dormant."
AA (Account Aggregator),national_pension_system,Account.Summary,tier2NAVDate,attribute,date,,,yes,Net assets value of fund in which investment made as part of tier2 NPS investment.
AA (Account Aggregator),national_pension_system,Account.Summary,tier2Status,attribute,string,ACTIVE|FROZEN|DEACTIVATED|NA,,yes,"Status of fund whether its active, inactive or dormant."
AA (Account Aggregator),national_pension_system,Account.Summary,tier1NAVDate,attribute,date,,,yes,Net assets value of fund in which investment made as part of tier1 NPS investment.
AA (Account Aggregator),national_pension_system,Account.Summary,debtAssetValue,attribute,float,,,yes,Amount or Value of investment made in debt instrument of NPS scheme.
AA (Account Aggregator),national_pension_system,Account.Summary,equityAssetValue,attribute,float,,,yes,Amount or Value of investment made in equity instrument of NPS scheme.
AA (Account Aggregator),national_pension_system,Account.Summary,otherAssetValue,attribute,float,,,yes,Amount or Value of investment made in other instrument of NPS scheme.
AA (Account Aggregator),national_pension_system,Account.Summary.SchemeChoices.SchemeChoice,allocationPercent,attribute,string,,,yes,"Seggragation and Percentage of units alloted in equity, debt and govt. funds"
AA (Account Aggregator),national_pension_system,Account.Summary.SchemeChoices.SchemeChoice,pfmId,attribute,string,,,yes,ID of portfolio fund manager handling the account.
AA (Account Aggregator),national_pension_system,Account.Summary.SchemeChoices.SchemeChoice,pfmName,attribute,string,,,yes,Name of portfolio fund manager handling the account
AA (Account Aggregator),national_pension_system,Account.Summary.SchemeChoices.SchemeChoice,schemeId,attribute,string,,,yes,ID of scheme choosen by person for the investment.
AA (Account Aggregator),national_pension_system,Account.Summary.SchemeChoices.SchemeChoice,schemeName,attribute,string,,,yes,Name of scheme choosen by person for the investment.
AA (Account Aggregator),national_pension_system,Account.Summary.Holdings.Tier1Holdings,schemePreferenceType,attribute,string,AUTO|ACTIVE,,yes,Preference or Percentage of investor selected for investment made in various security type
AA (Account Aggregator),national_pension_system,Account.Summary.Holdings.Tier1Holdings,freeUnits,attribute,positiveInteger,,,yes,The number of units not under any transition
AA (Account Aggregator),national_pension_system,Account.Summary.Holdings.Tier1Holdings,investmentCost,attribute,float,,,yes,Principal or Actual amount of investment in Tier 1
AA (Account Aggregator),national_pension_system,Account.Summary.Holdings.Tier1Holdings,investmentValue,attribute,float,,,yes,Principal or Actual amount of investment
AA (Account Aggregator),national_pension_system,Account.Summary.Holdings.Tier1Holdings.Tier1Holding,amount,attribute,float,,,yes,Principal or Actual amount of investment in Tier1.
AA (Account Aggregator),national_pension_system,Account.Summary.Holdings.Tier1Holdings.Tier1Holding,amountInTransition,attribute,float,,,yes,The number of units blocked to complete a transition (Scheme Change/Withdrawal/Shifting request is under progress).
AA (Account Aggregator),national_pension_system,Account.Summary.Holdings.Tier1Holdings.Tier1Holding,blockedUnits,attribute,positiveInteger,,,yes,Number of units which are blocked for specific period and not available for sale
AA (Account Aggregator),national_pension_system,Account.Summary.Holdings.Tier1Holdings.Tier1Holding,freeUnits,attribute,positiveInteger,,,yes,The number of units not under any transition
AA (Account Aggregator),national_pension_system,Account.Summary.Holdings.Tier1Holdings.Tier1Holding,nav,attribute,string,,,yes,NAV is current market rate of security held as on date
AA (Account Aggregator),national_pension_system,Account.Summary.Holdings.Tier1Holdings.Tier1Holding,schemeName,attribute,string,,,yes,Name of scheme choosen by person for the investment.
AA (Account Aggregator),national_pension_system,Account.Summary.Holdings.Tier1Holdings.Tier1Holding,schemeId,attribute,string,,,yes,ID of scheme choosen by person for the investment.
AA (Account Aggregator),national_pension_system,Account.Summary.Holdings.Tier1Holdings.Tier1Holding,totalUnits,attribute,positiveInteger,,,yes,Total number of units issued to investor in the fund opted
AA (Account Aggregator),national_pension_system,Account.Summary.Holdings.Tier1Holdings.Tier1Holding,totalValueOfScheme,attribute,float,,,yes,Total combined and consolidated value of investment scheme in Tier 1.
AA (Account Aggregator),national_pension_system,Account.Summary.Holdings.Tier2Holdings,schemePreferenceType,attribute,string,AUTO|ACTIVE|NA,,yes,Preference or Percentage of investor selected for investment made in various security type
AA (Account Aggregator),national_pension_system,Account.Summary.Holdings.Tier2Holdings,freeUnits,attribute,positiveInteger,,,yes,The number of units not under any transition
AA (Account Aggregator),national_pension_system,Account.Summary.Holdings.Tier2Holdings,investmentCost,attribute,float,,,yes,Principal or Actual amount of investment in Tier 1
AA (Account Aggregator),national_pension_system,Account.Summary.Holdings.Tier2Holdings,investmentValue,attribute,float,,,yes,Principal or Actual amount of investment
AA (Account Aggregator),national_pension_system,Account.Summary.Holdings.Tier2Holdings.Tier2Holding,amount,attribute,float,,,yes,Principal or Actual amount of investment in Tier 2
AA (Account Aggregator),national_pension_system,Account.Summary.Holdings.Tier2Holdings.Tier2Holding,amountInTransition,attribute,float,,,yes,The number of units blocked to complete a transition (Scheme Change/Withdrawal/Shifting request is under progress).
AA (Account Aggregator),national_pension_system,Account.Summary.Holdings.Tier2Holdings.Tier2Holding,blockedUnits,attribute,positiveInteger,,,yes,Number of units which are blocked for specific period and not available for sale.
AA (Account Aggregator),national_pension_system,Account.Summary.Holdings.Tier2Holdings.Tier2Holding,freeUnits,attribute,positiveInteger,,,yes,The number of units not under any transition
AA (Account Aggregator),national_pension_system,Account.Summary.Holdings.Tier2Holdings.Tier2Holding,nav,attribute,string,,,yes,NAV is current market rate of security held as on date.
AA (Account Aggregator),national_pension_system,Account.Summary.Holdings.Tier2Holdings.Tier2Holding,schemeName,attribute,string,,,yes,Name of scheme choosen by person for the investment.
AA (Account Aggregator),national_pension_system,Account.Summary.Holdings.Tier2Holdings.Tier2Holding,schemeId,attribute,string,,,yes,ID of scheme choosen by person for the investment
AA (Account Aggregator),national_pension_system,Account.Summary.Holdings.Tier2Holdings.Tier2Holding,totalUnits,attribute,positiveInteger,,,yes,Total number of units issued to investor in the fund opted
AA (Account Aggregator),national_pension_system,Account.Summary.Holdings.Tier2Holdings.Tier2Holding,totalValueOfScheme,attribute,float,,,yes,Total combined and consolidated value of investment scheme in Tier 2.
AA (Account Aggregator),national_pension_system,Account.Transactions,startDate,attribute,date,,,yes,Start date of investment since when it is applicable.
AA (Account Aggregator),national_pension_system,Account.Transactions,endDate,attribute,date,,,yes,End date of investment when tenure get complete
AA (Account Aggregator),national_pension_system,Account.Transactions.Tier1SchemeTransactions.Tier1SchemeTransaction,txnId,attribute,string,,,yes,Transaction ID recorded or captured for investment made
AA (Account Aggregator),national_pension_system,Account.Transactions.Tier1SchemeTransactions.Tier1SchemeTransaction,txnDate,attribute,date,,,yes,Transaction date time stamp for particular record when investment taken place.
AA (Account Aggregator),national_pension_system,Account.Transactions.Tier1SchemeTransactions.Tier1SchemeTransaction,type,attribute,string,CONTRIBUTION|BILLING|WILDRAWAL_DUE_TO_SCHEME_PREFERENCE_CHANGE|CONTRIBUTION_DUE_TO_SCHEME_CHANGE|UNFREEZE_CONTRIBUTION|SWITCH_OUT|WITHDRAWAL|ADJUSTMENT|TRANSFER|SWAVALAMBAN|REMITTANCE|OTHERS,,yes,
AA (Account Aggregator),national_pension_system,Account.Transactions.Tier1SchemeTransactions.Tier1SchemeTransaction,schemeName,attribute,string,,,yes,Name of scheme selected for the investment
AA (Account Aggregator),national_pension_system,Account.Transactions.Tier1SchemeTransactions.Tier1SchemeTransaction,schemeId,attribute,string,,,yes,Scheme ID in which investment made in TIER 1 of NPS scheme
AA (Account Aggregator),national_pension_system,Account.Transactions.Tier1SchemeTransactions.Tier1SchemeTransaction,narration,attribute,string,,,yes,Nararation is additional details in form of decription of remark associated with investment.
AA (Account Aggregator),national_pension_system,Account.Transactions.Tier1SchemeTransactions.Tier1SchemeTransaction,allocationPercent,attribute,float,,,yes,Pencentage of Units which are alloted in the portfolio of investor
AA (Account Aggregator),national_pension_system,Account.Transactions.Tier1SchemeTransactions.Tier1SchemeTransaction,amount,attribute,float,,,yes,The transaction amount
AA (Account Aggregator),national_pension_system,Account.Transactions.Tier1SchemeTransactions.Tier1SchemeTransaction,nav,attribute,string,,,yes,NAV is current market rate of security held as on date
AA (Account Aggregator),national_pension_system,Account.Transactions.Tier1SchemeTransactions.Tier1SchemeTransaction,units,attribute,positiveInteger,,,yes,Units which are alloted in the portfolio of investor
AA (Account Aggregator),national_pension_system,Account.Transactions.Tier1SchemeTransactions.Tier1SchemeTransaction,cumulativeUnits,attribute,integer,,,yes,Cummulative units alloted in the scheme of TIER 1 of NPS
AA (Account Aggregator),national_pension_system,Account.Transactions.Tier2SchemeTransactions.Tier2SchemeTransaction,txnId,attribute,string,,,yes,Transaction ID recorded or captured for investment made.
AA (Account Aggregator),national_pension_system,Account.Transactions.Tier2SchemeTransactions.Tier2SchemeTransaction,txnDate,attribute,date,,,yes,Transaction date time stamp for particular record when investment taken place.
AA (Account Aggregator),national_pension_system,Account.Transactions.Tier2SchemeTransactions.Tier2SchemeTransaction,type,attribute,string,CONTRIBUTION|BILLING|WILDRAWAL_DUE_TO_SCHEME_PREFERENCE_CHANGE|CONTRIBUTION_DUE_TO_SCHEME_CHANGE|UNFREEZE_CONTRIBUTION|SWITCH_OUT|WITHDRAWAL|ADJUSTMENT|TRANSFER|SWAVALAMBAN|REMITTANCE|OTHERS,,yes,
AA (Account Aggregator),national_pension_system,Account.Transactions.Tier2SchemeTransactions.Tier2SchemeTransaction,schemeName,attribute,string,,,yes,Name of scheme selected for the investment.
AA (Account Aggregator),national_pension_system,Account.Transactions.Tier2SchemeTransactions.Tier2SchemeTransaction,schemeId,attribute,string,,,yes,Scheme ID in which investment made in TIER 2 of NPS scheme
AA (Account Aggregator),national_pension_system,Account.Transactions.Tier2SchemeTransactions.Tier2SchemeTransaction,narration,attribute,string,,,yes,Nararation is additional details in form of decription of remark associated with investment
AA (Account Aggregator),national_pension_system,Account.Transactions.Tier2SchemeTransactions.Tier2SchemeTransaction,allocationPercent,attribute,float,,,yes,Pencentage of Units which are alloted in the portfolio of investor
AA (Account Aggregator),national_pension_system,Account.Transactions.Tier2SchemeTransactions.Tier2SchemeTransaction,amount,attribute,float,,,yes,The transaction amount
AA (Account Aggregator),national_pension_system,Account.Transactions.Tier2SchemeTransactions.Tier2SchemeTransaction,nav,attribute,string,,,yes,NAV is current market rate of security held as on date
AA (Account Aggregator),national_pension_system,Account.Transactions.Tier2SchemeTransactions.Tier2SchemeTransaction,units,attribute,positiveInteger,,,yes,Units which are alloted in the portfolio of investor
AA (Account Aggregator),national_pension_system,Account.Transactions.Tier2SchemeTransactions.Tier2SchemeTransaction,cumulativeUnits,attribute,integer,,,yes,Cummulative units alloted in the scheme of TIER 2 of NPS
AA (Account Aggregator),national_pension_system,Account.Transactions.Tier1InvestmentTransactions.Tier1InvestmentTransaction,txnId,attribute,string,,,yes,Transaction ID recorded or captured for investment made.
AA (Account Aggregator),national_pension_system,Account.Transactions.Tier1InvestmentTransactions.Tier1InvestmentTransaction,txnDate,attribute,string,,,yes,Transaction date time stamp for particular record when investment taken place.
AA (Account Aggregator),national_pension_system,Account.Transactions.Tier1InvestmentTransactions.Tier1InvestmentTransaction,type,attribute,string,CONTRIBUTION|UNFREEZE_CONTRIBUTION|WITHDRAWAL|SWAVALAMBAN_CONTRIBUTION|REMITTANCE|OTHERS,,yes,"Type of transaction - contribution, adjustment, etc."
AA (Account Aggregator),national_pension_system,Account.Transactions.Tier1InvestmentTransactions.Tier1InvestmentTransaction,narration,attribute,string,,,yes,Nararation is additional details in form of decription of remark associated with investment.
AA (Account Aggregator),national_pension_system,Account.Transactions.Tier1InvestmentTransactions.Tier1InvestmentTransaction,subscriberContribution,attribute,float,,,yes,Subscriber contribution in Tier1 scheme of NPS .
AA (Account Aggregator),national_pension_system,Account.Transactions.Tier1InvestmentTransactions.Tier1InvestmentTransaction,employerContribution,attribute,float,,,yes,Employer contribution in Tier1 scheme of NPS .
AA (Account Aggregator),national_pension_system,Account.Transactions.Tier1InvestmentTransactions.Tier1InvestmentTransaction,totalContribution,attribute,float,,,yes,Total contribution of subcriber and employer in Tier1 scheme of NPS.
AA (Account Aggregator),national_pension_system,Account.Transactions.Tier2InvestmentTransactions.Tier2InvestmentTransaction,txnId,attribute,string,,,yes,Transaction ID recorded or captured for investment made.
AA (Account Aggregator),national_pension_system,Account.Transactions.Tier2InvestmentTransactions.Tier2InvestmentTransaction,txnDate,attribute,string,,,yes,Transaction date time stamp for particular record when investment taken place.
AA (Account Aggregator),national_pension_system,Account.Transactions.Tier2InvestmentTransactions.Tier2InvestmentTransaction,type,attribute,string,CONTRIBUTION|UNFREEZE_CONTRIBUTION|WITHDRAWAL|SWAVALAMBAN_CONTRIBUTION|REMITTANCE|OTHERS,,yes,"Type of transaction - contribution, adjustment, etc."
AA (Account Aggregator),national_pension_system,Account.Transactions.Tier2InvestmentTransactions.Tier2InvestmentTransaction,narration,attribute,string,,,yes,Nararation is additional details in form of decription of remark associated with investment.
AA (Account Aggregator),national_pension_system,Account.Transactions.Tier2InvestmentTransactions.Tier2InvestmentTransaction,subscriberContribution,attribute,float,,,yes,Subscriber contribution in Tier2 scheme of NPS.
AA (Account Aggregator),national_pension_system,Account.Transactions.Tier2InvestmentTransactions.Tier2InvestmentTransaction,employerContribution,attribute,float,,,yes,Employer contribution in Tier2 scheme of NPS.
AA (Account Aggregator),national_pension_system,Account.Transactions.Tier2InvestmentTransactions.Tier2InvestmentTransaction,totalContribution,attribute,float,,,yes,Total contribution of subcriber and employer in Tier2 scheme of NPS.
AA (Account Aggregator),public_provident_fund,Account,maskedAccNumber,attribute,string,,,yes,
AA (Account Aggregator),public_provident_fund,Account,linkedAccRef,attribute,string,,,yes,
AA (Account Aggregator),public_provident_fund,Account,version,attribute,float,,,yes,
AA (Account Aggregator),public_provident_fund,Account,type,attribute,string,,,yes,
AA (Account Aggregator),public_provident_fund,Account.Profile.Holders,type,attribute,string,SINGLE|JOINT,,yes,
AA (Account Aggregator),public_provident_fund,Account.Profile.Holders.Holder,name,attribute,string,,,yes,Name of primary holder operating the account
AA (Account Aggregator),public_provident_fund,Account.Profile.Holders.Holder,dob,attribute,date,,,yes,Date of birth of primary account holder
AA (Account Aggregator),public_provident_fund,Account.Profile.Holders.Holder,mobile,attribute,integer,,,yes,Primary mobile number of account holder
AA (Account Aggregator),public_provident_fund,Account.Profile.Holders.Holder,nominee,attribute,string,REGISTERED|NOT-REGISTERED,,yes,Name of nominee associated with the account
AA (Account Aggregator),public_provident_fund,Account.Profile.Holders.Holder,landline,attribute,string,,,no,Lnadline number of account holder
AA (Account Aggregator),public_provident_fund,Account.Profile.Holders.Holder,address,attribute,string,,,no,Address of account holder
AA (Account Aggregator),public_provident_fund,Account.Profile.Holders.Holder,email,attribute,string,,[^@]+@[^\.]+\..+,yes,Email ID of primary account holder
AA (Account Aggregator),public_provident_fund,Account.Profile.Holders.Holder,pan,attribute,string,,[a-zA-Z][a-zA-Z][a-zA-Z][a-zA-Z][a-zA-Z][0-9][0-9][0-9][0-9][a-zA-Z],yes,PAN number of primary account holder
AA (Account Aggregator),public_provident_fund,Account.Profile.Holders.Holder,ckycCompliance,attribute,boolean,,,yes,KYC status whether its completed or pending
AA (Account Aggregator),public_provident_fund,Account.Summary,openingDate,attribute,date,,,yes,Opening date of PPF account
AA (Account Aggregator),public_provident_fund,Account.Summary,maturityDate,attribute,date,,,yes,Date of maturity for investment
AA (Account Aggregator),public_provident_fund,Account.Summary,ifscCode,attribute,string,,,yes,IFSC code of bank branch where investment was made
AA (Account Aggregator),public_provident_fund,Account.Summary,micrCode,attribute,string,,,yes,MICR code of bank branch where investment was made
AA (Account Aggregator),public_provident_fund,Account.Summary,status,attribute,string,ACTIVE|INACTIVE,,yes,Status of PPF account hold
AA (Account Aggregator),public_provident_fund,Account.Summary,branchAddr,attribute,string,,,yes,Address of branch where investment was made
AA (Account Aggregator),public_provident_fund,Account.Summary,currentBalance,attribute,float,,,yes,Current available balance in PPF account.
AA (Account Aggregator),public_provident_fund,Account.Transactions,startDate,attribute,date,,,yes,Start date of investment since when it is applicable
AA (Account Aggregator),public_provident_fund,Account.Transactions,endDate,attribute,date,,,yes,End date of investment when tenure get complete
AA (Account Aggregator),public_provident_fund,Account.Transactions.Transaction,txnId,attribute,string,,,yes,Transaction ID recorded or captured for investment made.
AA (Account Aggregator),public_provident_fund,Account.Transactions.Transaction,txnDate,attribute,date,,,yes,Transaction date time stamp for particular record when investment taken place.
AA (Account Aggregator),public_provident_fund,Account.Transactions.Transaction,valueDate,attribute,date,,,yes,Value of PPF as on date
AA (Account Aggregator),public_provident_fund,Account.Transactions.Transaction,type,attribute,string,DEPOSIT|WITHDRAWAL|INTEREST|OTHERS,,yes,"Type of transaction - deposit, withdrawal, etc."
AA (Account Aggregator),public_provident_fund,Account.Transactions.Transaction,amount,attribute,float,,,yes,The transaction amount
AA (Account Aggregator),public_provident_fund,Account.Transactions.Transaction,balance,attribute,float,,,yes,The PPF account balance after the transaction is completed
AA (Account Aggregator),public_provident_fund,Account.Transactions.Transaction,narration,attribute,string,,,yes,Nararation is additional details in form of decription of remark associated with investment
AA (Account Aggregator),real_estate_investment_trusts,Account,linkedAccRef,attribute,string,,,yes,
AA (Account Aggregator),real_estate_investment_trusts,Account,maskedAccNumber,attribute,string,,,yes,
AA (Account Aggregator),real_estate_investment_trusts,Account,version,attribute,float,,,yes,
AA (Account Aggregator),real_estate_investment_trusts,Account,type,attribute,string,,,yes,
AA (Account Aggregator),real_estate_investment_trusts,Account.Profile.Holders,type,attribute,string,SOLE|JOINT,,yes,Holder types
AA (Account Aggregator),real_estate_investment_trusts,Account.Profile.Holders.Holder,name,attribute,string,,,yes,Name of primary holder operating the account.
AA (Account Aggregator),real_estate_investment_trusts,Account.Profile.Holders.Holder,dob,attribute,date,,,yes,Date of birth of primary account holder
AA (Account Aggregator),real_estate_investment_trusts,Account.Profile.Holders.Holder,mobile,attribute,string,,,yes,Primary mobile number of account holder.
AA (Account Aggregator),real_estate_investment_trusts,Account.Profile.Holders.Holder,address,attribute,string,,,no,Address of primary account holder
AA (Account Aggregator),real_estate_investment_trusts,Account.Profile.Holders.Holder,landline,attribute,string,,,no,Landline number of primary account holder
AA (Account Aggregator),real_estate_investment_trusts,Account.Profile.Holders.Holder,email,attribute,string,,[^@]+@[^\.]+\..+,yes,Email of primary account holder
AA (Account Aggregator),real_estate_investment_trusts,Account.Profile.Holders.Holder,dematId,attribute,string,,,yes,Demat ID assigned or issued to investor.
AA (Account Aggregator),real_estate_investment_trusts,Account.Profile.Holders.Holder,pan,attribute,string,,[a-zA-Z][a-zA-Z][a-zA-Z][a-zA-Z][a-zA-Z][0-9][0-9][0-9][0-9][a-zA-Z],yes,PAN number of primary account holder.
AA (Account Aggregator),real_estate_investment_trusts,Account.Profile.Holders.Holder,ckycCompliance,attribute,boolean,,,yes,KYC status whether its completed or pending
AA (Account Aggregator),real_estate_investment_trusts,Account.Profile.Holders.Holder,nominee,attribute,string,REGISTERED|NOT-REGISTERED,,yes,Name of nominee associated with the account.
AA (Account Aggregator),real_estate_investment_trusts,Account.Summary,investmentValue,attribute,float,,,yes,Principal or Actual amount of investment.
AA (Account Aggregator),real_estate_investment_trusts,Account.Summary,currentValue,attribute,float,,,yes,Current value of investment as on date.
AA (Account Aggregator),real_estate_investment_trusts,Account.Summary.Investment.Holdings.Holding,isin,attribute,string,,,yes,International Securities Identification Number (ISIN) uniquely identifies a security.
AA (Account Aggregator),real_estate_investment_trusts,Account.Summary.Investment.Holdings.Holding,issuerName,attribute,string,,,yes,Name of party who issued the reit in which investment made.
AA (Account Aggregator),real_estate_investment_trusts,Account.Summary.Investment.Holdings.Holding,investmentDateTime,attribute,dateTime,,,yes,Date and Time stamp for the investment
AA (Account Aggregator),real_estate_investment_trusts,Account.Summary.Investment.Holdings.Holding,rate,attribute,float,,,yes,Rate or net price on which investment made in security.
AA (Account Aggregator),real_estate_investment_trusts,Account.Summary.Investment.Holdings.Holding,description,attribute,string,,,yes,Description or details of security in which investment made.
AA (Account Aggregator),real_estate_investment_trusts,Account.Summary.Investment.Holdings.Holding,totalNumberUnits,attribute,float,,,yes,Total number of units issued to investor in the fund opted.
AA (Account Aggregator),real_estate_investment_trusts,Account.Summary.Investment.Holdings.Holding,lastClosingRate,attribute,float,,,yes,Closing Price or Rate on which security trade in the open market.
AA (Account Aggregator),real_estate_investment_trusts,Account.Summary.Investment.Holdings.Holding,nomineeStatus,attribute,string,REGISTERED|NOT-REGISTERED,,yes,Nominee Status whether active or pending.
AA (Account Aggregator),real_estate_investment_trusts,Account.Transactions,endDate,attribute,date,,,yes,End date of investment when tenure get complete.
AA (Account Aggregator),real_estate_investment_trusts,Account.Transactions,startDate,attribute,date,,,yes,Start date of investment since when it is applicable.
AA (Account Aggregator),real_estate_investment_trusts,Account.Transactions.Transaction,txnId,attribute,string,,,yes,Transaction ID recorded or captured for investment made.
AA (Account Aggregator),real_estate_investment_trusts,Account.Transactions.Transaction,isin,attribute,string,,,yes,International Securities Identification Number (ISIN) uniquely identifies a security.
AA (Account Aggregator),real_estate_investment_trusts,Account.Transactions.Transaction,issuerName,attribute,string,,,yes,Name of issuer
AA (Account Aggregator),real_estate_investment_trusts,Account.Transactions.Transaction,symbol,attribute,string,,,yes,Symbol of the securities in which investment made and hold by investor.
AA (Account Aggregator),real_estate_investment_trusts,Account.Transactions.Transaction,exchange,attribute,string,,,yes,Stock Exchange on which security is traded
AA (Account Aggregator),real_estate_investment_trusts,Account.Transactions.Transaction,transactionDescription,attribute,string,,,yes,Description or details of transaction in which investment made
AA (Account Aggregator),real_estate_investment_trusts,Account.Transactions.Transaction,transactionDateTime,attribute,dateTime,,,yes,Transaction date time stamp for particular record when investment taken place.
AA (Account Aggregator),real_estate_investment_trusts,Account.Transactions.Transaction,price,attribute,float,,,yes,Price or market value on investment taken place.
AA (Account Aggregator),real_estate_investment_trusts,Account.Transactions.Transaction,unitsType,attribute,string,,,yes,Number of unit alloted in portfolio as per transaction conducted.
AA (Account Aggregator),real_estate_investment_trusts,Account.Transactions.Transaction,numUnitsTransacted,attribute,integer,,,yes,Number of unit alloted in portfolio as per transaction conducted.
AA (Account Aggregator),real_estate_investment_trusts,Account.Transactions.Transaction,tradeValue,attribute,float,,,yes,Trade value of investment as per market price.
AA (Account Aggregator),real_estate_investment_trusts,Account.Transactions.Transaction,totalCharge,attribute,float,,,yes,"Total charges includes finance charge, STT or other taxes/charge implied on investment."
AA (Account Aggregator),real_estate_investment_trusts,Account.Transactions.Transaction,otherCharges,attribute,float,,,yes,Other charge applied on the investment if applicable.
AA (Account Aggregator),real_estate_investment_trusts,Account.Transactions.Transaction,narration,attribute,string,,,yes,Nararation is additional details in form of decription of remark associated with investment
AA (Account Aggregator),recurring_deposit,Account,type,attribute,NCName,,,yes,
AA (Account Aggregator),recurring_deposit,Account,maskedAccNumber,attribute,string,,,yes,
AA (Account Aggregator),recurring_deposit,Account,version,attribute,float,,,yes,
AA (Account Aggregator),recurring_deposit,Account,linkedAccRef,attribute,string,,,yes,
AA (Account Aggregator),recurring_deposit,Account.Profile.Holders,type,attribute,string,SINGLE|JOINT,,yes,Type of account held by an individual whether its single or jointly operated
AA (Account Aggregator),recurring_deposit,Account.Profile.Holders.Holder,name,attribute,string,,,yes,Name of primary holder operating the account
AA (Account Aggregator),recurring_deposit,Account.Profile.Holders.Holder,dob,attribute,date,,,yes,Date of birth of primary account holder
AA (Account Aggregator),recurring_deposit,Account.Profile.Holders.Holder,mobile,attribute,integer,,,yes,Primary mobile number of account holder
AA (Account Aggregator),recurring_deposit,Account.Profile.Holders.Holder,nominee,attribute,string,REGISTERED|NOT-REGISTERED,,yes,Name of nominee registered for the account
AA (Account Aggregator),recurring_deposit,Account.Profile.Holders.Holder,landline,attribute,string,,,no,Landline number of account holder
AA (Account Aggregator),recurring_deposit,Account.Profile.Holders.Holder,address,attribute,string,,,no,address of account holder
AA (Account Aggregator),recurring_deposit,Account.Profile.Holders.Holder,email,attribute,string,,[^@]+@[^\.]+\..+,no,Email ID of primary account holder
AA (Account Aggregator),recurring_deposit,Account.Profile.Holders.Holder,pan,attribute,string,,[a-zA-Z][a-zA-Z][a-zA-Z][a-zA-Z][a-zA-Z][0-9][0-9][0-9][0-9][a-zA-Z],no,PAN number of primary account holder
AA (Account Aggregator),recurring_deposit,Account.Profile.Holders.Holder,ckycCompliance,attribute,boolean,,,no,KYC status whether its completed or pending
AA (Account Aggregator),recurring_deposit,Account.Summary,branch,attribute,string,,,yes,Location of branch where investment was made
AA (Account Aggregator),recurring_deposit,Account.Summary,openingDate,attribute,date,,,yes,Opening date of the deposit account
AA (Account Aggregator),recurring_deposit,Account.Summary,ifsc,attribute,string,,,no,IFSC code of bank branch where investment was made
AA (Account Aggregator),recurring_deposit,Account.Summary,accountType,attribute,string,FIXED|RECURRING|SWEEP|FLEXIBLE,,yes,Type of account whether is saving or current
AA (Account Aggregator),recurring_deposit,Account.Summary,maturityAmount,attribute,float,,,yes,Amount which will receive on maturity date
AA (Account Aggregator),recurring_deposit,Account.Summary,maturityDate,attribute,date,,,yes,Date of maturity for investment
AA (Account Aggregator),recurring_deposit,Account.Summary,description,attribute,string,,,yes,Nature of transaction
AA (Account Aggregator),recurring_deposit,Account.Summary,interestPayout,attribute,string,MONTHLY|QUARTERLY|HALF-YEARLY|YEARLY|OnMaturity,,yes,Amount of interest which is paid to depositor till date
AA (Account Aggregator),recurring_deposit,Account.Summary,interestRate,attribute,string,,,yes,Rate of interest which decides amount of maturity
AA (Account Aggregator),recurring_deposit,Account.Summary,principalAmount,attribute,string,,,yes,Amount which is deposited by the account holder
AA (Account Aggregator),recurring_deposit,Account.Summary,tenureDays,attribute,string,,,yes,Days which are passed since investment made
AA (Account Aggregator),recurring_deposit,Account.Summary,tenureMonths,attribute,string,,,yes,Months which are passed since investment made
AA (Account Aggregator),recurring_deposit,Account.Summary,tenureYears,attribute,string,,,yes,Years which are passed since investment made
AA (Account Aggregator),recurring_deposit,Account.Summary,recurringAmount,attribute,string,,,yes,Amount or value of investment as on date
AA (Account Aggregator),recurring_deposit,Account.Summary,recurringDepositDay,attribute,string,,,yes,Day of the month when the monthly installment for the recurring deposit is to be paid
AA (Account Aggregator),recurring_deposit,Account.Summary,interestComputation,attribute,string,SIMPLE|COMPOUND,,yes,Whether interest is to be Compound or Simple
AA (Account Aggregator),recurring_deposit,Account.Summary,compoundingFrequency,attribute,string,MONTHLY|QUARTERLY|HALF-YEARLY|YEARLY,,yes,Frequency at which interest is compounded - monthly/quarterly/annually.
AA (Account Aggregator),recurring_deposit,Account.Summary,interestPeriodicPayoutAmount,attribute,string,,,yes,
AA (Account Aggregator),recurring_deposit,Account.Summary,interestOnMaturity,attribute,string,,,yes,Total Interest amount on deposit maturity
AA (Account Aggregator),recurring_deposit,Account.Summary,currentValue,attribute,string,,,yes,Current value of investment as on date
AA (Account Aggregator),recurring_deposit,Account.Transactions,startDate,attribute,date,,,yes,Start date of transaction or period for which details are require
AA (Account Aggregator),recurring_deposit,Account.Transactions,endDate,attribute,date,,,yes,End date of transaction or period for which details are require
AA (Account Aggregator),recurring_deposit,Account.Transactions.Transaction,txnId,attribute,,,,yes,Transaction ID recorded or captured for investment made
AA (Account Aggregator),recurring_deposit,Account.Transactions.Transaction,amount,attribute,string,,,yes,The amount to be paid every month for the tenure of the Recurring Deposit
AA (Account Aggregator),recurring_deposit,Account.Transactions.Transaction,narration,attribute,string,,,yes,Nararation is additional details in form of decription of remark associated with investment
AA (Account Aggregator),recurring_deposit,Account.Transactions.Transaction,type,attribute,string,OPENING|INTEREST|TDS|INSTALLMENT|CLOSING|OTHERS,,yes,Type of transaction whether withdrawal/debit or deposit/credit
AA (Account Aggregator),recurring_deposit,Account.Transactions.Transaction,mode,attribute,string,CASH|ATM|CARD_PAYMENT|UPI|FT|OTHERS,,yes,Mode of investment captured whether online/demat or physical form
AA (Account Aggregator),recurring_deposit,Account.Transactions.Transaction,balance,attribute,string,,,yes,Current value of investment
AA (Account Aggregator),recurring_deposit,Account.Transactions.Transaction,transactionDateTime,attribute,dateTime,,,yes,Transaction date time stamp for particular record when investment taken place
AA (Account Aggregator),recurring_deposit,Account.Transactions.Transaction,valueDate,attribute,date,,,yes,"Date when the transaction actually carries out. For example., cheque realization."
AA (Account Aggregator),recurring_deposit,Account.Transactions.Transaction,reference,attribute,string,,,yes,The cheque or reference no for the given transaction.
AA (Account Aggregator),systematic_investment_plan,Account,linkedAccRef,attribute,string,,,yes,
AA (Account Aggregator),systematic_investment_plan,Account,maskedAccNumber,attribute,string,,,yes,
AA (Account Aggregator),systematic_investment_plan,Account,version,attribute,float,,,yes,
AA (Account Aggregator),systematic_investment_plan,Account,type,attribute,string,,,yes,
AA (Account Aggregator),systematic_investment_plan,Account.Profile.Holders,type,attribute,string,SINGLE|JOINT,,yes,Type of account whether held by an individual and operated solo or jointly
AA (Account Aggregator),systematic_investment_plan,Account.Profile.Holders.Holder,name,attribute,string,,,yes,Name of primary holder operating the account
AA (Account Aggregator),systematic_investment_plan,Account.Profile.Holders.Holder,dob,attribute,date,,,yes,Date of birth of primary account holder
AA (Account Aggregator),systematic_investment_plan,Account.Profile.Holders.Holder,mobile,attribute,integer,,,yes,Primary mobile number of account holder
AA (Account Aggregator),systematic_investment_plan,Account.Profile.Holders.Holder,nominee,attribute,string,REGISTERED|NOT-REGISTERED,,yes,Name of nominee associated with the account
AA (Account Aggregator),systematic_investment_plan,Account.Profile.Holders.Holder,dematId,attribute,string,,,yes,Demat ID assigned or issued to investor
AA (Account Aggregator),systematic_investment_plan,Account.Profile.Holders.Holder,landline,attribute,string,,,no,
AA (Account Aggregator),systematic_investment_plan,Account.Profile.Holders.Holder,address,attribute,string,,,no,Address of primary account holder
AA (Account Aggregator),systematic_investment_plan,Account.Profile.Holders.Holder,email,attribute,string,,[^@]+@[^\.]+\..+,yes,Email ID of primary account holder
AA (Account Aggregator),systematic_investment_plan,Account.Profile.Holders.Holder,pan,attribute,string,,[a-zA-Z][a-zA-Z][a-zA-Z][a-zA-Z][a-zA-Z][0-9][0-9][0-9][0-9][a-zA-Z],yes,PAN of account holder
AA (Account Aggregator),systematic_investment_plan,Account.Profile.Holders.Holder,ckycCompliance,attribute,boolean,,,yes,KYC status whether its completed or pending
AA (Account Aggregator),systematic_investment_plan,Account.Summary,folioNo,attribute,string,,,yes,Unique folio number associated with investment
AA (Account Aggregator),systematic_investment_plan,Account.Summary,investmentValue,attribute,float,,,yes,Principal or Actual amount of investment
AA (Account Aggregator),systematic_investment_plan,Account.Summary,currentValue,attribute,float,,,yes,Current value of investment as on date
AA (Account Aggregator),systematic_investment_plan,Account.Summary.Holdings.Holding,amc,attribute,string,,,yes,Name of asset management company associated with investment
AA (Account Aggregator),systematic_investment_plan,Account.Summary.Holdings.Holding,registrar,attribute,string,,,yes,Name of registrar linked with investment made
AA (Account Aggregator),systematic_investment_plan,Account.Summary.Holdings.Holding,scheme,attribute,string,,,yes,"Scheme in which investment made whether it direct, regular or growth option"
AA (Account Aggregator),systematic_investment_plan,Account.Summary.Holdings.Holding,isin,attribute,string,,,yes,International Securities Identification Number (ISIN) uniquely identifies a security.
AA (Account Aggregator),systematic_investment_plan,Account.Summary.Holdings.Holding,ucc,attribute,string,,,yes,Uniform Commercial Code formal or legal code represent investment
AA (Account Aggregator),systematic_investment_plan,Account.Summary.Holdings.Holding,amfiCode,attribute,string,,,yes,AMFI code associated with investment made
AA (Account Aggregator),systematic_investment_plan,Account.Summary.Holdings.Holding,folioNo,attribute,string,,,yes,Unique folio number associated with investment
AA (Account Aggregator),systematic_investment_plan,Account.Summary.Holdings.Holding,holdingType,attribute,string,SOLE|JOINT,,yes,"Reinvest, Payout or Growth type of Dividend"
AA (Account Aggregator),systematic_investment_plan,Account.Summary.Holdings.Holding,holder1Name,attribute,string,,,yes,Name of the first holder who made initial investment
AA (Account Aggregator),systematic_investment_plan,Account.Summary.Holdings.Holding,holder2Name,attribute,string,,,yes,Name of the second holder in case of joint investmet
AA (Account Aggregator),systematic_investment_plan,Account.Summary.Holdings.Holding,nominee,attribute,string,SOLE|OTHERS,,yes,Name of nominee associated with the account
AA (Account Aggregator),systematic_investment_plan,Account.Summary.Holdings.Holding,email,attribute,string,,[^@]+@[^\.]+\..+,yes,Email ID of account holders
AA (Account Aggregator),systematic_investment_plan,Account.Summary.Holdings.Holding,units,attribute,positiveInteger,,,yes,Units allotted in folio till date
AA (Account Aggregator),systematic_investment_plan,Account.Summary.Holdings.Holding,nav,attribute,string,,,yes,NAV is current market rate of security held as on date
AA (Account Aggregator),systematic_investment_plan,Account.Summary.Holdings.Holding,value,attribute,float,,,yes,Current value of investment calculate based on units and NAV
AA (Account Aggregator),systematic_investment_plan,Account.Summary.Holdings.Holding,devidentType,attribute,string,,,yes,"Dividend type - Interim, Final and Special"
AA (Account Aggregator),systematic_investment_plan,Account.Summary.Holdings.Holding,amount,attribute,float,,,yes,Amount invested or to be invested at fixed intervals
AA (Account Aggregator),systematic_investment_plan,Account.Summary.Holdings.Holding,frequency,attribute,positiveInteger,,,yes,"Frequency of investment whether its monthly, quarterly, yearly"
AA (Account Aggregator),systematic_investment_plan,Account.Summary.Holdings.Holding,instalmentDay,attribute,positiveInteger,,,yes,Date of installment when amount will deduct in case of SIP
AA (Account Aggregator),systematic_investment_plan,Account.Summary.Holdings.Holding,pendingInstalments,attribute,float,,,yes,Number of installment pending for the SIP period choosen at initial stage
AA (Account Aggregator),systematic_investment_plan,Account.Summary.Holdings.Holding,completeInstalments,attribute,float,,,yes,Number of installment alreay processed through SIP mode
AA (Account Aggregator),systematic_investment_plan,Account.Summary.Holdings.Holding,lastInstalmentDate,attribute,date,,,yes,Date of last installment when it was processed
AA (Account Aggregator),systematic_investment_plan,Account.Summary.Holdings.Holding,nextInstalmentDate,attribute,date,,,yes,Due date of last installment
AA (Account Aggregator),systematic_investment_plan,Account.Summary.Holdings.Holding,creationDate,attribute,date,,,yes,SIP creation date
AA (Account Aggregator),systematic_investment_plan,Account.Summary.Holdings.Holding,modificationDate,attribute,date,,,yes,"Modification Date of SIP in terms of SIP date, SIP amount etc"
AA (Account Aggregator),systematic_investment_plan,Account.Summary.Holdings.Holding,ceasedDate,attribute,date,,,no,Ceased date of SIP
AA (Account Aggregator),systematic_investment_plan,Account.Summary.Investments,type,attribute,string,,,yes,
AA (Account Aggregator),systematic_investment_plan,Account.Summary.Investments,issueDate,attribute,date,,,yes,Issue date of investment as per period choosen
AA (Account Aggregator),systematic_investment_plan,Account.Summary.Investments,maturityDate,attribute,date,,,yes,Maturity date of investment
AA (Account Aggregator),systematic_investment_plan,Account.Summary.Investments.Investment,type,attribute,string,,,yes,
AA (Account Aggregator),systematic_investment_plan,Account.Summary.Investments.Investment,startDate,attribute,date,,,yes,Start date of investment as per period choosen
AA (Account Aggregator),systematic_investment_plan,Account.Summary.Investments.Investment,endDate,attribute,date,,,yes,End date of investment as per period choosen
AA (Account Aggregator),systematic_investment_plan,Account.Transactions,startDate,attribute,date,,,yes,Start date of transaction or period for which details are require
AA (Account Aggregator),systematic_investment_plan,Account.Transactions,endDate,attribute,date,,,yes,End date of transaction or period for which details are require
AA (Account Aggregator),systematic_investment_plan,Account.Transactions.Transaction,txnId,attribute,string,,,yes,Transaction ID recorded or captured for investment made
AA (Account Aggregator),systematic_investment_plan,Account.Transactions.Transaction,txnDate,attribute,string,,,yes,Date of transaction conducted
AA (Account Aggregator),systematic_investment_plan,Account.Transactions.Transaction,amc,attribute,string,,,yes,Name of asset management company associated with investment
AA (Account Aggregator),systematic_investment_plan,Account.Transactions.Transaction,scheme,attribute,string,,,yes,"Scheme in which investment made whether it direct, regular or growth option"
AA (Account Aggregator),systematic_investment_plan,Account.Transactions.Transaction,isin,attribute,string,,,yes,International Securities Identification Number (ISIN) uniquely identifies a security.
AA (Account Aggregator),systematic_investment_plan,Account.Transactions.Transaction,ucc,attribute,string,,,yes,Uniform Commercial Code formal or legal code represent investment
AA (Account Aggregator),systematic_investment_plan,Account.Transactions.Transaction,amfiCode,attribute,string,,,yes,AMFI code associated with investment made
AA (Account Aggregator),systematic_investment_plan,Account.Transactions.Transaction,folioNo,attribute,string,,,yes,Unique folio number associated with investment
AA (Account Aggregator),systematic_investment_plan,Account.Transactions.Transaction,type,attribute,string,BUY|SELL|OTHERS,,yes,
AA (Account Aggregator),systematic_investment_plan,Account.Transactions.Transaction,narration,attribute,string,,,yes,Nararation is additional details in form of decription of remark associated with investment
AA (Account Aggregator),systematic_investment_plan,Account.Transactions.Transaction,units,attribute,string,,,yes,Number of Units which was purchased
AA (Account Aggregator),systematic_investment_plan,Account.Transactions.Transaction,nav,attribute,string,,,yes,NAV is current market rate of security held as on date
AA (Account Aggregator),systematic_investment_plan,Account.Transactions.Transaction,cost,attribute,float,,,yes,Transaction fee on the quantum of funds invested
AA (Account Aggregator),systematic_investment_plan,Account.Transactions.Transaction,stt,attribute,string,,,yes,Secuity Transaction Tax applicable on investment
AA (Account Aggregator),systematic_investment_plan,Account.Transactions.Transaction,amount,attribute,float,,,yes,Amount invested or to be invested at fixed intervals
AA (Account Aggregator),term_deposit,Account,type,attribute,NCName,,,yes,
AA (Account Aggregator),term_deposit,Account,maskedAccNumber,attribute,string,,,yes,
AA (Account Aggregator),term_deposit,Account,version,attribute,float,,,yes,
AA (Account Aggregator),term_deposit,Account,linkedAccRef,attribute,string,,,yes,
AA (Account Aggregator),term_deposit,Account.Profile.Holders,type,attribute,string,SINGLE|JOINT,,yes,
AA (Account Aggregator),term_deposit,Account.Profile.Holders.Holder,name,attribute,string,,,yes,Name of primary holder operating the account.
AA (Account Aggregator),term_deposit,Account.Profile.Holders.Holder,dob,attribute,date,,,yes,Date of birth of primary account holder.
AA (Account Aggregator),term_deposit,Account.Profile.Holders.Holder,mobile,attribute,integer,,,yes,Primary mobile number of account holder.
AA (Account Aggregator),term_deposit,Account.Profile.Holders.Holder,nominee,attribute,string,REGISTERED|NOT-REGISTERED,,yes,Name of nominee associated with the account.
AA (Account Aggregator),term_deposit,Account.Profile.Holders.Holder,landline,attribute,string,,,no,Landline of primary account holder.
AA (Account Aggregator),term_deposit,Account.Profile.Holders.Holder,address,attribute,string,,,no,Address of primary account holder
AA (Account Aggregator),term_deposit,Account.Profile.Holders.Holder,email,attribute,string,,[^@]+@[^\.]+\..+,no,Email ID of primary account holder
AA (Account Aggregator),term_deposit,Account.Profile.Holders.Holder,pan,attribute,string,,[a-zA-Z][a-zA-Z][a-zA-Z][a-zA-Z][a-zA-Z][0-9][0-9][0-9][0-9][a-zA-Z],no,PAN number of primary account holder
AA (Account Aggregator),term_deposit,Account.Profile.Holders.Holder,ckycCompliance,attribute,boolean,,,no,KYC status whether its completed or pending
AA (Account Aggregator),term_deposit,Account.Summary,branch,attribute,string,,,yes,Name of the brach
AA (Account Aggregator),term_deposit,Account.Summary,openingDate,attribute,date,,,yes,Opening date of the deposit account
AA (Account Aggregator),term_deposit,Account.Summary,ifsc,attribute,string,,,no,IFSC code of bank branch where investment was made
AA (Account Aggregator),term_deposit,Account.Summary,accountType,attribute,string,FIXED|SWEEP|RECURRING|SWEEP|FLEXIBLE|TAX-SAVING|FCNR|OTHERS,,yes,Type of account - fixed in this case
AA (Account Aggregator),term_deposit,Account.Summary,maturityAmount,attribute,float,,,yes,Amount which will be received on maturity
AA (Account Aggregator),term_deposit,Account.Summary,maturityDate,attribute,date,,,yes,Amount which will be received on maturity date
AA (Account Aggregator),term_deposit,Account.Summary,description,attribute,string,,,yes,Description or details of security in which investment made
AA (Account Aggregator),term_deposit,Account.Summary,interestPayout,attribute,string,MONTHLY|QUARTERLY|HALF-YEARLY|YEARLY|OnMaturity,,yes,Amount of interest which is paid to investor till date
AA (Account Aggregator),term_deposit,Account.Summary,interestRate,attribute,string,,,yes,Rate of interest which decided amount of maturity
AA (Account Aggregator),term_deposit,Account.Summary,principalAmount,attribute,string,,,yes,Amount which is investment in the security
AA (Account Aggregator),term_deposit,Account.Summary,tenureDays,attribute,string,,,yes,Days which are passed since investment made
AA (Account Aggregator),term_deposit,Account.Summary,tenureMonths,attribute,string,,,yes,Months which are passed since investment made
AA (Account Aggregator),term_deposit,Account.Summary,tenureYears,attribute,string,,,yes,Years which are passed since investment made
AA (Account Aggregator),term_deposit,Account.Summary,interestComputation,attribute,string,SIMPLE|COMPOUND,,yes,Whether interest is to be Compound or Simple
AA (Account Aggregator),term_deposit,Account.Summary,compoundingFrequency,attribute,string,MONTHLY|QUARTERLY|HALF-YEARLY|YEARLY,,yes,Frequency at which interest is compounded - monthly/quarterly/annually
AA (Account Aggregator),term_deposit,Account.Summary,interestPeriodicPayoutAmount,attribute,string,,,yes,The amount of interest paid out based on compounding frequency
AA (Account Aggregator),term_deposit,Account.Summary,interestOnMaturity,attribute,string,,,yes,Interest amount received on date of maturity
AA (Account Aggregator),term_deposit,Account.Summary,currentValue,attribute,string,,,yes,Current value of investment as on date
AA (Account Aggregator),term_deposit,Account.Transactions,startDate,attribute,date,,,yes,Start date of transaction or period for which details are require
AA (Account Aggregator),term_deposit,Account.Transactions,endDate,attribute,date,,,yes,End date of transaction or period for which details are require
AA (Account Aggregator),term_deposit,Account.Transactions.Transaction,txnId,attribute,string,,,yes,Transaction ID recorded or captured for investment made
AA (Account Aggregator),term_deposit,Account.Transactions.Transaction,amount,attribute,string,,,yes,Amount deposited for the specified term.
AA (Account Aggregator),term_deposit,Account.Transactions.Transaction,narration,attribute,string,,,yes,Nararation is additional details in form of decription of remark associated with investment.
AA (Account Aggregator),term_deposit,Account.Transactions.Transaction,type,attribute,string,OPENING|INTEREST|TDS|INSTALLMENT|CLOSING|OTHERS,,yes,Type of transaction whether withdrawal/debit or deposit/credit.
AA (Account Aggregator),term_deposit,Account.Transactions.Transaction,mode,attribute,string,CASH|ATM|CARD_PAYMENT|UPI|FT|OTHERS,,yes,Mode of investment captured whether online/demat or physical form.
AA (Account Aggregator),term_deposit,Account.Transactions.Transaction,balance,attribute,string,,,yes,Current value of investment
AA (Account Aggregator),term_deposit,Account.Transactions.Transaction,transactionDateTime,attribute,dateTime,,,yes,Transaction date time stamp for particular record when investment taken place.
AA (Account Aggregator),term_deposit,Account.Transactions.Transaction,valueDate,attribute,date,,,yes,"Date when the transaction actually carries out. For example., cheque realization."
AA (Account Aggregator),term_deposit,Account.Transactions.Transaction,reference,attribute,string,,,yes,The cheque or reference no for the given transaction.
AA (Account Aggregator),unit_linked_insurance_plan,Account,maskedAccNumber,attribute,string,,,yes,
AA (Account Aggregator),unit_linked_insurance_plan,Account,linkedAccRef,attribute,string,,,yes,
AA (Account Aggregator),unit_linked_insurance_plan,Account,version,attribute,float,,,yes,
AA (Account Aggregator),unit_linked_insurance_plan,Account,type,attribute,string,,,yes,
AA (Account Aggregator),unit_linked_insurance_plan,Account.Profile.Holders,type,attribute,string,SINGLE|JOINT,,yes,
AA (Account Aggregator),unit_linked_insurance_plan,Account.Profile.Holders.Holder,name,attribute,string,,,yes,Name of primary holder operating the account
AA (Account Aggregator),unit_linked_insurance_plan,Account.Profile.Holders.Holder,dob,attribute,date,,,yes,Date of birth of primary account holder
AA (Account Aggregator),unit_linked_insurance_plan,Account.Profile.Holders.Holder,mobile,attribute,integer,,,yes,Primary mobile number of account holder
AA (Account Aggregator),unit_linked_insurance_plan,Account.Profile.Holders.Holder,nominee,attribute,string,REGISTERED|NOT-REGISTERED,,yes,Name of nominee associated with the account.
AA (Account Aggregator),unit_linked_insurance_plan,Account.Profile.Holders.Holder,dematId,attribute,string,,,yes,Demat ID assigned or issued to investor
AA (Account Aggregator),unit_linked_insurance_plan,Account.Profile.Holders.Holder,landline,attribute,string,,,no,Landline number of account holder
AA (Account Aggregator),unit_linked_insurance_plan,Account.Profile.Holders.Holder,address,attribute,string,,,no,Address of account holder
AA (Account Aggregator),unit_linked_insurance_plan,Account.Profile.Holders.Holder,email,attribute,string,,[^@]+@[^\.]+\..+,yes,Email ID of primary account holder.
AA (Account Aggregator),unit_linked_insurance_plan,Account.Profile.Holders.Holder,pan,attribute,string,,[a-zA-Z][a-zA-Z][a-zA-Z][a-zA-Z][a-zA-Z][0-9][0-9][0-9][0-9][a-zA-Z],yes,PAN number of primary account holder.
AA (Account Aggregator),unit_linked_insurance_plan,Account.Profile.Holders.Holder,ckycCompliance,attribute,boolean,,,yes,KYC status whether its completed or pending.
AA (Account Aggregator),unit_linked_insurance_plan,Account.Profile.Riders.Rider,riderType,attribute,string,,,yes,"Type of Insurance Rider if present. E.g., Accidental death rider, waiver of premium, etc."
AA (Account Aggregator),unit_linked_insurance_plan,Account.Profile.Riders.Rider,sumAssured,attribute,float,,,yes,"The amount that the insurer agrees to pay on the occurrence of an event. E.g., the guaranteed amount that the beneficiary of the life insurance policy will receive in case of the holder's death."
AA (Account Aggregator),unit_linked_insurance_plan,Account.Profile.Riders.Rider,tenureYears,attribute,positiveInteger,,,yes,The duration in years for which the policy provides insurance coverage
AA (Account Aggregator),unit_linked_insurance_plan,Account.Profile.Riders.Rider,tenureMonths,attribute,positiveInteger,,,yes,The duration in months for which the policy provides insurance coverage.
AA (Account Aggregator),unit_linked_insurance_plan,Account.Profile.Riders.Rider,policyStartDate,attribute,date,,,yes,Start date of policy mentioned at the time of issuing.
AA (Account Aggregator),unit_linked_insurance_plan,Account.Profile.Riders.Rider,policyEndDate,attribute,date,,,yes,Date of policy when it will get expired.
AA (Account Aggregator),unit_linked_insurance_plan,Account.Profile.Riders.Rider,premiumAmount,attribute,float,,,yes,The amount paid periodically to the insurer by the holder for covering the risk.
AA (Account Aggregator),unit_linked_insurance_plan,Account.Profile.Riders.Rider,description,attribute,string,,,yes,
AA (Account Aggregator),unit_linked_insurance_plan,Account.Summary,type,attribute,string,LIFE|HEALTH,,yes,
AA (Account Aggregator),unit_linked_insurance_plan,Account.Summary,productName,attribute,string,,,yes,Name of the product hold by investor
AA (Account Aggregator),unit_linked_insurance_plan,Account.Summary,productDescription,attribute,string,,,yes,Decription of product hold by investor
AA (Account Aggregator),unit_linked_insurance_plan,Account.Summary,sumAssured,attribute,float,,,yes,Amount or Sum assured for investor in the policy.
AA (Account Aggregator),unit_linked_insurance_plan,Account.Summary,tenureYears,attribute,positiveInteger,,,yes,Years which are passed since investment made.
AA (Account Aggregator),unit_linked_insurance_plan,Account.Summary,tenureMonths,attribute,positiveInteger,,,yes,Months which are passed since investment made.
AA (Account Aggregator),unit_linked_insurance_plan,Account.Summary,premiumAmount,attribute,float,,,yes,The amount paid periodically to the insurer by the holder for covering the risk.
AA (Account Aggregator),unit_linked_insurance_plan,Account.Summary,policyStartDate,attribute,date,,,yes,Date since when policy is valid or stated.
AA (Account Aggregator),unit_linked_insurance_plan,Account.Summary,policyMaturityDate,attribute,date,,,yes,Date of maturity for investment .
AA (Account Aggregator),unit_linked_insurance_plan,Account.Summary,premiumFrequency,attribute,string,MONTHLY|QUARTERLY|HALF_YEARLY|YEARLY|ONE_TIME|OTHERS,,yes,"Frequnecy of premium to be paid whether monthly, quarterly or annually."
AA (Account Aggregator),unit_linked_insurance_plan,Account.Summary,premiumPaymentYears,attribute,positiveInteger,,,yes,Number of year till when premium is require to pay.
AA (Account Aggregator),unit_linked_insurance_plan,Account.Summary,premiumPaymentMonths,attribute,positiveInteger,,,yes,Number of month till when premium is require to pay.
AA (Account Aggregator),unit_linked_insurance_plan,Account.Summary,nextPremiumDueDate,attribute,date,,,yes,Due date for next premium of ULIP policy hold
AA (Account Aggregator),unit_linked_insurance_plan,Account.Summary.Holdings.Holding,name,attribute,string,,,yes,
AA (Account Aggregator),unit_linked_insurance_plan,Account.Summary.Holdings.Holding,type,attribute,string,DEBT|EQUITY|GUARANTEE|HYBRID|BALANCED|LIQUID|STABLE|GROWTH|DEFENSIVE|OTHERS,,yes,
AA (Account Aggregator),unit_linked_insurance_plan,Account.Summary.Holdings.Holding,units,attribute,positiveInteger,,,yes,Units allotted in folio till date.
AA (Account Aggregator),unit_linked_insurance_plan,Account.Summary.Holdings.Holding,cost,attribute,float,,,yes,
AA (Account Aggregator),unit_linked_insurance_plan,Account.Summary.Holdings.Holding,nav,attribute,string,,,yes,NAV is current market rate of security held as on date.
AA (Account Aggregator),unit_linked_insurance_plan,Account.Summary.Holdings.Holding,allocationPercentage,attribute,float,,,yes,"Seggragation and Percentage of units alloted in equity, debt and govt. funds"
AA (Account Aggregator),unit_linked_insurance_plan,Account.Summary.Holdings.Holding,premiumAllocation,attribute,float,,,yes,Premium which is paid till date.
AA (Account Aggregator),unit_linked_insurance_plan,Account.Summary.Holdings.Holding,currentValue,attribute,float,,,yes,Current value of investment as on date.
AA (Account Aggregator),unit_linked_insurance_plan,Account.Summary.Holdings.Holding,description,attribute,string,,,yes,Description or details of security in which investment made.
AA (Account Aggregator),unit_linked_insurance_plan,Account.Transactions,startDate,attribute,,,,yes,Start date of investment since when it is applicable.
AA (Account Aggregator),unit_linked_insurance_plan,Account.Transactions,endDate,attribute,,,,yes,End date of investment when tenure get complete .
AA (Account Aggregator),unit_linked_insurance_plan,Account.Transactions.Transaction,txnId,attribute,string,,,yes,Transaction ID recorded or captured for investment made.
AA (Account Aggregator),unit_linked_insurance_plan,Account.Transactions.Transaction,txnDate,attribute,date,,,yes,Transaction date time stamp for particular record when investment taken place
AA (Account Aggregator),unit_linked_insurance_plan,Account.Transactions.Transaction,fundName,attribute,string,,,yes,Name of fund in which investment is made
AA (Account Aggregator),unit_linked_insurance_plan,Account.Transactions.Transaction,units,attribute,positiveInteger,,,yes,Units which are alloted in the portfolio of investor.
AA (Account Aggregator),unit_linked_insurance_plan,Account.Transactions.Transaction,nav,attribute,string,,,yes,NAV is current market rate of security held as on date
AA (Account Aggregator),unit_linked_insurance_plan,Account.Transactions.Transaction,navDate,attribute,date,,,yes,NAV is current market rate of security held as on date
AA (Account Aggregator),unit_linked_insurance_plan,Account.Transactions.Transaction,cost,attribute,float,,,yes,
AA (Account Aggregator),unit_linked_insurance_plan,Account.Transactions.Transaction,premium,attribute,float,,,yes,
AA (Account Aggregator),unit_linked_insurance_plan,Account.Transactions.Transaction,premiumAllocationCharge,attribute,float,,,yes,Premium charges applied on the allocation of fund
AA (Account Aggregator),unit_linked_insurance_plan,Account.Transactions.Transaction,otherCharges,attribute,float,,,yes,Other charge applied on the investment if applicable
AA (Account Aggregator),unit_linked_insurance_plan,Account.Transactions.Transaction,type,attribute,string,PURCHASE| PREMIMUM_PAYMENT|ONE_TIME_PAYMENT|TOP_UP|SWITCH_IN|SWITCH_OUT|PARTIAL_WITHDRAWAL|SWITCHING_FEE|ADMIN_FEE|MORALITY_FEE|SERVICE_TAX|PARTIAL_WITHDRAWAL_CHARGES|PREMIUM_REDIRECTION_CHARGES|PREMIUM_HOLIDAY_CHARGES|SURRENDER_CHARGES|TOP_UP_CHARGES|PREMIUM_ALLOCATION_CHARGES|OPENING_BALANCE|CLOSING_BALANCE|BONUS|RIDER_PREMIUM_CHARGES|ACTUAL_INVESTMENT|EDUCATION_FESS|MONTHLY_POLICY_CHARGES|RISK_PREMIUM|PREMIUM_RENEWAL|REVIAVAL|CHANGES_IN_POLICY_BENIFITS|CHAGNGES_IN_POLICY|STATUS|CHANGE_OF_ADDRESS|CHANGE_OF_ECS_BANK|CHANGE_OF_NOMINEE|CHANGE_IN_MODE_OF_PAYMENT|SWITCH| CHANGES_IN_MATURITY_DATE|OTHERS,,yes,
AA (Account Aggregator),unit_linked_insurance_plan,Account.Transactions.Transaction,narration,attribute,string,,,yes,Nararation is additional details in form of decription of remark associated with investment.
