rail,source_schema,section_path,field,kind,data_type,allowed_values,pattern,required,description,spec_source
AA (Account Aggregator),alternative_investment_funds,Account,linkedAccRef,attribute,string,,,yes,,Sahamati/account-aggregator-standards + specifications.rebit.org.in
AA (Account Aggregator),alternative_investment_funds,Account,maskedAccNumber,attribute,string,,,yes,,Sahamati/account-aggregator-standards + specifications.rebit.org.in
AA (Account Aggregator),alternative_investment_funds,Account,version,attribute,float,,,yes,,Sahamati/account-aggregator-standards + specifications.rebit.org.in
AA (Account Aggregator),alternative_investment_funds,Account,type,attribute,string,,,yes,,Sahamati/account-aggregator-standards + specifications.rebit.org.in
AA (Account Aggregator),alternative_investment_funds,Account.Profile.Holders.Holder,name,attribute,string,,,yes,,Sahamati/account-aggregator-standards + specifications.rebit.org.in
AA (Account Aggregator),alternative_investment_funds,Account.Profile.Holders.Holder,dob,attribute,date,,,yes,,Sahamati/account-aggregator-standards + specifications.rebit.org.in
AA (Account Aggregator),alternative_investment_funds,Account.Profile.Holders.Holder,pan,attribute,string,,[a-zA-Z][a-zA-Z][a-zA-Z][a-zA-Z][a-zA-Z][0-9][0-9][0-9][0-9][a-zA-Z],no,,Sahamati/account-aggregator-standards + specifications.rebit.org.in
AA (Account Aggregator),alternative_investment_funds,Account.Profile.Holders.Holder,mobile,attribute,string,,,yes,,Sahamati/account-aggregator-standards + specifications.rebit.org.in
AA (Account Aggregator),alternative_investment_funds,Account.Profile.Holders.Holder,nominee,attribute,string,REGISTERED|NOT-REGISTERED,,yes,,Sahamati/account-aggregator-standards + specifications.rebit.org.in
AA (Account Aggregator),alternative_investment_funds,Account.Profile.Holders.Holder,address,attribute,string,,,no,,Sahamati/account-aggregator-standards + specifications.rebit.org.in
AA (Account Aggregator),alternative_investment_funds,Account.Profile.Holders.Holder,landline,attribute,string,,,no,,Sahamati/account-aggregator-standards + specifications.rebit.org.in
AA (Account Aggregator),alternative_investment_funds,Account.Profile.Holders.Holder,email,attribute,string,,[^@]+@[^\.]+\..+,yes,,Sahamati/account-aggregator-standards + specifications.rebit.org.in
AA (Account Aggregator),alternative_investment_funds,Account.Profile.Holders.Holder,dematId,attribute,string,,,yes,,Sahamati/account-aggregator-standards + specifications.rebit.org.in
AA (Account Aggregator),alternative_investment_funds,Account.Profile.Holders.Holder,ckycCompliance,attribute,boolean,,,yes,,Sahamati/account-aggregator-standards + specifications.rebit.org.in
AA (Account Aggregator),alternative_investment_funds,Account.Summary,totalNumUnitsIssued,attribute,positiveInteger,,,yes,,Sahamati/account-aggregator-standards + specifications.rebit.org.in
AA (Account Aggregator),alternative_investment_funds,Account.Summary,investmentValue,attribute,float,,,yes,,Sahamati/account-aggregator-standards + specifications.rebit.org.in
AA (Account Aggregator),alternative_investment_funds,Account.Summary,currentValue,attribute,float,,,yes,,Sahamati/account-aggregator-standards + specifications.rebit.org.in
AA (Account Aggregator),alternative_investment_funds,Account.Summary.Investment.Holdings.Holding,issuerName,attribute,string,,,yes,Name of the issuer.,Sahamati/account-aggregator-standards + specifications.rebit.org.in
AA (Account Aggregator),alternative_investment_funds,Account.Summary.Investment.Holdings.Holding,typeOfSecurity,attribute,string,LISTED-EQUITY|LISTED-DEBT-SECURITY|UNLISTED-EQUITY|UNLISTED-DEBT|PREFERENCE-SHARES|NCDS|WARRANTS|DERIVATIVE-CONTRACTS|OTHERS,,yes,Type of Security held.,Sahamati/account-aggregator-standards + specifications.rebit.org.in
AA (Account Aggregator),alternative_investment_funds,Account.Summary.Investment.Holdings.Holding,valuationMethodology,attribute,string,,,yes,"This data point shall specify what is the methodology used for valuation of the particular asset. E.g. for listed equity, the value might be based on market price.",Sahamati/account-aggregator-standards + specifications.rebit.org.in
AA (Account Aggregator),alternative_investment_funds,Account.Summary.Investment.Holdings.Holding,purchaseDate,attribute,date,,,yes,,Sahamati/account-aggregator-standards + specifications.rebit.org.in
AA (Account Aggregator),alternative_investment_funds,Account.Summary.Investment.Holdings.Holding,purchasePrice,attribute,float,,,yes,,Sahamati/account-aggregator-standards + specifications.rebit.org.in
AA (Account Aggregator),alternative_investment_funds,Account.Summary.Investment.Holdings.Holding,lastValuationDate,attribute,date,,,yes,Last date on which valuation of the asset was performed.,Sahamati/account-aggregator-standards + specifications.rebit.org.in
AA (Account Aggregator),alternative_investment_funds,Account.Summary.Investment.Holdings.Holding,mtmOnLastValuation,attribute,float,,,yes,Mark to Market on last valuation is used to determine the market value of investments in those securities on last valuation date.,Sahamati/account-aggregator-standards + specifications.rebit.org.in
AA (Account Aggregator),alternative_investment_funds,Account.Summary.Investment.Holdings.Holding,holdingPeriod,attribute,string,,,yes,,Sahamati/account-aggregator-standards + specifications.rebit.org.in
AA (Account Aggregator),alternative_investment_funds,Account.Summary.Investment.Holdings.Holding,description,attribute,string,,,yes,,Sahamati/account-aggregator-standards + specifications.rebit.org.in
AA (Account Aggregator),alternative_investment_funds,Account.Transactions,endDate,attribute,date,,,yes,,Sahamati/account-aggregator-standards + specifications.rebit.org.in
AA (Account Aggregator),alternative_investment_funds,Account.Transactions,startDate,attribute,date,,,yes,,Sahamati/account-aggregator-standards + specifications.rebit.org.in
AA (Account Aggregator),alternative_investment_funds,Account.Transactions.Transaction,txnId,attribute,string,,,yes,,Sahamati/account-aggregator-standards + specifications.rebit.org.in
AA (Account Aggregator),alternative_investment_funds,Account.Transactions.Transaction,nameofAsset,attribute,string,,,yes,,Sahamati/account-aggregator-standards + specifications.rebit.org.in
AA (Account Aggregator),alternative_investment_funds,Account.Transactions.Transaction,investmentDateTime,attribute,dateTime,,,yes,,Sahamati/account-aggregator-standards + specifications.rebit.org.in
AA (Account Aggregator),alternative_investment_funds,Account.Transactions.Transaction,investmentValue,attribute,float,,,yes,,Sahamati/account-aggregator-standards + specifications.rebit.org.in
AA (Account Aggregator),alternative_investment_funds,Account.Transactions.Transaction,redemptionDate,attribute,date,,,yes,,Sahamati/account-aggregator-standards + specifications.rebit.org.in
AA (Account Aggregator),alternative_investment_funds,Account.Transactions.Transaction,redemptionValue,attribute,float,,,yes,,Sahamati/account-aggregator-standards + specifications.rebit.org.in
AA (Account Aggregator),alternative_investment_funds,Account.Transactions.Transaction,fundFeesPaymentDate,attribute,date,,,yes,,Sahamati/account-aggregator-standards + specifications.rebit.org.in
AA (Account Aggregator),alternative_investment_funds,Account.Transactions.Transaction,fundFeesPaymentAmount,attribute,float,,,yes,,Sahamati/account-aggregator-standards + specifications.rebit.org.in
AA (Account Aggregator),alternative_investment_funds,Account.Transactions.Transaction,reInvestmentDate,attribute,date,,,yes,,Sahamati/account-aggregator-standards + specifications.rebit.org.in
AA (Account Aggregator),alternative_investment_funds,Account.Transactions.Transaction,reInvestmentValue,attribute,float,,,yes,,Sahamati/account-aggregator-standards + specifications.rebit.org.in
AA (Account Aggregator),alternative_investment_funds,Account.Transactions.Transaction,paymentInvestorDate,attribute,date,,,yes,,Sahamati/account-aggregator-standards + specifications.rebit.org.in
AA (Account Aggregator),alternative_investment_funds,Account.Transactions.Transaction,paymentInvestorAmount,attribute,float,,,yes,,Sahamati/account-aggregator-standards + specifications.rebit.org.in
AA (Account Aggregator),alternative_investment_funds,Account.Transactions.Transaction,taxPaidValue,attribute,float,,,yes,,Sahamati/account-aggregator-standards + specifications.rebit.org.in
AA (Account Aggregator),alternative_investment_funds,Account.Transactions.Transaction,taxPaidDate,attribute,date,,,yes,,Sahamati/account-aggregator-standards + specifications.rebit.org.in
AA (Account Aggregator),alternative_investment_funds,Account.Transactions.Transaction,narration,attribute,string,,,yes,,Sahamati/account-aggregator-standards + specifications.rebit.org.in
AA (Account Aggregator),bonds,Account,linkedAccRef,attribute,string,,,yes,,Sahamati/account-aggregator-standards + specifications.rebit.org.in
AA (Account Aggregator),bonds,Account,maskedAccNumber,attribute,string,,,yes,,Sahamati/account-aggregator-standards + specifications.rebit.org.in
AA (Account Aggregator),bonds,Account,version,attribute,float,,,yes,,Sahamati/account-aggregator-standards + specifications.rebit.org.in
AA (Account Aggregator),bonds,Account,type,attribute,string,,,no,,Sahamati/account-aggregator-standards + specifications.rebit.org.in
AA (Account Aggregator),bonds,Account.Profile.Holders.Holder,name,attribute,string,,,yes,,Sahamati/account-aggregator-standards + specifications.rebit.org.in
AA (Account Aggregator),bonds,Account.Profile.Holders.Holder,dob,attribute,date,,,yes,,Sahamati/account-aggregator-standards + specifications.rebit.org.in
AA (Account Aggregator),bonds,Account.Profile.Holders.Holder,mobile,attribute,integer,,,yes,,Sahamati/account-aggregator-standards + specifications.rebit.org.in
AA (Account Aggregator),bonds,Account.Profile.Holders.Holder,nominee,attribute,string,REGISTERED|NOT-REGISTERED,,yes,,Sahamati/account-aggregator-standards + specifications.rebit.org.in
AA (Account Aggregator),bonds,Account.Profile.Holders.Holder,dematId,attribute,string,,,yes,,Sahamati/account-aggregator-standards + specifications.rebit.org.in
AA (Account Aggregator),bonds,Account.Profile.Holders.Holder,landline,attribute,string,,,no,,Sahamati/account-aggregator-standards + specifications.rebit.org.in
AA (Account Aggregator),bonds,Account.Profile.Holders.Holder,address,attribute,string,,,no,,Sahamati/account-aggregator-standards + specifications.rebit.org.in
AA (Account Aggregator),bonds,Account.Profile.Holders.Holder,email,attribute,string,,[^@]+@[^\.]+\..+,yes,,Sahamati/account-aggregator-standards + specifications.rebit.org.in
AA (Account Aggregator),bonds,Account.Profile.Holders.Holder,pan,attribute,string,,[a-zA-Z][a-zA-Z][a-zA-Z][a-zA-Z][a-zA-Z][0-9][0-9][0-9][0-9][a-zA-Z],yes,,Sahamati/account-aggregator-standards + specifications.rebit.org.in
AA (Account Aggregator),bonds,Account.Profile.Holders.Holder,ckycCompliance,attribute,boolean,,,yes,,Sahamati/account-aggregator-standards + specifications.rebit.org.in
AA (Account Aggregator),bonds,Account.Summary,investmentValue,attribute,float,,,yes,,Sahamati/account-aggregator-standards + specifications.rebit.org.in
AA (Account Aggregator),bonds,Account.Summary,currentValue,attribute,float,,,yes,,Sahamati/account-aggregator-standards + specifications.rebit.org.in
AA (Account Aggregator),bonds,Account.Summary.Holdings.Holding,scheme,attribute,string,FIXED_INTEREST_RATE|T_NOTES|T_BONDS|OTHERS,,yes,,Sahamati/account-aggregator-standards + specifications.rebit.org.in
AA (Account Aggregator),bonds,Account.Summary.Holdings.Holding,isin,attribute,string,,,yes,,Sahamati/account-aggregator-standards + specifications.rebit.org.in
AA (Account Aggregator),bonds,Account.Summary.Holdings.Holding,units,attribute,float,,,yes,,Sahamati/account-aggregator-standards + specifications.rebit.org.in
AA (Account Aggregator),bonds,Account.Summary.Holdings.Holding,faceValue,attribute,float,,,yes,,Sahamati/account-aggregator-standards + specifications.rebit.org.in
AA (Account Aggregator),bonds,Account.Summary.Holdings.Holding,symbol,attribute,string,,,yes,,Sahamati/account-aggregator-standards + specifications.rebit.org.in
AA (Account Aggregator),bonds,Account.Summary.Holdings.Holding,issuerName,attribute,string,,,yes,,Sahamati/account-aggregator-standards + specifications.rebit.org.in
AA (Account Aggregator),bonds,Account.Summary.Holdings.Holding,description,attribute,string,,,yes,,Sahamati/account-aggregator-standards + specifications.rebit.org.in
AA (Account Aggregator),bonds,Account.Summary.Holdings.Holding,creditRating,attribute,string,,,yes,,Sahamati/account-aggregator-standards + specifications.rebit.org.in
AA (Account Aggregator),bonds,Account.Summary.Holdings.Holding,creditRatingAgency,attribute,string,,,yes,,Sahamati/account-aggregator-standards + specifications.rebit.org.in
AA (Account Aggregator),bonds,Account.Summary.Holdings.Holding,taxable,attribute,boolean,,,yes,,Sahamati/account-aggregator-standards + specifications.rebit.org.in
AA (Account Aggregator),bonds,Account.Summary.Holdings.Holding,issueRate,attribute,string,,,yes,,Sahamati/account-aggregator-standards + specifications.rebit.org.in
AA (Account Aggregator),bonds,Account.Summary.Holdings.Holding,issueDate,attribute,date,,,yes,,Sahamati/account-aggregator-standards + specifications.rebit.org.in
AA (Account Aggregator),bonds,Account.Summary.Holdings.Holding,principleAmount,attribute,float,,,yes,,Sahamati/account-aggregator-standards + specifications.rebit.org.in
AA (Account Aggregator),bonds,Account.Summary.Holdings.Holding,tenureYears,attribute,positiveInteger,,,yes,,Sahamati/account-aggregator-standards + specifications.rebit.org.in
AA (Account Aggregator),bonds,Account.Summary.Holdings.Holding,tenureMoths,attribute,positiveInteger,,,yes,,Sahamati/account-aggregator-standards + specifications.rebit.org.in
AA (Account Aggregator),bonds,Account.Summary.Holdings.Holding,tenureDays,attribute,positiveInteger,,,yes,,Sahamati/account-aggregator-standards + specifications.rebit.org.in
AA (Account Aggregator),bonds,Account.Summary.Holdings.Holding,couponRate,attribute,float,,,yes,,Sahamati/account-aggregator-standards + specifications.rebit.org.in
AA (Account Aggregator),bonds,Account.Summary.Holdings.Holding,maturityDate,attribute,date,,,yes,,Sahamati/account-aggregator-standards + specifications.rebit.org.in
AA (Account Aggregator),bonds,Account.Summary.Holdings.Holding,coupanComputation,attribute,string,SIMPLE|COMPOUND|OTHERS,,yes,,Sahamati/account-aggregator-standards + specifications.rebit.org.in
AA (Account Aggregator),bonds,Account.Summary.Holdings.Holding,coupanPaymentDate,attribute,date,,,yes,,Sahamati/account-aggregator-standards + specifications.rebit.org.in
AA (Account Aggregator),bonds,Account.Summary.Holdings.Holding,autionDate,attribute,date,,,yes,,Sahamati/account-aggregator-standards + specifications.rebit.org.in
AA (Account Aggregator),bonds,Account.Summary.Holdings.Holding,compoundingFrequency,attribute,string,MONTHLY|HALF_YEARLY|YEARLY|OTHERS,,yes,,Sahamati/account-aggregator-standards + specifications.rebit.org.in
AA (Account Aggregator),bonds,Account.Summary.Holdings.Holding,interestPayout,attribute,string,MONTHLY|HALF_YEARLY|YEARLY|OTHERS,,yes,,Sahamati/account-aggregator-standards + specifications.rebit.org.in
AA (Account Aggregator),bonds,Account.Summary.Holdings.Holding,accruedInterestAmount,attribute,float,,,yes,,Sahamati/account-aggregator-standards + specifications.rebit.org.in
AA (Account Aggregator),bonds,Account.Summary.Holdings.Holding,interestOnMaturity,attribute,float,,,yes,,Sahamati/account-aggregator-standards + specifications.rebit.org.in
AA (Account Aggregator),bonds,Account.Summary.Holdings.Holding,lastTradedRate,attribute,float,,,yes,,Sahamati/account-aggregator-standards + specifications.rebit.org.in
AA (Account Aggregator),bonds,Account.Summary.Holdings.Holding,lastTradedDate,attribute,date,,,yes,,Sahamati/account-aggregator-standards + specifications.rebit.org.in
AA (Account Aggregator),bonds,Account.Transactions,endDate,attribute,date,,,yes,,Sahamati/account-aggregator-standards + specifications.rebit.org.in
AA (Account Aggregator),bonds,Account.Transactions,startDate,attribute,date,,,yes,,Sahamati/account-aggregator-standards + specifications.rebit.org.in
AA (Account Aggregator),bonds,Account.Transactions.Transaction,txnId,attribute,string,,,yes,,Sahamati/account-aggregator-standards + specifications.rebit.org.in
AA (Account Aggregator),bonds,Account.Transactions.Transaction,isin,attribute,string,,,yes,,Sahamati/account-aggregator-standards + specifications.rebit.org.in
AA (Account Aggregator),bonds,Account.Transactions.Transaction,narration,attribute,string,,,yes,,Sahamati/account-aggregator-standards + specifications.rebit.org.in
AA (Account Aggregator),bonds,Account.Transactions.Transaction,transactionDateTime,attribute,dateTime,,,yes,,Sahamati/account-aggregator-standards + specifications.rebit.org.in
AA (Account Aggregator),bonds,Account.Transactions.Transaction,rate,attribute,float,,,yes,,Sahamati/account-aggregator-standards + specifications.rebit.org.in
AA (Account Aggregator),bonds,Account.Transactions.Transaction,type,attribute,string,BUY|SELL|OTHERS,,yes,,Sahamati/account-aggregator-standards + specifications.rebit.org.in
AA (Account Aggregator),bonds,Account.Transactions.Transaction,units,attribute,float,,,yes,,Sahamati/account-aggregator-standards + specifications.rebit.org.in
AA (Account Aggregator),bonds,Account.Transactions.Transaction,currency,attribute,string,,,yes,,Sahamati/account-aggregator-standards + specifications.rebit.org.in
AA (Account Aggregator),bonds,Account.Transactions.Transaction,tradeValue,attribute,float,,,yes,,Sahamati/account-aggregator-standards + specifications.rebit.org.in
AA (Account Aggregator),bonds,Account.Transactions.Transaction,totalCharge,attribute,float,,,yes,,Sahamati/account-aggregator-standards + specifications.rebit.org.in
AA (Account Aggregator),bonds,Account.Transactions.Transaction,otherTaxes,attribute,float,,,yes,,Sahamati/account-aggregator-standards + specifications.rebit.org.in
AA (Account Aggregator),certificates_of_deposit,Account,linkedAccRef,attribute,string,,,yes,,Sahamati/account-aggregator-standards + specifications.rebit.org.in
AA (Account Aggregator),certificates_of_deposit,Account,maskedAccNumber,attribute,string,,,yes,,Sahamati/account-aggregator-standards + specifications.rebit.org.in
AA (Account Aggregator),certificates_of_deposit,Account,version,attribute,float,,,yes,,Sahamati/account-aggregator-standards + specifications.rebit.org.in
AA (Account Aggregator),certificates_of_deposit,Account,type,attribute,string,,,yes,,Sahamati/account-aggregator-standards + specifications.rebit.org.in
AA (Account Aggregator),certificates_of_deposit,Account.Profile.Holders.Holder,name,attribute,string,,,yes,,Sahamati/account-aggregator-standards + specifications.rebit.org.in
AA (Account Aggregator),certificates_of_deposit,Account.Profile.Holders.Holder,dob,attribute,date,,,yes,,Sahamati/account-aggregator-standards + specifications.rebit.org.in
AA (Account Aggregator),certificates_of_deposit,Account.Profile.Holders.Holder,mobile,attribute,integer,,,yes,,Sahamati/account-aggregator-standards + specifications.rebit.org.in
AA (Account Aggregator),certificates_of_deposit,Account.Profile.Holders.Holder,nominee,attribute,string,REGISTERED|NOT-REGISTERED,,yes,,Sahamati/account-aggregator-standards + specifications.rebit.org.in
AA (Account Aggregator),certificates_of_deposit,Account.Profile.Holders.Holder,dematId,attribute,string,,,yes,,Sahamati/account-aggregator-standards + specifications.rebit.org.in
AA (Account Aggregator),certificates_of_deposit,Account.Profile.Holders.Holder,landline,attribute,string,,,no,,Sahamati/account-aggregator-standards + specifications.rebit.org.in
AA (Account Aggregator),certificates_of_deposit,Account.Profile.Holders.Holder,address,attribute,string,,,no,,Sahamati/account-aggregator-standards + specifications.rebit.org.in
AA (Account Aggregator),certificates_of_deposit,Account.Profile.Holders.Holder,email,attribute,string,,[^@]+@[^\.]+\..+,yes,,Sahamati/account-aggregator-standards + specifications.rebit.org.in
AA (Account Aggregator),certificates_of_deposit,Account.Profile.Holders.Holder,pan,attribute,string,,[a-zA-Z][a-zA-Z][a-zA-Z][a-zA-Z][a-zA-Z][0-9][0-9][0-9][0-9][a-zA-Z],yes,,Sahamati/account-aggregator-standards + specifications.rebit.org.in
AA (Account Aggregator),certificates_of_deposit,Account.Profile.Holders.Holder,ckycCompliance,attribute,boolean,,,yes,,Sahamati/account-aggregator-standards + specifications.rebit.org.in
AA (Account Aggregator),certificates_of_deposit,Account.Summary,investmentValue,attribute,float,,,yes,,Sahamati/account-aggregator-standards + specifications.rebit.org.in
AA (Account Aggregator),certificates_of_deposit,Account.Summary,currentValue,attribute,float,,,yes,,Sahamati/account-aggregator-standards + specifications.rebit.org.in
AA (Account Aggregator),certificates_of_deposit,Account.Summary.Holdings,type,attribute,string,,,yes,,Sahamati/account-aggregator-standards + specifications.rebit.org.in
AA (Account Aggregator),certificates_of_deposit,Account.Summary.Holdings.Holding,companyName,attribute,string,,,yes,companyName: Name of the company,Sahamati/account-aggregator-standards + specifications.rebit.org.in
AA (Account Aggregator),certificates_of_deposit,Account.Summary.Holdings.Holding,isin,attribute,string,,,yes,,Sahamati/account-aggregator-standards + specifications.rebit.org.in
AA (Account Aggregator),certificates_of_deposit,Account.Summary.Holdings.Holding,scheme,attribute,string,,,yes,isin: ISIN of the company (this is common for a company listed across multiple exchanges),Sahamati/account-aggregator-standards + specifications.rebit.org.in
AA (Account Aggregator),certificates_of_deposit,Account.Summary.Holdings.Holding,faceValue,attribute,float,,,yes,,Sahamati/account-aggregator-standards + specifications.rebit.org.in
AA (Account Aggregator),certificates_of_deposit,Account.Summary.Holdings.Holding,symbol,attribute,string,,,yes,,Sahamati/account-aggregator-standards + specifications.rebit.org.in
AA (Account Aggregator),certificates_of_deposit,Account.Summary.Holdings.Holding,issuerName,attribute,string,,,yes,,Sahamati/account-aggregator-standards + specifications.rebit.org.in
AA (Account Aggregator),certificates_of_deposit,Account.Summary.Holdings.Holding,description,attribute,string,,,yes,,Sahamati/account-aggregator-standards + specifications.rebit.org.in
AA (Account Aggregator),certificates_of_deposit,Account.Summary.Holdings.Holding,issueDate,attribute,date,,,yes,,Sahamati/account-aggregator-standards + specifications.rebit.org.in
AA (Account Aggregator),certificates_of_deposit,Account.Summary.Holdings.Holding,tenureYears,attribute,positiveInteger,,,yes,,Sahamati/account-aggregator-standards + specifications.rebit.org.in
AA (Account Aggregator),certificates_of_deposit,Account.Summary.Holdings.Holding,tenureMonths,attribute,string,,,yes,,Sahamati/account-aggregator-standards + specifications.rebit.org.in
AA (Account Aggregator),certificates_of_deposit,Account.Summary.Holdings.Holding,tenureDays,attribute,positiveInteger,,,yes,,Sahamati/account-aggregator-standards + specifications.rebit.org.in
AA (Account Aggregator),certificates_of_deposit,Account.Summary.Holdings.Holding,yield,attribute,positiveInteger,,,yes,,Sahamati/account-aggregator-standards + specifications.rebit.org.in
AA (Account Aggregator),certificates_of_deposit,Account.Summary.Holdings.Holding,maturityDate,attribute,date,,,yes,,Sahamati/account-aggregator-standards + specifications.rebit.org.in
AA (Account Aggregator),certificates_of_deposit,Account.Summary.Holdings.Holding,lastTradedRate,attribute,float,,,yes,,Sahamati/account-aggregator-standards + specifications.rebit.org.in
AA (Account Aggregator),certificates_of_deposit,Account.Summary.Holdings.Holding,lastTradedDate,attribute,date,,,yes,,Sahamati/account-aggregator-standards + specifications.rebit.org.in
AA (Account Aggregator),certificates_of_deposit,Account.Transactions,endDate,attribute,date,,,yes,,Sahamati/account-aggregator-standards + specifications.rebit.org.in
AA (Account Aggregator),certificates_of_deposit,Account.Transactions,startDate,attribute,date,,,yes,,Sahamati/account-aggregator-standards + specifications.rebit.org.in
AA (Account Aggregator),certificates_of_deposit,Account.Transactions.Transaction,txnId,attribute,string,,,yes,,Sahamati/account-aggregator-standards + specifications.rebit.org.in
AA (Account Aggregator),certificates_of_deposit,Account.Transactions.Transaction,transactionDateTime,attribute,dateTime,,,yes,,Sahamati/account-aggregator-standards + specifications.rebit.org.in
AA (Account Aggregator),certificates_of_deposit,Account.Transactions.Transaction,isin,attribute,string,,,yes,,Sahamati/account-aggregator-standards + specifications.rebit.org.in
AA (Account Aggregator),certificates_of_deposit,Account.Transactions.Transaction,narration,attribute,string,,,yes,,Sahamati/account-aggregator-standards + specifications.rebit.org.in
AA (Account Aggregator),certificates_of_deposit,Account.Transactions.Transaction,rate,attribute,string,,,yes,,Sahamati/account-aggregator-standards + specifications.rebit.org.in
AA (Account Aggregator),certificates_of_deposit,Account.Transactions.Transaction,stt,attribute,string,,,yes,,Sahamati/account-aggregator-standards + specifications.rebit.org.in
AA (Account Aggregator),certificates_of_deposit,Account.Transactions.Transaction,type,attribute,string,BUY|SELL|BOUNS|SPLIT| OTHERS,,yes,,Sahamati/account-aggregator-standards + specifications.rebit.org.in
AA (Account Aggregator),certificates_of_deposit,Account.Transactions.Transaction,units,attribute,string,,,yes,,Sahamati/account-aggregator-standards + specifications.rebit.org.in
AA (Account Aggregator),certificates_of_deposit,Account.Transactions.Transaction,currency,attribute,string,,,yes,,Sahamati/account-aggregator-standards + specifications.rebit.org.in
AA (Account Aggregator),certificates_of_deposit,Account.Transactions.Transaction,totalCharge,attribute,string,,,yes,,Sahamati/account-aggregator-standards + specifications.rebit.org.in
AA (Account Aggregator),certificates_of_deposit,Account.Transactions.Transaction,tradeValue,attribute,string,,,yes,,Sahamati/account-aggregator-standards + specifications.rebit.org.in
AA (Account Aggregator),certificates_of_deposit,Account.Transactions.Transaction,otherTaxes,attribute,string,,,yes,,Sahamati/account-aggregator-standards + specifications.rebit.org.in
AA (Account Aggregator),collective_investment_schemes,Account,linkedAccRef,attribute,string,,,yes,,Sahamati/account-aggregator-standards + specifications.rebit.org.in
AA (Account Aggregator),collective_investment_schemes,Account,maskedAccNumber,attribute,string,,,yes,,Sahamati/account-aggregator-standards + specifications.rebit.org.in
AA (Account Aggregator),collective_investment_schemes,Account,version,attribute,float,,,yes,,Sahamati/account-aggregator-standards + specifications.rebit.org.in
AA (Account Aggregator),collective_investment_schemes,Account,type,attribute,string,,,yes,,Sahamati/account-aggregator-standards + specifications.rebit.org.in
AA (Account Aggregator),collective_investment_schemes,Account.Profile.Holders.Holder,name,attribute,string,,,yes,,Sahamati/account-aggregator-standards + specifications.rebit.org.in
AA (Account Aggregator),collective_investment_schemes,Account.Profile.Holders.Holder,dob,attribute,date,,,yes,,Sahamati/account-aggregator-standards + specifications.rebit.org.in
AA (Account Aggregator),collective_investment_schemes,Account.Profile.Holders.Holder,mobile,attribute,string,,,yes,,Sahamati/account-aggregator-standards + specifications.rebit.org.in
AA (Account Aggregator),collective_investment_schemes,Account.Profile.Holders.Holder,address,attribute,string,,,no,,Sahamati/account-aggregator-standards + specifications.rebit.org.in
AA (Account Aggregator),collective_investment_schemes,Account.Profile.Holders.Holder,landline,attribute,string,,,no,,Sahamati/account-aggregator-standards + specifications.rebit.org.in
AA (Account Aggregator),collective_investment_schemes,Account.Profile.Holders.Holder,email,attribute,string,,[^@]+@[^\.]+\..+,yes,,Sahamati/account-aggregator-standards + specifications.rebit.org.in
AA (Account Aggregator),collective_investment_schemes,Account.Profile.Holders.Holder,dematId,attribute,string,,,yes,,Sahamati/account-aggregator-standards + specifications.rebit.org.in
AA (Account Aggregator),collective_investment_schemes,Account.Profile.Holders.Holder,pan,attribute,string,,[a-zA-Z][a-zA-Z][a-zA-Z][a-zA-Z][a-zA-Z][0-9][0-9][0-9][0-9][a-zA-Z],yes,,Sahamati/account-aggregator-standards + specifications.rebit.org.in
AA (Account Aggregator),collective_investment_schemes,Account.Profile.Holders.Holder,ckycCompliance,attribute,boolean,,,yes,,Sahamati/account-aggregator-standards + specifications.rebit.org.in
AA (Account Aggregator),collective_investment_schemes,Account.Profile.Holders.Holder,nominee,attribute,string,REGISTERED|NOT-REGISTERED,,yes,,Sahamati/account-aggregator-standards + specifications.rebit.org.in
AA (Account Aggregator),collective_investment_schemes,Account.Summary,investmentValue,attribute,float,,,yes,,Sahamati/account-aggregator-standards + specifications.rebit.org.in
AA (Account Aggregator),collective_investment_schemes,Account.Summary,currentValue,attribute,float,,,yes,,Sahamati/account-aggregator-standards + specifications.rebit.org.in
AA (Account Aggregator),collective_investment_schemes,Account.Summary.Investment.Holdings.Holding,isin,attribute,string,,,yes,,Sahamati/account-aggregator-standards + specifications.rebit.org.in
AA (Account Aggregator),collective_investment_schemes,Account.Summary.Investment.Holdings.Holding,ucc,attribute,string,,,yes,,Sahamati/account-aggregator-standards + specifications.rebit.org.in
AA (Account Aggregator),collective_investment_schemes,Account.Summary.Investment.Holdings.Holding,folioNo,attribute,string,,,yes,,Sahamati/account-aggregator-standards + specifications.rebit.org.in
AA (Account Aggregator),collective_investment_schemes,Account.Summary.Investment.Holdings.Holding,mode,attribute,string,DEMAT|PHYSICAL,,yes,,Sahamati/account-aggregator-standards + specifications.rebit.org.in
AA (Account Aggregator),collective_investment_schemes,Account.Summary.Investment.Holdings.Holding,units,attribute,float,,,yes,,Sahamati/account-aggregator-standards + specifications.rebit.org.in
AA (Account Aggregator),collective_investment_schemes,Account.Summary.Investment.Holdings.Holding,closingUnits,attribute,float,,,yes,,Sahamati/account-aggregator-standards + specifications.rebit.org.in
AA (Account Aggregator),collective_investment_schemes,Account.Summary.Investment.Holdings.Holding,rate,attribute,float,,,yes,,Sahamati/account-aggregator-standards + specifications.rebit.org.in
AA (Account Aggregator),collective_investment_schemes,Account.Summary.Investment.Holdings.Holding,nav,attribute,float,,,yes,,Sahamati/account-aggregator-standards + specifications.rebit.org.in
AA (Account Aggregator),collective_investment_schemes,Account.Transactions,endDate,attribute,date,,,yes,,Sahamati/account-aggregator-standards + specifications.rebit.org.in
AA (Account Aggregator),collective_investment_schemes,Account.Transactions,startDate,attribute,date,,,yes,,Sahamati/account-aggregator-standards + specifications.rebit.org.in
AA (Account Aggregator),collective_investment_schemes,Account.Transactions.Transaction,txnId,attribute,string,,,yes,,Sahamati/account-aggregator-standards + specifications.rebit.org.in
AA (Account Aggregator),collective_investment_schemes,Account.Transactions.Transaction,transactionDateTime,attribute,dateTime,,,yes,,Sahamati/account-aggregator-standards + specifications.rebit.org.in
AA (Account Aggregator),collective_investment_schemes,Account.Transactions.Transaction,schemeCode,attribute,string,,,yes,,Sahamati/account-aggregator-standards + specifications.rebit.org.in
AA (Account Aggregator),collective_investment_schemes,Account.Transactions.Transaction,isin,attribute,string,,,yes,,Sahamati/account-aggregator-standards + specifications.rebit.org.in
AA (Account Aggregator),collective_investment_schemes,Account.Transactions.Transaction,dividendType,attribute,string,INTERIM-DIVIDENT|FINAL-DIVIDENT,,yes,,Sahamati/account-aggregator-standards + specifications.rebit.org.in
AA (Account Aggregator),collective_investment_schemes,Account.Transactions.Transaction,ucc,attribute,string,,,yes,,Sahamati/account-aggregator-standards + specifications.rebit.org.in
AA (Account Aggregator),collective_investment_schemes,Account.Transactions.Transaction,amount,attribute,float,,,yes,,Sahamati/account-aggregator-standards + specifications.rebit.org.in
AA (Account Aggregator),collective_investment_schemes,Account.Transactions.Transaction,closingUnits,attribute,float,,,yes,,Sahamati/account-aggregator-standards + specifications.rebit.org.in
AA (Account Aggregator),collective_investment_schemes,Account.Transactions.Transaction,nav,attribute,float,,,yes,,Sahamati/account-aggregator-standards + specifications.rebit.org.in
AA (Account Aggregator),collective_investment_schemes,Account.Transactions.Transaction,navDate,attribute,date,,,yes,,Sahamati/account-aggregator-standards + specifications.rebit.org.in
AA (Account Aggregator),collective_investment_schemes,Account.Transactions.Transaction,type,attribute,string,AMALGAMATION|BONUS| BUY-BACK|CAPITAL-REDUCTION_or_CONSOLIDATION-OF-SHARES|CONVERSION-OF-DEBENTURES-INTO-SHARES|DEMERGER|DIVIDEND|OPEN-OFFER|RIGHTS-ISSUE|STOCK-SPLIT|OTHERS,,yes,,Sahamati/account-aggregator-standards + specifications.rebit.org.in
AA (Account Aggregator),collective_investment_schemes,Account.Transactions.Transaction,orderDate,attribute,date,,,yes,,Sahamati/account-aggregator-standards + specifications.rebit.org.in
AA (Account Aggregator),collective_investment_schemes,Account.Transactions.Transaction,executionDate,attribute,date,,,yes,,Sahamati/account-aggregator-standards + specifications.rebit.org.in
AA (Account Aggregator),collective_investment_schemes,Account.Transactions.Transaction,mode,attribute,string,DEMAT|PHYSICAL,,yes,,Sahamati/account-aggregator-standards + specifications.rebit.org.in
AA (Account Aggregator),collective_investment_schemes,Account.Transactions.Transaction,otherTaxes,attribute,float,,,no,,Sahamati/account-aggregator-standards + specifications.rebit.org.in
AA (Account Aggregator),collective_investment_schemes,Account.Transactions.Transaction,narration,attribute,string,,,no,,Sahamati/account-aggregator-standards + specifications.rebit.org.in
AA (Account Aggregator),commercial_paper,Account,maskedAccNumber,attribute,string,,,yes,,Sahamati/account-aggregator-standards + specifications.rebit.org.in
AA (Account Aggregator),commercial_paper,Account,linkedAccRef,attribute,string,,,yes,,Sahamati/account-aggregator-standards + specifications.rebit.org.in
AA (Account Aggregator),commercial_paper,Account,version,attribute,float,,,yes,,Sahamati/account-aggregator-standards + specifications.rebit.org.in
AA (Account Aggregator),commercial_paper,Account,type,attribute,string,,,yes,,Sahamati/account-aggregator-standards + specifications.rebit.org.in
AA (Account Aggregator),commercial_paper,Account.Profile.Holders.Holder,name,attribute,string,,,yes,Name of primary holder operating the account,Sahamati/account-aggregator-standards + specifications.rebit.org.in
AA (Account Aggregator),commercial_paper,Account.Profile.Holders.Holder,dob,attribute,date,,,yes,Date of birth of primary account holder,Sahamati/account-aggregator-standards + specifications.rebit.org.in
AA (Account Aggregator),commercial_paper,Account.Profile.Holders.Holder,mobile,attribute,integer,,,yes,Primary mobile number of account holder,Sahamati/account-aggregator-standards + specifications.rebit.org.in
AA (Account Aggregator),commercial_paper,Account.Profile.Holders.Holder,nominee,attribute,string,REGISTERED|NOT-REGISTERED,,yes,Name of nominee associated with the account,Sahamati/account-aggregator-standards + specifications.rebit.org.in
AA (Account Aggregator),commercial_paper,Account.Profile.Holders.Holder,dematId,attribute,string,,,yes,Demat ID assigned or issued to investor,Sahamati/account-aggregator-standards + specifications.rebit.org.in
AA (Account Aggregator),commercial_paper,Account.Profile.Holders.Holder,landline,attribute,string,,,no,Landline of primary account holder,Sahamati/account-aggregator-standards + specifications.rebit.org.in
AA (Account Aggregator),commercial_paper,Account.Profile.Holders.Holder,address,attribute,string,,,no,Address of primary account holder,Sahamati/account-aggregator-standards + specifications.rebit.org.in
AA (Account Aggregator),commercial_paper,Account.Profile.Holders.Holder,email,attribute,string,,[^@]+@[^\.]+\..+,yes,Email ID of primary account holder,Sahamati/account-aggregator-standards + specifications.rebit.org.in
AA (Account Aggregator),commercial_paper,Account.Profile.Holders.Holder,pan,attribute,string,,[a-zA-Z][a-zA-Z][a-zA-Z][a-zA-Z][a-zA-Z][0-9][0-9][0-9][0-9][a-zA-Z],yes,PAN number of primary account holder,Sahamati/account-aggregator-standards + specifications.rebit.org.in
AA (Account Aggregator),commercial_paper,Account.Profile.Holders.Holder,ckycCompliance,attribute,boolean,,,yes,KYC status whether its completed or pending,Sahamati/account-aggregator-standards + specifications.rebit.org.in
AA (Account Aggregator),commercial_paper,Account.Summary,investmentValue,attribute,float,,,yes,Principal or Actual amount of investment,Sahamati/account-aggregator-standards + specifications.rebit.org.in
AA (Account Aggregator),commercial_paper,Account.Summary,currentValue,attribute,float,,,yes,Current value of investment as on date,Sahamati/account-aggregator-standards + specifications.rebit.org.in
AA (Account Aggregator),commercial_paper,Account.Summary.Investment.Holdings.Holding,scheme,attribute,string,FIXED_INTEREST_RATE|T_NOTES|T_BONDS|OTHERS,,yes,Scheme in which investment made in commerical paper,Sahamati/account-aggregator-standards + specifications.rebit.org.in
AA (Account Aggregator),commercial_paper,Account.Summary.Investment.Holdings.Holding,investmentValue,attribute,float,,,yes,Principal or Actual amount of investment,Sahamati/account-aggregator-standards + specifications.rebit.org.in
AA (Account Aggregator),commercial_paper,Account.Summary.Investment.Holdings.Holding,currentValue,attribute,float,,,yes,Current value of investment as on date,Sahamati/account-aggregator-standards + specifications.rebit.org.in
AA (Account Aggregator),commercial_paper,Account.Summary.Investment.Holdings.Holding,isin,attribute,string,,,yes,International Securities Identification Number (ISIN) uniquely identifies a security,Sahamati/account-aggregator-standards + specifications.rebit.org.in
AA (Account Aggregator),commercial_paper,Account.Summary.Investment.Holdings.Holding,units,attribute,float,,,yes,Units allotted in folio till date,Sahamati/account-aggregator-standards + specifications.rebit.org.in
AA (Account Aggregator),commercial_paper,Account.Summary.Investment.Holdings.Holding,faceValue,attribute,float,,,yes,Face value on which investment made in commercial paper,Sahamati/account-aggregator-standards + specifications.rebit.org.in
AA (Account Aggregator),commercial_paper,Account.Summary.Investment.Holdings.Holding,symbol,attribute,string,,,yes,Symbol of the securities in which investment made and hold by investor,Sahamati/account-aggregator-standards + specifications.rebit.org.in
AA (Account Aggregator),commercial_paper,Account.Summary.Investment.Holdings.Holding,description,attribute,string,,,yes,Description of security in which investment made,Sahamati/account-aggregator-standards + specifications.rebit.org.in
AA (Account Aggregator),commercial_paper,Account.Summary.Investment.Holdings.Holding,issuerName,attribute,string,,,yes,Name of issuer who issued the commercial paper,Sahamati/account-aggregator-standards + specifications.rebit.org.in
AA (Account Aggregator),commercial_paper,Account.Summary.Investment.Holdings.Holding,creditRating,attribute,string,,,yes,Rating of the fund invested assigned by credit rating agencies,Sahamati/account-aggregator-standards + specifications.rebit.org.in
AA (Account Aggregator),commercial_paper,Account.Summary.Investment.Holdings.Holding,creditRatingAgency,attribute,string,,,yes,Name of rating agency who had rated the fund,Sahamati/account-aggregator-standards + specifications.rebit.org.in
AA (Account Aggregator),commercial_paper,Account.Summary.Investment.Holdings.Holding,issueDate,attribute,date,,,yes,Date when commercial paper issued to investor,Sahamati/account-aggregator-standards + specifications.rebit.org.in
AA (Account Aggregator),commercial_paper,Account.Summary.Investment.Holdings.Holding,principalAmount,attribute,float,,,yes,Principal or Actual amount of investment,Sahamati/account-aggregator-standards + specifications.rebit.org.in
AA (Account Aggregator),commercial_paper,Account.Summary.Investment.Holdings.Holding,tenureYears,attribute,positiveInteger,,,yes,Years which are passed since investment made,Sahamati/account-aggregator-standards + specifications.rebit.org.in
AA (Account Aggregator),commercial_paper,Account.Summary.Investment.Holdings.Holding,tenureMonths,attribute,positiveInteger,,,yes,Months which are passed since investment made,Sahamati/account-aggregator-standards + specifications.rebit.org.in
AA (Account Aggregator),commercial_paper,Account.Summary.Investment.Holdings.Holding,tenureDays,attribute,positiveInteger,,,yes,Days which are passed since investment made,Sahamati/account-aggregator-standards + specifications.rebit.org.in
AA (Account Aggregator),commercial_paper,Account.Summary.Investment.Holdings.Holding,maturityDate,attribute,date,,,yes,Maturity date of investment in commercial paper,Sahamati/account-aggregator-standards + specifications.rebit.org.in
AA (Account Aggregator),commercial_paper,Account.Summary.Investment.Holdings.Holding,auctionDate,attribute,date,,,yes,Date when auction taken place for particular investment security,Sahamati/account-aggregator-standards + specifications.rebit.org.in
AA (Account Aggregator),commercial_paper,Account.Transactions,startDate,attribute,date,,,yes,Start date of investment since when it is applicable,Sahamati/account-aggregator-standards + specifications.rebit.org.in
AA (Account Aggregator),commercial_paper,Account.Transactions,endDate,attribute,date,,,yes,End date of investment when tenure get complete,Sahamati/account-aggregator-standards + specifications.rebit.org.in
AA (Account Aggregator),commercial_paper,Account.Transactions.Transaction,txnId,attribute,string,,,yes,Transaction ID recorded or captured for investment made,Sahamati/account-aggregator-standards + specifications.rebit.org.in
AA (Account Aggregator),commercial_paper,Account.Transactions.Transaction,isin,attribute,string,,,yes,International Securities Identification Number (ISIN) uniquely identifies a security.,Sahamati/account-aggregator-standards + specifications.rebit.org.in
AA (Account Aggregator),commercial_paper,Account.Transactions.Transaction,narration,attribute,string,,,yes,Nararation is additional details in form of decription of remark associated with investment,Sahamati/account-aggregator-standards + specifications.rebit.org.in
AA (Account Aggregator),commercial_paper,Account.Transactions.Transaction,transactionDateTime,attribute,dateTime,,,yes,Transaction date time stamp for particular record when investment taken place,Sahamati/account-aggregator-standards + specifications.rebit.org.in
AA (Account Aggregator),commercial_paper,Account.Transactions.Transaction,rate,attribute,float,,,yes,Rate or net price on which investment made in security,Sahamati/account-aggregator-standards + specifications.rebit.org.in
AA (Account Aggregator),commercial_paper,Account.Transactions.Transaction,type,attribute,string,BUY|SELL|OTHERS,,yes,"Type of transaction whether Buy/Sell, etc",Sahamati/account-aggregator-standards + specifications.rebit.org.in
AA (Account Aggregator),commercial_paper,Account.Transactions.Transaction,units,attribute,float,,,yes,Units which are alloted in the portfolio of investor,Sahamati/account-aggregator-standards + specifications.rebit.org.in
AA (Account Aggregator),commercial_paper,Account.Transactions.Transaction,currency,attribute,string,,,yes,Currency in which transaction taken place,Sahamati/account-aggregator-standards + specifications.rebit.org.in
AA (Account Aggregator),commercial_paper,Account.Transactions.Transaction,tradeValue,attribute,float,,,yes,Trade value of investment as per market price,Sahamati/account-aggregator-standards + specifications.rebit.org.in
AA (Account Aggregator),commercial_paper,Account.Transactions.Transaction,totalCharge,attribute,float,,,yes,"Total charges includes finance charge, STT or other taxes/charge implied on investment",Sahamati/account-aggregator-standards + specifications.rebit.org.in
AA (Account Aggregator),commercial_paper,Account.Transactions.Transaction,otherTaxes,attribute,float,,,yes,Additonal or any type of tax chareged on the investment,Sahamati/account-aggregator-standards + specifications.rebit.org.in
AA (Account Aggregator),credit_card,Account,maskedAccNumber,attribute,string,,,yes,,Sahamati/account-aggregator-standards + specifications.rebit.org.in
AA (Account Aggregator),credit_card,Account,linkedAccRef,attribute,string,,,yes,,Sahamati/account-aggregator-standards + specifications.rebit.org.in
AA (Account Aggregator),credit_card,Account,version,attribute,float,,,yes,,Sahamati/account-aggregator-standards + specifications.rebit.org.in
AA (Account Aggregator),credit_card,Account,type,attribute,string,,,yes,,Sahamati/account-aggregator-standards + specifications.rebit.org.in
AA (Account Aggregator),credit_card,Account.Profile.Holders.Holder,name,attribute,string,,,yes,Name of Profile holder to whom card is issued.,Sahamati/account-aggregator-standards + specifications.rebit.org.in
AA (Account Aggregator),credit_card,Account.Profile.Holders.Holder,dob,attribute,date,,,yes,Date of birth of primary account holder.,Sahamati/account-aggregator-standards + specifications.rebit.org.in
AA (Account Aggregator),credit_card,Account.Profile.Holders.Holder,mobile,attribute,integer,,,yes,Mobile number of primary holder.,Sahamati/account-aggregator-standards + specifications.rebit.org.in
AA (Account Aggregator),credit_card,Account.Profile.Holders.Holder,nominee,attribute,string,REGISTERED|NOT-REGISTERED,,yes,Name of nominee associated with the account.,Sahamati/account-aggregator-standards + specifications.rebit.org.in
AA (Account Aggregator),credit_card,Account.Profile.Holders.Holder,landline,attribute,string,,,no,Landline number of primary holder.,Sahamati/account-aggregator-standards + specifications.rebit.org.in
AA (Account Aggregator),credit_card,Account.Profile.Holders.Holder,address,attribute,string,,,no,Address of primary holder.,Sahamati/account-aggregator-standards + specifications.rebit.org.in
AA (Account Aggregator),credit_card,Account.Profile.Holders.Holder,email,attribute,string,,[^@]+@[^\.]+\..+,yes,Email ID of primary account holder,Sahamati/account-aggregator-standards + specifications.rebit.org.in
AA (Account Aggregator),credit_card,Account.Profile.Holders.Holder,pan,attribute,string,,[a-zA-Z][a-zA-Z][a-zA-Z][a-zA-Z][a-zA-Z][0-9][0-9][0-9][0-9][a-zA-Z],yes,PAN number of primary account holder,Sahamati/account-aggregator-standards + specifications.rebit.org.in
AA (Account Aggregator),credit_card,Account.Profile.Holders.Holder,ckycCompliance,attribute,boolean,,,yes,KYC status whether its completed or pending,Sahamati/account-aggregator-standards + specifications.rebit.org.in
AA (Account Aggregator),credit_card,Account.Profile.Holders.Holder.Cards.Card,cardType,attribute,string,MASTER_CARD|VISA|RUPAY|OTHERS,,yes,"Type of credit card - RuPay, Visa, Mastercard, etc",Sahamati/account-aggregator-standards + specifications.rebit.org.in
AA (Account Aggregator),credit_card,Account.Profile.Holders.Holder.Cards.Card,primary,attribute,string,YES|NO,,yes,Name of Profile holder to whom card is issued,Sahamati/account-aggregator-standards + specifications.rebit.org.in
AA (Account Aggregator),credit_card,Account.Profile.Holders.Holder.Cards.Card,issuedDate,attribute,date,,,yes,Issue date of credit card,Sahamati/account-aggregator-standards + specifications.rebit.org.in
AA (Account Aggregator),credit_card,Account.Profile.Holders.Holder.Cards.Card,maskedCardNumber,attribute,string,,,yes,The credit card number with some of the numbers masked,Sahamati/account-aggregator-standards + specifications.rebit.org.in
AA (Account Aggregator),credit_card,Account.Summary,currentDue,attribute,float,,,yes,Current month outstanding balance on the credit card hold,Sahamati/account-aggregator-standards + specifications.rebit.org.in
AA (Account Aggregator),credit_card,Account.Summary,lastStatementDate,attribute,date,,,yes,Date of last statement generated,Sahamati/account-aggregator-standards + specifications.rebit.org.in
AA (Account Aggregator),credit_card,Account.Summary,dueDate,attribute,date,,,yes,Due date for the oustanding amount which need to pay,Sahamati/account-aggregator-standards + specifications.rebit.org.in
AA (Account Aggregator),credit_card,Account.Summary,previousDueAmount,attribute,float,,,yes,Previous month outstanding balance,Sahamati/account-aggregator-standards + specifications.rebit.org.in
AA (Account Aggregator),credit_card,Account.Summary,totalDueAmount,attribute,float,,,yes,Total outstanding balance due or need to pay.,Sahamati/account-aggregator-standards + specifications.rebit.org.in
AA (Account Aggregator),credit_card,Account.Summary,minDueAmount,attribute,float,,,yes,Minimum balance which need to paid.,Sahamati/account-aggregator-standards + specifications.rebit.org.in
AA (Account Aggregator),credit_card,Account.Summary,creditLimit,attribute,float,,,yes,Total Credit Limit of cardholder.,Sahamati/account-aggregator-standards + specifications.rebit.org.in
AA (Account Aggregator),credit_card,Account.Summary,cashLimit,attribute,float,,,yes,Total Cash Limit of cardholder.,Sahamati/account-aggregator-standards + specifications.rebit.org.in
AA (Account Aggregator),credit_card,Account.Summary,availableCredit,attribute,float,,,yes,Available Credit Limit in the account.,Sahamati/account-aggregator-standards + specifications.rebit.org.in
AA (Account Aggregator),credit_card,Account.Summary,loyaltyPoints,attribute,positiveInteger,,,yes,Loyalty Point earned on the transaction conducted,Sahamati/account-aggregator-standards + specifications.rebit.org.in
AA (Account Aggregator),credit_card,Account.Summary,financeCharges,attribute,float,,,yes,Finance charges implied by company if applicable,Sahamati/account-aggregator-standards + specifications.rebit.org.in
AA (Account Aggregator),credit_card,Account.Transactions,startDate,attribute,date,,,yes,Start date of investment since when it is applicable,Sahamati/account-aggregator-standards + specifications.rebit.org.in
AA (Account Aggregator),credit_card,Account.Transactions,endDate,attribute,date,,,yes,End date of investment when tenure get complete,Sahamati/account-aggregator-standards + specifications.rebit.org.in
AA (Account Aggregator),credit_card,Account.Transactions.Transaction,txnId,attribute,string,,,yes,Transaction ID recorded or captured for investment made,Sahamati/account-aggregator-standards + specifications.rebit.org.in
AA (Account Aggregator),credit_card,Account.Transactions.Transaction,txnType,attribute,string,DEBIT|CREDIT,,yes,Type of transaction whether debit or credit.,Sahamati/account-aggregator-standards + specifications.rebit.org.in
AA (Account Aggregator),credit_card,Account.Transactions.Transaction,txnDate,attribute,date,,,yes,Transaction date time stamp for particular record when investment taken place,Sahamati/account-aggregator-standards + specifications.rebit.org.in
AA (Account Aggregator),credit_card,Account.Transactions.Transaction,amount,attribute,float,,,yes,The transaction amount,Sahamati/account-aggregator-standards + specifications.rebit.org.in
AA (Account Aggregator),credit_card,Account.Transactions.Transaction,valueDate,attribute,date,,,yes,Available balance or value as on date,Sahamati/account-aggregator-standards + specifications.rebit.org.in
AA (Account Aggregator),credit_card,Account.Transactions.Transaction,narration,attribute,string,,,yes,Nararation is additional details in form of decription of remark associated with investment.,Sahamati/account-aggregator-standards + specifications.rebit.org.in
AA (Account Aggregator),credit_card,Account.Transactions.Transaction,statementDate,attribute,date,,,yes,Statement Generated Date.,Sahamati/account-aggregator-standards + specifications.rebit.org.in
AA (Account Aggregator),credit_card,Account.Transactions.Transaction,mcc,attribute,string,,,yes,Merchant category code for the given transaction,Sahamati/account-aggregator-standards + specifications.rebit.org.in
AA (Account Aggregator),credit_card,Account.Transactions.Transaction,maskedCardNumber,attribute,string,,,yes,The credit card number with some of the numbers masked.,Sahamati/account-aggregator-standards + specifications.rebit.org.in
AA (Account Aggregator),debentures,Account,linkedAccRef,attribute,string,,,yes,,Sahamati/account-aggregator-standards + specifications.rebit.org.in
AA (Account Aggregator),debentures,Account,maskedAccNumber,attribute,string,,,yes,,Sahamati/account-aggregator-standards + specifications.rebit.org.in
AA (Account Aggregator),debentures,Account,version,attribute,float,,,yes,,Sahamati/account-aggregator-standards + specifications.rebit.org.in
AA (Account Aggregator),debentures,Account,type,attribute,string,,,no,,Sahamati/account-aggregator-standards + specifications.rebit.org.in
AA (Account Aggregator),debentures,Account.Profile.Holders.Holder,name,attribute,string,,,yes,Name of primary holder operating the account,Sahamati/account-aggregator-standards + specifications.rebit.org.in
AA (Account Aggregator),debentures,Account.Profile.Holders.Holder,dob,attribute,date,,,yes,Date of birth of primary account holder,Sahamati/account-aggregator-standards + specifications.rebit.org.in
AA (Account Aggregator),debentures,Account.Profile.Holders.Holder,mobile,attribute,integer,,,yes,Primary mobile number of account holder,Sahamati/account-aggregator-standards + specifications.rebit.org.in
AA (Account Aggregator),debentures,Account.Profile.Holders.Holder,nominee,attribute,string,REGISTERED|NOT-REGISTERED,,yes,Name of nominee associated with the account,Sahamati/account-aggregator-standards + specifications.rebit.org.in
AA (Account Aggregator),debentures,Account.Profile.Holders.Holder,dematId,attribute,string,,,yes,Demat ID assigned or issued to investor,Sahamati/account-aggregator-standards + specifications.rebit.org.in
AA (Account Aggregator),debentures,Account.Profile.Holders.Holder,landline,attribute,string,,,no,Landline of primary account holder,Sahamati/account-aggregator-standards + specifications.rebit.org.in
AA (Account Aggregator),debentures,Account.Profile.Holders.Holder,address,attribute,string,,,no,Adderess of primary account holder,Sahamati/account-aggregator-standards + specifications.rebit.org.in
AA (Account Aggregator),debentures,Account.Profile.Holders.Holder,email,attribute,string,,[^@]+@[^\.]+\..+,yes,Email ID of primary account holder,Sahamati/account-aggregator-standards + specifications.rebit.org.in
AA (Account Aggregator),debentures,Account.Profile.Holders.Holder,pan,attribute,string,,[a-zA-Z][a-zA-Z][a-zA-Z][a-zA-Z][a-zA-Z][0-9][0-9][0-9][0-9][a-zA-Z],yes,PAN number of primary account holder,Sahamati/account-aggregator-standards + specifications.rebit.org.in
AA (Account Aggregator),debentures,Account.Profile.Holders.Holder,ckycCompliance,attribute,boolean,,,yes,KYC status whether its completed or pending,Sahamati/account-aggregator-standards + specifications.rebit.org.in
AA (Account Aggregator),debentures,Account.Summary,investmentValue,attribute,float,,,yes,Principal or Actual amount of investment,Sahamati/account-aggregator-standards + specifications.rebit.org.in
AA (Account Aggregator),debentures,Account.Summary,currentValue,attribute,float,,,yes,Current value of investment as on date,Sahamati/account-aggregator-standards + specifications.rebit.org.in
AA (Account Aggregator),debentures,Account.Summary.Holdings.Holding,isin,attribute,string,,,yes,International Securities Identification Number (ISIN) uniquely identifies a security.,Sahamati/account-aggregator-standards + specifications.rebit.org.in
AA (Account Aggregator),debentures,Account.Summary.Holdings.Holding,units,attribute,float,,,yes,Units allotted in folio till date,Sahamati/account-aggregator-standards + specifications.rebit.org.in
AA (Account Aggregator),debentures,Account.Summary.Holdings.Holding,faceValue,attribute,string,,,yes,Face value on which investment made in debentures,Sahamati/account-aggregator-standards + specifications.rebit.org.in
AA (Account Aggregator),debentures,Account.Summary.Holdings.Holding,coupon,attribute,string,,,yes,Interest rate of the debenture,Sahamati/account-aggregator-standards + specifications.rebit.org.in
AA (Account Aggregator),debentures,Account.Summary.Holdings.Holding,fixedIncomePortfolio,attribute,string,,,yes,,Sahamati/account-aggregator-standards + specifications.rebit.org.in
AA (Account Aggregator),debentures,Account.Summary.Holdings.Holding,symbol,attribute,string,,,yes,Symbol of the securities in which investment made and hold by investor,Sahamati/account-aggregator-standards + specifications.rebit.org.in
AA (Account Aggregator),debentures,Account.Summary.Holdings.Holding,issuerName,attribute,string,,,yes,Name of party who issued the debenture in which investment made,Sahamati/account-aggregator-standards + specifications.rebit.org.in
AA (Account Aggregator),debentures,Account.Summary.Holdings.Holding,description,attribute,string,,,yes,Description or details of security in which investment made,Sahamati/account-aggregator-standards + specifications.rebit.org.in
AA (Account Aggregator),debentures,Account.Summary.Holdings.Holding,creditRating,attribute,string,,,yes,Rating of the fund invested assigned by credit rating agencies,Sahamati/account-aggregator-standards + specifications.rebit.org.in
AA (Account Aggregator),debentures,Account.Summary.Holdings.Holding,taxable,attribute,string,YES|NO,,yes,Status whether investment is taxable or not,Sahamati/account-aggregator-standards + specifications.rebit.org.in
AA (Account Aggregator),debentures,Account.Summary.Holdings.Holding,issueDate,attribute,date,,,yes,Issue date on which investment made in particular security,Sahamati/account-aggregator-standards + specifications.rebit.org.in
AA (Account Aggregator),debentures,Account.Summary.Holdings.Holding,principalAmount,attribute,string,,,yes,Principal or Actual amount of investment,Sahamati/account-aggregator-standards + specifications.rebit.org.in
AA (Account Aggregator),debentures,Account.Summary.Holdings.Holding,tenureDays,attribute,string,,,yes,Days which are passed since investment made,Sahamati/account-aggregator-standards + specifications.rebit.org.in
AA (Account Aggregator),debentures,Account.Summary.Holdings.Holding,tenureMonths,attribute,string,,,yes,Months which are passed since investment made,Sahamati/account-aggregator-standards + specifications.rebit.org.in
AA (Account Aggregator),debentures,Account.Summary.Holdings.Holding,tenureYears,attribute,string,,,yes,Years which are passed since investment made,Sahamati/account-aggregator-standards + specifications.rebit.org.in
AA (Account Aggregator),debentures,Account.Summary.Holdings.Holding,yield,attribute,float,,,yes,The amount to be paid out to the debenture holder at the end of the term for which the CD was issued.,Sahamati/account-aggregator-standards + specifications.rebit.org.in
AA (Account Aggregator),debentures,Account.Summary.Holdings.Holding,maturityDate,attribute,date,,,yes,Date of maturity for investment,Sahamati/account-aggregator-standards + specifications.rebit.org.in
AA (Account Aggregator),debentures,Account.Summary.Holdings.Holding,lastTradedRate,attribute,float,,,yes,Last rate on which security traded in the open market,Sahamati/account-aggregator-standards + specifications.rebit.org.in
AA (Account Aggregator),debentures,Account.Summary.Holdings.Holding,lastTradedDate,attribute,date,,,yes,Date of secuirties on which last trade happened,Sahamati/account-aggregator-standards + specifications.rebit.org.in
AA (Account Aggregator),debentures,Account.Transactions,startDate,attribute,date,,,yes,Start date of investment since when it is applicable,Sahamati/account-aggregator-standards + specifications.rebit.org.in
AA (Account Aggregator),debentures,Account.Transactions,endDate,attribute,date,,,yes,End date of investment when tenure get complete,Sahamati/account-aggregator-standards + specifications.rebit.org.in
AA (Account Aggregator),debentures,Account.Transactions.Transaction,txnId,attribute,string,,,yes,Transaction ID recorded or captured for investment made,Sahamati/account-aggregator-standards + specifications.rebit.org.in
AA (Account Aggregator),debentures,Account.Transactions.Transaction,isin,attribute,string,,,yes,International Securities Identification Number (ISIN) uniquely identifies a security.,Sahamati/account-aggregator-standards + specifications.rebit.org.in
AA (Account Aggregator),debentures,Account.Transactions.Transaction,narration,attribute,string,,,no,Nararation is additional details in form of decription of remark associated with investment,Sahamati/account-aggregator-standards + specifications.rebit.org.in
AA (Account Aggregator),debentures,Account.Transactions.Transaction,transactionDateTime,attribute,dateTime,,,yes,Transaction date time stamp for particular record when investment taken place,Sahamati/account-aggregator-standards + specifications.rebit.org.in
AA (Account Aggregator),debentures,Account.Transactions.Transaction,rate,attribute,float,,,yes,Rate or net price on which investment made in security,Sahamati/account-aggregator-standards + specifications.rebit.org.in
AA (Account Aggregator),debentures,Account.Transactions.Transaction,type,attribute,string,OPENING|INTEREST|TDS|INSTALLMENT|CLOSING|OTHERS,,yes,"Type of transaction whether Buy/Sell, etc",Sahamati/account-aggregator-standards + specifications.rebit.org.in
AA (Account Aggregator),debentures,Account.Transactions.Transaction,units,attribute,float,,,yes,Units which are alloted in the portfolio of investor,Sahamati/account-aggregator-standards + specifications.rebit.org.in
AA (Account Aggregator),debentures,Account.Transactions.Transaction,currency,attribute,string,,,yes,Currency in which transaction taken place,Sahamati/account-aggregator-standards + specifications.rebit.org.in
AA (Account Aggregator),debentures,Account.Transactions.Transaction,tradeValue,attribute,float,,,yes,Trade value of investment as per market price,Sahamati/account-aggregator-standards + specifications.rebit.org.in
AA (Account Aggregator),debentures,Account.Transactions.Transaction,totalCharge,attribute,float,,,yes,"Total charges includes finance charge, STT or other taxes/charge implied on investment",Sahamati/account-aggregator-standards + specifications.rebit.org.in
AA (Account Aggregator),debentures,Account.Transactions.Transaction,otherTaxes,attribute,float,,,yes,Additonal or any type of tax chareged on the investment,Sahamati/account-aggregator-standards + specifications.rebit.org.in
AA (Account Aggregator),deposit,Account,type,attribute,string,,,yes,,Sahamati/account-aggregator-standards + specifications.rebit.org.in
AA (Account Aggregator),deposit,Account,maskedAccNumber,attribute,string,,,yes,,Sahamati/account-aggregator-standards + specifications.rebit.org.in
AA (Account Aggregator),deposit,Account,version,attribute,float,,,yes,,Sahamati/account-aggregator-standards + specifications.rebit.org.in
AA (Account Aggregator),deposit,Account,linkedAccRef,attribute,string,,,yes,,Sahamati/account-aggregator-standards + specifications.rebit.org.in
AA (Account Aggregator),deposit,Account.Profile.Holders,type,attribute,string,SINGLE|JOINT,,yes,Type of account held by an individual whether its single or jointly operated.,Sahamati/account-aggregator-standards + specifications.rebit.org.in
AA (Account Aggregator),deposit,Account.Profile.Holders.Holder,name,attribute,string,,,yes,Name of primary account holder,Sahamati/account-aggregator-standards + specifications.rebit.org.in
AA (Account Aggregator),deposit,Account.Profile.Holders.Holder,dob,attribute,date,,,yes,date of birth of account holder,Sahamati/account-aggregator-standards + specifications.rebit.org.in
AA (Account Aggregator),deposit,Account.Profile.Holders.Holder,mobile,attribute,integer,,,yes,Primary mobile number of account holder.,Sahamati/account-aggregator-standards + specifications.rebit.org.in
AA (Account Aggregator),deposit,Account.Profile.Holders.Holder,nominee,attribute,string,REGISTERED|NOT-REGISTERED,,yes,Status of nominee registred with the account.,Sahamati/account-aggregator-standards + specifications.rebit.org.in
AA (Account Aggregator),deposit,Account.Profile.Holders.Holder,landline,attribute,string,,,no,Landline number of account holder.,Sahamati/account-aggregator-standards + specifications.rebit.org.in
AA (Account Aggregator),deposit,Account.Profile.Holders.Holder,address,attribute,string,,,no,Address of account holder.,Sahamati/account-aggregator-standards + specifications.rebit.org.in
AA (Account Aggregator),deposit,Account.Profile.Holders.Holder,email,attribute,string,,[^@]+@[^\.]+\..+,no,Email ID of primary account holder.,Sahamati/account-aggregator-standards + specifications.rebit.org.in
AA (Account Aggregator),deposit,Account.Profile.Holders.Holder,pan,attribute,string,,[a-zA-Z][a-zA-Z][a-zA-Z][a-zA-Z][a-zA-Z][0-9][0-9][0-9][0-9][a-zA-Z],no,PAN number of primary account holder.,Sahamati/account-aggregator-standards + specifications.rebit.org.in
AA (Account Aggregator),deposit,Account.Profile.Holders.Holder,ckycCompliance,attribute,boolean,,,no,KYC status whether its completed or pending,Sahamati/account-aggregator-standards + specifications.rebit.org.in
AA (Account Aggregator),deposit,Account.Summary,currentBalance,attribute,string,,,yes,Available Balance.,Sahamati/account-aggregator-standards + specifications.rebit.org.in
AA (Account Aggregator),deposit,Account.Summary,currency,attribute,string,,,no,Currency in which transaction taken place.,Sahamati/account-aggregator-standards + specifications.rebit.org.in
AA (Account Aggregator),deposit,Account.Summary,exchgeRate,attribute,string,,,no,Currency conversion exchange rate for the day.,Sahamati/account-aggregator-standards + specifications.rebit.org.in
AA (Account Aggregator),deposit,Account.Summary,balanceDateTime,attribute,dateTime,,,yes,Date and time stamp for which current balance recorded.,Sahamati/account-aggregator-standards + specifications.rebit.org.in
AA (Account Aggregator),deposit,Account.Summary,type,attribute,string,SAVINGS|CURRENT,,yes,Type of account whether is saving or current,Sahamati/account-aggregator-standards + specifications.rebit.org.in
AA (Account Aggregator),deposit,Account.Summary,branch,attribute,string,,,yes,Location of branch where investment was made,Sahamati/account-aggregator-standards + specifications.rebit.org.in
AA (Account Aggregator),deposit,Account.Summary,facility,attribute,string,OD|CC,,no,Additional facility like Overdraft or Sweep In applicable for the given account.,Sahamati/account-aggregator-standards + specifications.rebit.org.in
AA (Account Aggregator),deposit,Account.Summary,ifscCode,attribute,string,,,yes,IFSC code of the issued bank branch,Sahamati/account-aggregator-standards + specifications.rebit.org.in
AA (Account Aggregator),deposit,Account.Summary,micrCode,attribute,string,,,yes,MICR code is uniquely identifies a bank and a branch participating in an ECS.,Sahamati/account-aggregator-standards + specifications.rebit.org.in
AA (Account Aggregator),deposit,Account.Summary,openingDate,attribute,date,,,yes,Opening date of the deposit account,Sahamati/account-aggregator-standards + specifications.rebit.org.in
AA (Account Aggregator),deposit,Account.Summary,currentODLimit,attribute,string,,,no,"The portion of the sanctioned limit that is available to be drawn, as of this point in time",Sahamati/account-aggregator-standards + specifications.rebit.org.in
AA (Account Aggregator),deposit,Account.Summary,drawingLimit,attribute,string,,,no,"Sanctioned limit (overall limit given by the bank, on the OD/CC facility).",Sahamati/account-aggregator-standards + specifications.rebit.org.in
AA (Account Aggregator),deposit,Account.Summary,status,attribute,string,ACTIVE|INACTIVE,,yes,"An account status with either active or inactive. An inactive account includes the dormant, inactive, or closed account.",Sahamati/account-aggregator-standards + specifications.rebit.org.in
AA (Account Aggregator),deposit,Account.Summary.Pending,transactionType,attribute,string,CREDIT|DEBIT,,no,The amount invested or to be invested in deposits such as Fixed or Recurring.,Sahamati/account-aggregator-standards + specifications.rebit.org.in
AA (Account Aggregator),deposit,Account.Summary.Pending,amount,attribute,float,,,yes,Pending amount,Sahamati/account-aggregator-standards + specifications.rebit.org.in
AA (Account Aggregator),deposit,Account.Transactions,startDate,attribute,date,,,yes,Start date of transaction or period for which details are require.,Sahamati/account-aggregator-standards + specifications.rebit.org.in
AA (Account Aggregator),deposit,Account.Transactions,endDate,attribute,date,,,yes,End date of transaction or period for which details are require.,Sahamati/account-aggregator-standards + specifications.rebit.org.in
AA (Account Aggregator),deposit,Account.Transactions.Transaction,type,attribute,string,CREDIT|DEBIT,,yes,Type of account transaction either debit or credit,Sahamati/account-aggregator-standards + specifications.rebit.org.in
AA (Account Aggregator),deposit,Account.Transactions.Transaction,mode,attribute,string,CASH|ATM|CARD|UPI|FT|OTHERS,,yes,Mode of investment captured whether online/demat or physical form.,Sahamati/account-aggregator-standards + specifications.rebit.org.in
AA (Account Aggregator),deposit,Account.Transactions.Transaction,amount,attribute,float,,,yes,Amount of transaction.,Sahamati/account-aggregator-standards + specifications.rebit.org.in
AA (Account Aggregator),deposit,Account.Transactions.Transaction,currentBalance,attribute,string,,,yes,Available balance.,Sahamati/account-aggregator-standards + specifications.rebit.org.in
AA (Account Aggregator),deposit,Account.Transactions.Transaction,transactionTimestamp,attribute,dateTime,,,yes,Transaction date time stamp for particular record when transaction taken place,Sahamati/account-aggregator-standards + specifications.rebit.org.in
AA (Account Aggregator),deposit,Account.Transactions.Transaction,valueDate,attribute,date,,,yes,,Sahamati/account-aggregator-standards + specifications.rebit.org.in
AA (Account Aggregator),deposit,Account.Transactions.Transaction,txnId,attribute,string,,,yes,Unique id of the transaction,Sahamati/account-aggregator-standards + specifications.rebit.org.in
AA (Account Aggregator),deposit,Account.Transactions.Transaction,narration,attribute,string,,,yes,Nararation is additional details in form of decription of remark associated with investment.,Sahamati/account-aggregator-standards + specifications.rebit.org.in
AA (Account Aggregator),deposit,Account.Transactions.Transaction,reference,attribute,string,,,yes,The cheque or reference no for the given transaction.,Sahamati/account-aggregator-standards + specifications.rebit.org.in
AA (Account Aggregator),employee_provident_fund,Account,maskedAccNumber,attribute,string,,,yes,,Sahamati/account-aggregator-standards + specifications.rebit.org.in
AA (Account Aggregator),employee_provident_fund,Account,linkedAccRef,attribute,string,,,yes,,Sahamati/account-aggregator-standards + specifications.rebit.org.in
AA (Account Aggregator),employee_provident_fund,Account,version,attribute,float,,,yes,,Sahamati/account-aggregator-standards + specifications.rebit.org.in
AA (Account Aggregator),employee_provident_fund,Account,type,attribute,string,,,yes,,Sahamati/account-aggregator-standards + specifications.rebit.org.in
AA (Account Aggregator),employee_provident_fund,Account.Profile.Holders.Holder,name,attribute,string,,,yes,Name of primary holder operating the account.,Sahamati/account-aggregator-standards + specifications.rebit.org.in
AA (Account Aggregator),employee_provident_fund,Account.Profile.Holders.Holder,dob,attribute,date,,,yes,Date of birth of primary account holder.,Sahamati/account-aggregator-standards + specifications.rebit.org.in
AA (Account Aggregator),employee_provident_fund,Account.Profile.Holders.Holder,mobile,attribute,integer,,,yes,Primary mobile number of account holder.,Sahamati/account-aggregator-standards + specifications.rebit.org.in
AA (Account Aggregator),employee_provident_fund,Account.Profile.Holders.Holder,nominee,attribute,string,REGISTERED|NOT-REGISTERED,,yes,Name of nominee associated with the account.,Sahamati/account-aggregator-standards + specifications.rebit.org.in
AA (Account Aggregator),employee_provident_fund,Account.Profile.Holders.Holder,landline,attribute,string,,,no,Landline number of account holder.,Sahamati/account-aggregator-standards + specifications.rebit.org.in
AA (Account Aggregator),employee_provident_fund,Account.Profile.Holders.Holder,address,attribute,string,,,no,Address of account holder.,Sahamati/account-aggregator-standards + specifications.rebit.org.in
AA (Account Aggregator),employee_provident_fund,Account.Profile.Holders.Holder,email,attribute,string,,[^@]+@[^\.]+\..+,yes,Email of account holder.,Sahamati/account-aggregator-standards + specifications.rebit.org.in
AA (Account Aggregator),employee_provident_fund,Account.Profile.Holders.Holder,pan,attribute,string,,[a-zA-Z][a-zA-Z][a-zA-Z][a-zA-Z][a-zA-Z][0-9][0-9][0-9][0-9][a-zA-Z],yes,PAN number of primary account holder,Sahamati/account-aggregator-standards + specifications.rebit.org.in
AA (Account Aggregator),employee_provident_fund,Account.Profile.Holders.Holder,ckycCompliance,attribute,boolean,,,yes,KYC status whether its completed or pending,Sahamati/account-aggregator-standards + specifications.rebit.org.in
AA (Account Aggregator),employee_provident_fund,Account.Profile.Holders.Holder,uan,attribute,string,,,no,,Sahamati/account-aggregator-standards + specifications.rebit.org.in
AA (Account Aggregator),employee_provident_fund,Account.Summary,currentBalance,attribute,float,,,yes,Current available balance in EPF account.,Sahamati/account-aggregator-standards + specifications.rebit.org.in
AA (Account Aggregator),employee_provident_fund,Account.Summary,openingDate,attribute,date,,,yes,Opening date of EPF account,Sahamati/account-aggregator-standards + specifications.rebit.org.in
AA (Account Aggregator),employee_provident_fund,Account.Summary,establishmentId,attribute,string,,,yes,Establishement Trust ID under which company providing PF is registered.,Sahamati/account-aggregator-standards + specifications.rebit.org.in
AA (Account Aggregator),employee_provident_fund,Account.Summary,establishmentName,attribute,string,,,yes,Establishement Trust Name under which company providing PF is registered.,Sahamati/account-aggregator-standards + specifications.rebit.org.in
AA (Account Aggregator),employee_provident_fund,Account.Summary,employerBalance,attribute,float,,,yes,Balance contributed by employer.,Sahamati/account-aggregator-standards + specifications.rebit.org.in
AA (Account Aggregator),employee_provident_fund,Account.Summary,employeeBalance,attribute,float,,,yes,Balance contributed by employee.,Sahamati/account-aggregator-standards + specifications.rebit.org.in
AA (Account Aggregator),employee_provident_fund,Account.Summary,totalBalance,attribute,float,,,yes,Net Balance available in the epf account of investor,Sahamati/account-aggregator-standards + specifications.rebit.org.in
AA (Account Aggregator),employee_provident_fund,Account.Transactions,startDate,attribute,,,,yes,Start date of investment since when it is applicable.,Sahamati/account-aggregator-standards + specifications.rebit.org.in
AA (Account Aggregator),employee_provident_fund,Account.Transactions,endDate,attribute,,,,yes,End date of investment when tenure get complete,Sahamati/account-aggregator-standards + specifications.rebit.org.in
AA (Account Aggregator),employee_provident_fund,Account.Transactions.Transaction,txnId,attribute,string,,,yes,Transaction ID recorded or captured for investment made.,Sahamati/account-aggregator-standards + specifications.rebit.org.in
AA (Account Aggregator),employee_provident_fund,Account.Transactions.Transaction,txnDate,attribute,date,,,yes,Transaction date time stamp for particular record when investment taken place.,Sahamati/account-aggregator-standards + specifications.rebit.org.in
AA (Account Aggregator),employee_provident_fund,Account.Transactions.Transaction,narration,attribute,string,,,yes,Nararation is additional details in form of decription of remark associated with investment.,Sahamati/account-aggregator-standards + specifications.rebit.org.in
AA (Account Aggregator),employee_provident_fund,Account.Transactions.Transaction,type,attribute,string,DEPOSIT|WITHDRAWAL|INTEREST|TRANSFER_IN|TRANSFER_OUT|ADJUSTMENT|OTHERS,,yes,"Type of transaction - contribution, adjustment, etc.",Sahamati/account-aggregator-standards + specifications.rebit.org.in
AA (Account Aggregator),employee_provident_fund,Account.Transactions.Transaction,employeeDepositAmount,attribute,float,,,yes,Amount of PF deposit by employee,Sahamati/account-aggregator-standards + specifications.rebit.org.in
AA (Account Aggregator),employee_provident_fund,Account.Transactions.Transaction,employerDepositAmount,attribute,float,,,yes,Amount of PF deposit by employer.,Sahamati/account-aggregator-standards + specifications.rebit.org.in
AA (Account Aggregator),employee_provident_fund,Account.Transactions.Transaction,employeeWithdrawalAmount,attribute,float,,,yes,Amount of PF withdrawn by employee.,Sahamati/account-aggregator-standards + specifications.rebit.org.in
AA (Account Aggregator),employee_provident_fund,Account.Transactions.Transaction,employerWithdrawalAmount,attribute,float,,,yes,Amount of PF withdrawn by employer,Sahamati/account-aggregator-standards + specifications.rebit.org.in
AA (Account Aggregator),employee_provident_fund,Account.Transactions.Transaction,pensionFundAmount,attribute,float,,,yes,.Amount of pension fund available at the time of retirement,Sahamati/account-aggregator-standards + specifications.rebit.org.in
AA (Account Aggregator),equity_shares,Account,linkedAccRef,attribute,string,,,yes,,Sahamati/account-aggregator-standards + specifications.rebit.org.in
AA (Account Aggregator),equity_shares,Account,maskedAccNumber,attribute,string,,,yes,,Sahamati/account-aggregator-standards + specifications.rebit.org.in
AA (Account Aggregator),equity_shares,Account,version,attribute,float,,,yes,,Sahamati/account-aggregator-standards + specifications.rebit.org.in
AA (Account Aggregator),equity_shares,Account,type,attribute,string,,,yes,,Sahamati/account-aggregator-standards + specifications.rebit.org.in
AA (Account Aggregator),equity_shares,Account.Profile.Holders.Holder,name,attribute,string,,,yes,Name of primary holder operating the account,Sahamati/account-aggregator-standards + specifications.rebit.org.in
AA (Account Aggregator),equity_shares,Account.Profile.Holders.Holder,dob,attribute,date,,,yes,Date of birth of primary account holder,Sahamati/account-aggregator-standards + specifications.rebit.org.in
AA (Account Aggregator),equity_shares,Account.Profile.Holders.Holder,mobile,attribute,integer,,,yes,Primary mobile number of account holder,Sahamati/account-aggregator-standards + specifications.rebit.org.in
AA (Account Aggregator),equity_shares,Account.Profile.Holders.Holder,nominee,attribute,string,REGISTERED|NOT-REGISTERED,,yes,Name of nominee associated with the account,Sahamati/account-aggregator-standards + specifications.rebit.org.in
AA (Account Aggregator),equity_shares,Account.Profile.Holders.Holder,dematId,attribute,string,,,yes,Demat ID assigned or issued to investor,Sahamati/account-aggregator-standards + specifications.rebit.org.in
AA (Account Aggregator),equity_shares,Account.Profile.Holders.Holder,landline,attribute,string,,,no,Landline of primary account holder,Sahamati/account-aggregator-standards + specifications.rebit.org.in
AA (Account Aggregator),equity_shares,Account.Profile.Holders.Holder,address,attribute,string,,,no,Address of primary account holder,Sahamati/account-aggregator-standards + specifications.rebit.org.in
AA (Account Aggregator),equity_shares,Account.Profile.Holders.Holder,email,attribute,string,,[^@]+@[^\.]+\..+,yes,Email ID of primary account holder,Sahamati/account-aggregator-standards + specifications.rebit.org.in
AA (Account Aggregator),equity_shares,Account.Profile.Holders.Holder,pan,attribute,string,,[a-zA-Z][a-zA-Z][a-zA-Z][a-zA-Z][a-zA-Z][0-9][0-9][0-9][0-9][a-zA-Z],yes,PAN number of primary account holder,Sahamati/account-aggregator-standards + specifications.rebit.org.in
AA (Account Aggregator),equity_shares,Account.Profile.Holders.Holder,ckycCompliance,attribute,boolean,,,yes,KYC status whether its completed or pending,Sahamati/account-aggregator-standards + specifications.rebit.org.in
AA (Account Aggregator),equity_shares,Account.Summary,investmentValue,attribute,float,,,yes,Principal or Actual amount of investment,Sahamati/account-aggregator-standards + specifications.rebit.org.in
AA (Account Aggregator),equity_shares,Account.Summary,currentValue,attribute,float,,,yes,Current value of investment as on date,Sahamati/account-aggregator-standards + specifications.rebit.org.in
AA (Account Aggregator),equity_shares,Account.Summary.Investment.Holdings,type,attribute,string,DEMAT|PHYSICAL,,yes,,Sahamati/account-aggregator-standards + specifications.rebit.org.in
AA (Account Aggregator),equity_shares,Account.Summary.Investment.Holdings.Holding,issuerName,attribute,string,,,yes,Name of party who issued the equities in which investment made,Sahamati/account-aggregator-standards + specifications.rebit.org.in
AA (Account Aggregator),equity_shares,Account.Summary.Investment.Holdings.Holding,isin,attribute,string,,,yes,International Securities Identification Number (ISIN) uniquely identifies a security.,Sahamati/account-aggregator-standards + specifications.rebit.org.in
AA (Account Aggregator),equity_shares,Account.Summary.Investment.Holdings.Holding,units,attribute,string,,,yes,Units allotted in folio till date,Sahamati/account-aggregator-standards + specifications.rebit.org.in
AA (Account Aggregator),equity_shares,Account.Summary.Investment.Holdings.Holding,investmentDateTime,attribute,dateTime,,,yes,Date and Time stamp for the investment,Sahamati/account-aggregator-standards + specifications.rebit.org.in
AA (Account Aggregator),equity_shares,Account.Summary.Investment.Holdings.Holding,rate,attribute,string,,,yes,"rate: Rate at which the stock was bought, in case of multiple transactions, the rate will be the average buy price",Sahamati/account-aggregator-standards + specifications.rebit.org.in
AA (Account Aggregator),equity_shares,Account.Summary.Investment.Holdings.Holding,lastTradedPrice,attribute,string,,,yes,Last trade price of security or closing price,Sahamati/account-aggregator-standards + specifications.rebit.org.in
AA (Account Aggregator),equity_shares,Account.Summary.Investment.Holdings.Holding,description,attribute,string,,,yes,Description or details of security in which investment made.,Sahamati/account-aggregator-standards + specifications.rebit.org.in
AA (Account Aggregator),equity_shares,Account.Transactions,startDate,attribute,date,,,yes,Start date of investment since when it is applicable,Sahamati/account-aggregator-standards + specifications.rebit.org.in
AA (Account Aggregator),equity_shares,Account.Transactions,endDate,attribute,date,,,yes,End date of investment when tenure get complete,Sahamati/account-aggregator-standards + specifications.rebit.org.in
AA (Account Aggregator),equity_shares,Account.Transactions.Transaction,txnId,attribute,string,,,yes,Transaction ID recorded or captured for investment made,Sahamati/account-aggregator-standards + specifications.rebit.org.in
AA (Account Aggregator),equity_shares,Account.Transactions.Transaction,orderId,attribute,string,,,yes,Order ID which generated at the time of placing the order,Sahamati/account-aggregator-standards + specifications.rebit.org.in
AA (Account Aggregator),equity_shares,Account.Transactions.Transaction,tradeId,attribute,string,,,no,,Sahamati/account-aggregator-standards + specifications.rebit.org.in
AA (Account Aggregator),equity_shares,Account.Transactions.Transaction,companyName,attribute,string,,,yes,Name of company is which investment made,Sahamati/account-aggregator-standards + specifications.rebit.org.in
AA (Account Aggregator),equity_shares,Account.Transactions.Transaction,symbol,attribute,string,,,yes,Symbol of the securities in which investment made and hold by investor,Sahamati/account-aggregator-standards + specifications.rebit.org.in
AA (Account Aggregator),equity_shares,Account.Transactions.Transaction,transactionDateTime,attribute,dateTime,,,yes,Transaction date time stamp for particular record when investment taken place,Sahamati/account-aggregator-standards + specifications.rebit.org.in
AA (Account Aggregator),equity_shares,Account.Transactions.Transaction,exchange,attribute,string,BSE|NSE|OTHERS,,yes,Stock Exchange on which security is traded,Sahamati/account-aggregator-standards + specifications.rebit.org.in
AA (Account Aggregator),equity_shares,Account.Transactions.Transaction,isin,attribute,string,,,yes,International Securities Identification Number (ISIN) uniquely identifies a security.,Sahamati/account-aggregator-standards + specifications.rebit.org.in
AA (Account Aggregator),equity_shares,Account.Transactions.Transaction,equityCategory,attribute,string,EQUITY|EQUITY_DERIVATIVES|CURRENCY_DERIVATIVES,,yes,,Sahamati/account-aggregator-standards + specifications.rebit.org.in
AA (Account Aggregator),equity_shares,Account.Transactions.Transaction,instrumentType,attribute,string,OPTIONS|FUTURES,,yes,,Sahamati/account-aggregator-standards + specifications.rebit.org.in
AA (Account Aggregator),equity_shares,Account.Transactions.Transaction,optionType,attribute,string,CALL|PUT,,no,,Sahamati/account-aggregator-standards + specifications.rebit.org.in
AA (Account Aggregator),equity_shares,Account.Transactions.Transaction,strikePrice,attribute,float,,,no,The strike price is defined as the price at which the holder of an options can buy (in the case of a call option) or sell (in the case of a put option) the underlying security when the option is exercised. This will be applicable in case of Options only,Sahamati/account-aggregator-standards + specifications.rebit.org.in
AA (Account Aggregator),equity_shares,Account.Transactions.Transaction,narration,attribute,string,,,yes,Nararation is additional details in form of decription of remark associated with investment,Sahamati/account-aggregator-standards + specifications.rebit.org.in
AA (Account Aggregator),equity_shares,Account.Transactions.Transaction,rate,attribute,string,,,yes,Rate or net price on which investment made in security,Sahamati/account-aggregator-standards + specifications.rebit.org.in
AA (Account Aggregator),equity_shares,Account.Transactions.Transaction,totalCharge,attribute,string,,,yes,"Total charges includes finance charge, STT or other taxes/charge implied on investment",Sahamati/account-aggregator-standards + specifications.rebit.org.in
AA (Account Aggregator),equity_shares,Account.Transactions.Transaction,tradeValue,attribute,string,,,yes,Trade value of investment as per market price,Sahamati/account-aggregator-standards + specifications.rebit.org.in
AA (Account Aggregator),equity_shares,Account.Transactions.Transaction,type,attribute,string,BUY|SELL|BONUS|SPLIT|DIVIDEND|RIGHTS|OTHERS,,yes,Transaction type may be BUY or SELL,Sahamati/account-aggregator-standards + specifications.rebit.org.in
AA (Account Aggregator),equity_shares,Account.Transactions.Transaction,shareHolderEquityType,attribute,string,,,yes,The amount of money to be returned to the company's shareholders if all of the company's assets were liquidated and all of the company's debt was paid off.,Sahamati/account-aggregator-standards + specifications.rebit.org.in
AA (Account Aggregator),equity_shares,Account.Transactions.Transaction,units,attribute,string,,,yes,Units which are alloted in the portfolio of investor,Sahamati/account-aggregator-standards + specifications.rebit.org.in
AA (Account Aggregator),equity_shares,Account.Transactions.Transaction,otherCharges,attribute,string,,,yes,Other charge applied on the investment if applicable,Sahamati/account-aggregator-standards + specifications.rebit.org.in
AA (Account Aggregator),exchange_traded_funds,Account,linkedAccRef,attribute,string,,,yes,,Sahamati/account-aggregator-standards + specifications.rebit.org.in
AA (Account Aggregator),exchange_traded_funds,Account,maskedAccNumber,attribute,string,,,yes,,Sahamati/account-aggregator-standards + specifications.rebit.org.in
AA (Account Aggregator),exchange_traded_funds,Account,version,attribute,float,,,yes,,Sahamati/account-aggregator-standards + specifications.rebit.org.in
AA (Account Aggregator),exchange_traded_funds,Account,type,attribute,string,,,yes,,Sahamati/account-aggregator-standards + specifications.rebit.org.in
AA (Account Aggregator),exchange_traded_funds,Account.Profile.Holders.Holder,dematId,attribute,string,,,yes,Demat ID assigned or issued to investor,Sahamati/account-aggregator-standards + specifications.rebit.org.in
AA (Account Aggregator),exchange_traded_funds,Account.Profile.Holders.Holder,name,attribute,string,,,yes,Name of primary holder operating the account,Sahamati/account-aggregator-standards + specifications.rebit.org.in
AA (Account Aggregator),exchange_traded_funds,Account.Profile.Holders.Holder,pan,attribute,string,,[a-zA-Z][a-zA-Z][a-zA-Z][a-zA-Z][a-zA-Z][0-9][0-9][0-9][0-9][a-zA-Z],yes,PAN number of primary account holder,Sahamati/account-aggregator-standards + specifications.rebit.org.in
AA (Account Aggregator),exchange_traded_funds,Account.Profile.Holders.Holder,dob,attribute,date,,,yes,Date of birth of primary account holder,Sahamati/account-aggregator-standards + specifications.rebit.org.in
AA (Account Aggregator),exchange_traded_funds,Account.Profile.Holders.Holder,nominee,attribute,string,REGISTERED|NOT-REGISTERED,,yes,Name of nominee associated with the account,Sahamati/account-aggregator-standards + specifications.rebit.org.in
AA (Account Aggregator),exchange_traded_funds,Account.Profile.Holders.Holder,email,attribute,string,,[^@]+@[^\.]+\..+,yes,Email id of primary account holder,Sahamati/account-aggregator-standards + specifications.rebit.org.in
AA (Account Aggregator),exchange_traded_funds,Account.Profile.Holders.Holder,mobile,attribute,string,,,yes,Mobile number of primary account holder,Sahamati/account-aggregator-standards + specifications.rebit.org.in
AA (Account Aggregator),exchange_traded_funds,Account.Profile.Holders.Holder,ckycCompliance,attribute,boolean,,,yes,KYC status whether its completed or pending.,Sahamati/account-aggregator-standards + specifications.rebit.org.in
AA (Account Aggregator),exchange_traded_funds,Account.Summary,investmentValue,attribute,float,,,yes,Principal or Actual amount of investment.,Sahamati/account-aggregator-standards + specifications.rebit.org.in
AA (Account Aggregator),exchange_traded_funds,Account.Summary,currentValue,attribute,float,,,yes,Current value of investment as on date.,Sahamati/account-aggregator-standards + specifications.rebit.org.in
AA (Account Aggregator),exchange_traded_funds,Account.Summary.Investment.Holdings.Holding,folioNo,attribute,string,,,yes,Unique folio number associated with investment.,Sahamati/account-aggregator-standards + specifications.rebit.org.in
AA (Account Aggregator),exchange_traded_funds,Account.Summary.Investment.Holdings.Holding,dematId,attribute,string,,,yes,Demat ID assigned or issued to investor.,Sahamati/account-aggregator-standards + specifications.rebit.org.in
AA (Account Aggregator),exchange_traded_funds,Account.Summary.Investment.Holdings.Holding,schemeName,attribute,string,,,yes,Name of scheme choosen by person for the investment.,Sahamati/account-aggregator-standards + specifications.rebit.org.in
AA (Account Aggregator),exchange_traded_funds,Account.Summary.Investment.Holdings.Holding,dpId,attribute,string,,,yes,DP ID of investor alloted at the time investment for further transaction.,Sahamati/account-aggregator-standards + specifications.rebit.org.in
AA (Account Aggregator),exchange_traded_funds,Account.Summary.Investment.Holdings.Holding,units,attribute,positiveInteger,,,yes,Units allotted in folio till date,Sahamati/account-aggregator-standards + specifications.rebit.org.in
AA (Account Aggregator),exchange_traded_funds,Account.Summary.Investment.Holdings.Holding,isin,attribute,string,,,yes,International Securities Identification Number (ISIN) uniquely identifies a security.,Sahamati/account-aggregator-standards + specifications.rebit.org.in
AA (Account Aggregator),exchange_traded_funds,Account.Summary.Investment.Holdings.Holding,mode,attribute,string,,,yes,Mode of investment whether it one time or SIP,Sahamati/account-aggregator-standards + specifications.rebit.org.in
AA (Account Aggregator),exchange_traded_funds,Account.Summary.Investment.Holdings.Holding,rate,attribute,float,,,yes,Rate or net price on which investment made in security,Sahamati/account-aggregator-standards + specifications.rebit.org.in
AA (Account Aggregator),exchange_traded_funds,Account.Summary.Investment.Holdings.Holding,nav,attribute,string,,,yes,NAV is current market rate of security held as on date,Sahamati/account-aggregator-standards + specifications.rebit.org.in
AA (Account Aggregator),exchange_traded_funds,Account.Summary.Investment.Holdings.Holding,lastNavDate,attribute,date,,,yes,Closing Price Date or last nav date on which security trade in the open market.,Sahamati/account-aggregator-standards + specifications.rebit.org.in
AA (Account Aggregator),exchange_traded_funds,Account.Summary.Investment.Holdings.Holding,symbol,attribute,string,,,yes,Symbol of the securities in which investment made and hold by investor.,Sahamati/account-aggregator-standards + specifications.rebit.org.in
AA (Account Aggregator),exchange_traded_funds,Account.Summary.Investment.Holdings.Holding,description,attribute,string,,,yes,Description or details of security in which investment made.,Sahamati/account-aggregator-standards + specifications.rebit.org.in
AA (Account Aggregator),exchange_traded_funds,Account.Transactions,startDate,attribute,date,,,yes,Start date of investment since when it is applicable,Sahamati/account-aggregator-standards + specifications.rebit.org.in
AA (Account Aggregator),exchange_traded_funds,Account.Transactions,endDate,attribute,date,,,yes,End date of investment when tenure get complete,Sahamati/account-aggregator-standards + specifications.rebit.org.in
AA (Account Aggregator),exchange_traded_funds,Account.Transactions.Transaction,txnId,attribute,string,,,yes,Transaction ID recorded or captured for investment made,Sahamati/account-aggregator-standards + specifications.rebit.org.in
AA (Account Aggregator),exchange_traded_funds,Account.Transactions.Transaction,isin,attribute,string,,,yes,International Securities Identification Number (ISIN) uniquely identifies a security.,Sahamati/account-aggregator-standards + specifications.rebit.org.in
AA (Account Aggregator),exchange_traded_funds,Account.Transactions.Transaction,transactionDateTime,attribute,dateTime,,,yes,Transaction date time stamp for particular record when investment taken place.,Sahamati/account-aggregator-standards + specifications.rebit.org.in
AA (Account Aggregator),exchange_traded_funds,Account.Transactions.Transaction,units,attribute,positiveInteger,,,yes,Units which are alloted in the portfolio of investor.,Sahamati/account-aggregator-standards + specifications.rebit.org.in
AA (Account Aggregator),exchange_traded_funds,Account.Transactions.Transaction,amount,attribute,float,,,yes,The transaction amount.,Sahamati/account-aggregator-standards + specifications.rebit.org.in
AA (Account Aggregator),exchange_traded_funds,Account.Transactions.Transaction,schemeName,attribute,string,,,yes,Name of Scheme which is opted for investment.,Sahamati/account-aggregator-standards + specifications.rebit.org.in
AA (Account Aggregator),exchange_traded_funds,Account.Transactions.Transaction,dpId,attribute,string,,,yes,DP ID of investor alloted at the time investment for further transaction.,Sahamati/account-aggregator-standards + specifications.rebit.org.in
AA (Account Aggregator),exchange_traded_funds,Account.Transactions.Transaction,schemeMinLotSize,attribute,string,,,yes,Minimum lot size refers to the number of shares you buy in one transaction for the given ETF scheme.,Sahamati/account-aggregator-standards + specifications.rebit.org.in
AA (Account Aggregator),exchange_traded_funds,Account.Transactions.Transaction,faceValueofUnits,attribute,float,,,yes,Nominal value of a security. The amount paid to the holder at maturity,Sahamati/account-aggregator-standards + specifications.rebit.org.in
AA (Account Aggregator),exchange_traded_funds,Account.Transactions.Transaction,nav,attribute,string,,,yes,NAV is current market rate of security held as on date.,Sahamati/account-aggregator-standards + specifications.rebit.org.in
AA (Account Aggregator),exchange_traded_funds,Account.Transactions.Transaction,type,attribute,string,BUY|SELL|BOUNS|SPLIT|OTHERS,,yes,Transaction type may be BUY or SELL.,Sahamati/account-aggregator-standards + specifications.rebit.org.in
AA (Account Aggregator),exchange_traded_funds,Account.Transactions.Transaction,orderDate,attribute,date,,,yes,Date when order is placed for investment.,Sahamati/account-aggregator-standards + specifications.rebit.org.in
AA (Account Aggregator),exchange_traded_funds,Account.Transactions.Transaction,executionDate,attribute,date,,,yes,Date when order is executed,Sahamati/account-aggregator-standards + specifications.rebit.org.in
AA (Account Aggregator),exchange_traded_funds,Account.Transactions.Transaction,mode,attribute,string,DEMAT|PHYSICAL,,yes,"Mode of transaction. May be DEMAT,NEFT,Net banking, etc",Sahamati/account-aggregator-standards + specifications.rebit.org.in
AA (Account Aggregator),exchange_traded_funds,Account.Transactions.Transaction,narration,attribute,string,,,yes,Nararation is additional details in form of decription of remark associated with investment.,Sahamati/account-aggregator-standards + specifications.rebit.org.in
AA (Account Aggregator),exchange_traded_funds,Account.Transactions.Transaction,brokerCode,attribute,string,,,yes,Broker code associated with investment made.,Sahamati/account-aggregator-standards + specifications.rebit.org.in
AA (Account Aggregator),general_insurance,Account,type,attribute,string,,,yes,,Sahamati/account-aggregator-standards + specifications.rebit.org.in
AA (Account Aggregator),general_insurance,Account,linkedAccRef,attribute,string,,,yes,,Sahamati/account-aggregator-standards + specifications.rebit.org.in
AA (Account Aggregator),general_insurance,Account,version,attribute,string,1.0.0,,yes,,Sahamati/account-aggregator-standards + specifications.rebit.org.in
AA (Account Aggregator),general_insurance,Account,maskedPolicyNumber,attribute,string,,,yes,A unique number that an insurance company uses to identify a policyholder.,Sahamati/account-aggregator-standards + specifications.rebit.org.in
AA (Account Aggregator),general_insurance,Account.Profile.Holders.Holder,name,attribute,string,,,yes,Name of the policyholder.,Sahamati/account-aggregator-standards + specifications.rebit.org.in
AA (Account Aggregator),general_insurance,Account.Summary,policyName,attribute,string,,,yes,Name of the policy.,Sahamati/account-aggregator-standards + specifications.rebit.org.in
AA (Account Aggregator),general_insurance,Account.Summary,policyNumber,attribute,string,,,yes,Policy Number allotted or assigned.,Sahamati/account-aggregator-standards + specifications.rebit.org.in
AA (Account Aggregator),general_insurance,Account.Summary,uinNumber,attribute,string,,,yes,The Unique Identification Number allotted to this plan by the IRDAI.,Sahamati/account-aggregator-standards + specifications.rebit.org.in
AA (Account Aggregator),general_insurance,Account.Summary,policyDescription,attribute,string,,,no,Description of the policy.,Sahamati/account-aggregator-standards + specifications.rebit.org.in
AA (Account Aggregator),general_insurance,Account.Summary,sumAssured,attribute,float,,,no,Fixed amount that the insurer pays to the policyholder in case of an eventuality.,Sahamati/account-aggregator-standards + specifications.rebit.org.in
AA (Account Aggregator),general_insurance,Account.Summary,sumInsured,attribute,float,,,no,"Based on the principle of indemnity, it provides a reimbursement/compensation to the damage/loss.",Sahamati/account-aggregator-standards + specifications.rebit.org.in
AA (Account Aggregator),general_insurance,Account.Summary,tenureDays,attribute,string,,,no,The duration in days for which the policy provides insurance coverage.,Sahamati/account-aggregator-standards + specifications.rebit.org.in
AA (Account Aggregator),general_insurance,Account.Summary,tenureMonths,attribute,string,,,no,The duration in months for which the policy provides insurance coverage.,Sahamati/account-aggregator-standards + specifications.rebit.org.in
AA (Account Aggregator),general_insurance,Account.Summary,tenureYears,attribute,string,,,no,The duration in years for which the policy provides insurance coverage.,Sahamati/account-aggregator-standards + specifications.rebit.org.in
AA (Account Aggregator),general_insurance,Account.Summary,premiumAmount,attribute,float,,,yes,The amount paid periodically to the insurer by the policyholder for covering the risk.,Sahamati/account-aggregator-standards + specifications.rebit.org.in
AA (Account Aggregator),general_insurance,Account.Summary,policyStartDate,attribute,date,,,yes,Start date of policy mentioned at the time of issuing.,Sahamati/account-aggregator-standards + specifications.rebit.org.in
AA (Account Aggregator),general_insurance,Account.Summary,policyExpiryDate,attribute,date,,,yes,Date of policy when it will get expired.,Sahamati/account-aggregator-standards + specifications.rebit.org.in
AA (Account Aggregator),general_insurance,Account.Summary,policyType,attribute,string,INDEMNITY|FIXED_BENEFIT,,yes,Types of the policy are as follows: Fixed benefit policies are those that pay a fixed amount following a claim. Indemnity plans are those that provide reimbursement/compensation for the damage/loss.,Sahamati/account-aggregator-standards + specifications.rebit.org.in
AA (Account Aggregator),general_insurance,Account.Summary,insuranceType,attribute,string,MOTOR|HEALTH,,yes,Type of the insurance.,Sahamati/account-aggregator-standards + specifications.rebit.org.in
AA (Account Aggregator),general_insurance,Account.Summary,premiumFrequency,attribute,string,MONTHLY|QUARTERLY|HALF_YEARLY|ANNUALLY|ONE_TIME,,yes,"Frequency of premium to be paid whether monthly, quarterly, half yearly, annually or one time.",Sahamati/account-aggregator-standards + specifications.rebit.org.in
AA (Account Aggregator),general_insurance,Account.Summary,premiumPaymentYears,attribute,positiveInteger,,,no,Number of years till when premium is required to be paid.,Sahamati/account-aggregator-standards + specifications.rebit.org.in
AA (Account Aggregator),general_insurance,Account.Summary,premiumPaymentMonths,attribute,positiveInteger,,,no,Number of months till when premium is required to be paid.,Sahamati/account-aggregator-standards + specifications.rebit.org.in
AA (Account Aggregator),general_insurance,Account.Summary,nextPremiumDueDate,attribute,date,,,no,The date at which next premium amount is to be paid.,Sahamati/account-aggregator-standards + specifications.rebit.org.in
AA (Account Aggregator),general_insurance,Account.Summary,policyStatus,attribute,string,ACTIVE|LAPSED,,yes,Status of the policy whether Active or Lapsed.,Sahamati/account-aggregator-standards + specifications.rebit.org.in
AA (Account Aggregator),general_insurance,Account.Summary.Covers.Cover,uinNumber,attribute,string,,,yes,The Unique Identification Number allotted to the cover by the IRDAI.,Sahamati/account-aggregator-standards + specifications.rebit.org.in
AA (Account Aggregator),general_insurance,Account.Summary.Covers.Cover,coverName,attribute,string,,,yes,Name of the insurance cover.,Sahamati/account-aggregator-standards + specifications.rebit.org.in
AA (Account Aggregator),general_insurance,Account.Summary.Covers.Cover,coverDescription,attribute,string,,,no,Description of the insurance cover.,Sahamati/account-aggregator-standards + specifications.rebit.org.in
AA (Account Aggregator),general_insurance,Account.Summary.Covers.Cover,sumAssured,attribute,float,,,no,Fixed amount that the insurer pays to the policyholder in case of an eventuality.,Sahamati/account-aggregator-standards + specifications.rebit.org.in
AA (Account Aggregator),general_insurance,Account.Summary.Covers.Cover,sumInsured,attribute,float,,,no,"Based on the principle of indemnity, it provides a reimbursement/compensation to the damage/loss.",Sahamati/account-aggregator-standards + specifications.rebit.org.in
AA (Account Aggregator),general_insurance,Account.Summary.Covers.Cover,tenureYears,attribute,string,,,no,The duration in years for which the policy provides insurance coverage.,Sahamati/account-aggregator-standards + specifications.rebit.org.in
AA (Account Aggregator),general_insurance,Account.Summary.Covers.Cover,tenureMonths,attribute,string,,,no,The duration in months for which the policy provides insurance coverage.,Sahamati/account-aggregator-standards + specifications.rebit.org.in
AA (Account Aggregator),general_insurance,Account.Summary.Covers.Cover,premiumAmount,attribute,float,,,yes,The amount paid periodically to the insurer by the policyholder for covering the risk.,Sahamati/account-aggregator-standards + specifications.rebit.org.in
AA (Account Aggregator),general_insurance,Account.Summary.Covers.Cover,coverStartDate,attribute,date,,,yes,Start date of policy mentioned at the time of issuing.,Sahamati/account-aggregator-standards + specifications.rebit.org.in
AA (Account Aggregator),general_insurance,Account.Summary.Covers.Cover,coverEndDate,attribute,date,,,yes,Date of policy when it will get expired.,Sahamati/account-aggregator-standards + specifications.rebit.org.in
AA (Account Aggregator),general_insurance,Account.Summary.Vehicles.Vehicle,registrationNumber,attribute,string,,,no,Registration number of the vehicle.,Sahamati/account-aggregator-standards + specifications.rebit.org.in
AA (Account Aggregator),general_insurance,Account.Summary.Vehicles.Vehicle,make,attribute,string,,,yes,Make of the vehicle.,Sahamati/account-aggregator-standards + specifications.rebit.org.in
AA (Account Aggregator),general_insurance,Account.Summary.Vehicles.Vehicle,model,attribute,string,,,yes,Vehicle Model.,Sahamati/account-aggregator-standards + specifications.rebit.org.in
AA (Account Aggregator),general_insurance,Account.Summary.Vehicles.Vehicle,mfgYear,attribute,string,,,yes,Manufacturing year of the vehicle.,Sahamati/account-aggregator-standards + specifications.rebit.org.in
AA (Account Aggregator),general_insurance,Account.Summary.Vehicles.Vehicle,rtoLocation,attribute,string,,,no,RTO Registration Location.,Sahamati/account-aggregator-standards + specifications.rebit.org.in
AA (Account Aggregator),general_insurance,Account.Summary.Vehicles.Vehicle,ncbPercentage,attribute,string,,,yes,Current NCB percentage.,Sahamati/account-aggregator-standards + specifications.rebit.org.in
AA (Account Aggregator),general_insurance,Account.Summary.Vehicles.Vehicle,hypothecation,attribute,boolean,,,yes,Whether a loan is availed to purchase the vehicle.,Sahamati/account-aggregator-standards + specifications.rebit.org.in
AA (Account Aggregator),general_insurance,Account.Summary.Vehicles.Vehicle,financerName,attribute,string,,,no,Financial institution from which vehicle loan is availed.,Sahamati/account-aggregator-standards + specifications.rebit.org.in
AA (Account Aggregator),general_insurance,Account.Transactions,startDate,attribute,date,,,yes,The date from which the Financial Information is requested.,Sahamati/account-aggregator-standards + specifications.rebit.org.in
AA (Account Aggregator),general_insurance,Account.Transactions,endDate,attribute,date,,,yes,The date till which the Financial Information is requested.,Sahamati/account-aggregator-standards + specifications.rebit.org.in
AA (Account Aggregator),general_insurance,Account.Transactions.Transaction,txnId,attribute,string,,,yes,Transaction ID.,Sahamati/account-aggregator-standards + specifications.rebit.org.in
AA (Account Aggregator),general_insurance,Account.Transactions.Transaction,txnDate,attribute,date,,,yes,Transaction date time stamp.,Sahamati/account-aggregator-standards + specifications.rebit.org.in
AA (Account Aggregator),general_insurance,Account.Transactions.Transaction,narration,attribute,string,,,no,Additional details/remarks about transaction.,Sahamati/account-aggregator-standards + specifications.rebit.org.in
AA (Account Aggregator),general_insurance,Account.Transactions.Transaction,type,attribute,string,PREMIUM_PAYMENT|CLAIM|REFUND|TRANSFER_FEES|ENDORSEMENT_PREMIUM|OTHER,,no,Transaction type.,Sahamati/account-aggregator-standards + specifications.rebit.org.in
AA (Account Aggregator),general_insurance,Account.Transactions.Transaction,amount,attribute,float,,,yes,Transaction amount.,Sahamati/account-aggregator-standards + specifications.rebit.org.in
AA (Account Aggregator),government_securities,Account,maskedAccNumber,attribute,string,,,yes,,Sahamati/account-aggregator-standards + specifications.rebit.org.in
AA (Account Aggregator),government_securities,Account,linkedAccRef,attribute,string,,,yes,,Sahamati/account-aggregator-standards + specifications.rebit.org.in
AA (Account Aggregator),government_securities,Account,version,attribute,float,,,yes,,Sahamati/account-aggregator-standards + specifications.rebit.org.in
AA (Account Aggregator),government_securities,Account,type,attribute,string,,,yes,,Sahamati/account-aggregator-standards + specifications.rebit.org.in
AA (Account Aggregator),government_securities,Account.Profile.Holders.Holder,name,attribute,string,,,yes,Name of primary holder operating the account,Sahamati/account-aggregator-standards + specifications.rebit.org.in
AA (Account Aggregator),government_securities,Account.Profile.Holders.Holder,holdingType,attribute,string,SOLE|OTHERS,,no,Holding types whether SOLO or others,Sahamati/account-aggregator-standards + specifications.rebit.org.in
AA (Account Aggregator),government_securities,Account.Profile.Holders.Holder,address,attribute,string,,,no,,Sahamati/account-aggregator-standards + specifications.rebit.org.in
AA (Account Aggregator),government_securities,Account.Profile.Holders.Holder,nominee,attribute,string,REGISTERED|NOT-REGISTERED,,yes,Name of nominee associated with the account.,Sahamati/account-aggregator-standards + specifications.rebit.org.in
AA (Account Aggregator),government_securities,Account.Profile.Holders.Holder,email,attribute,string,,[^@]+@[^\.]+\..+,no,Email ID of primary account holder,Sahamati/account-aggregator-standards + specifications.rebit.org.in
AA (Account Aggregator),government_securities,Account.Profile.Holders.Holder,landline,attribute,string,,,no,landline number of primary account holder,Sahamati/account-aggregator-standards + specifications.rebit.org.in
AA (Account Aggregator),government_securities,Account.Profile.Holders.Holder,mobile,attribute,string,,,yes,Primary mobile number of account holder,Sahamati/account-aggregator-standards + specifications.rebit.org.in
AA (Account Aggregator),government_securities,Account.Profile.Holders.Holder,dematId,attribute,string,,,yes,Demat ID assigned or issued to investor,Sahamati/account-aggregator-standards + specifications.rebit.org.in
AA (Account Aggregator),government_securities,Account.Profile.Holders.Holder,pan,attribute,string,,[a-zA-Z][a-zA-Z][a-zA-Z][a-zA-Z][a-zA-Z][0-9][0-9][0-9][0-9][a-zA-Z],yes,PAN number of primary account holder,Sahamati/account-aggregator-standards + specifications.rebit.org.in
AA (Account Aggregator),government_securities,Account.Profile.Holders.Holder,dob,attribute,date,,,yes,Date of birth of primary account holder,Sahamati/account-aggregator-standards + specifications.rebit.org.in
AA (Account Aggregator),government_securities,Account.Profile.Holders.Holder,ckycCompliance,attribute,boolean,,,yes,KYC status whether its completed or pending,Sahamati/account-aggregator-standards + specifications.rebit.org.in
AA (Account Aggregator),government_securities,Account.Summary,investmentValue,attribute,float,,,yes,Principal or Actual amount of investment,Sahamati/account-aggregator-standards + specifications.rebit.org.in
AA (Account Aggregator),government_securities,Account.Summary,currentValue,attribute,float,,,yes,Current value of investment as on date,Sahamati/account-aggregator-standards + specifications.rebit.org.in
AA (Account Aggregator),government_securities,Account.Summary.Holdings.Holding,scheme,attribute,string,FIXED_INTEREST_RATE|T_NOTES|T_BONDS|OTHERS,,yes,Name of scheme choosen by person for the investment.,Sahamati/account-aggregator-standards + specifications.rebit.org.in
AA (Account Aggregator),government_securities,Account.Summary.Holdings.Holding,isin,attribute,string,,,yes,International Securities Identification Number (ISIN) uniquely identifies a security.,Sahamati/account-aggregator-standards + specifications.rebit.org.in
AA (Account Aggregator),government_securities,Account.Summary.Holdings.Holding,units,attribute,float,,,yes,Units allotted in folio till date,Sahamati/account-aggregator-standards + specifications.rebit.org.in
AA (Account Aggregator),government_securities,Account.Summary.Holdings.Holding,faceValue,attribute,float,,,yes,Face value on which investment made in govt securities,Sahamati/account-aggregator-standards + specifications.rebit.org.in
AA (Account Aggregator),government_securities,Account.Summary.Holdings.Holding,symbol,attribute,string,,,yes,Symbol of the securities in which investment made and hold by investor,Sahamati/account-aggregator-standards + specifications.rebit.org.in
AA (Account Aggregator),government_securities,Account.Summary.Holdings.Holding,issuerName,attribute,string,,,yes,Name of party who issued the govt security in which investment made,Sahamati/account-aggregator-standards + specifications.rebit.org.in
AA (Account Aggregator),government_securities,Account.Summary.Holdings.Holding,description,attribute,string,,,yes,Description or details of security in which investment made,Sahamati/account-aggregator-standards + specifications.rebit.org.in
AA (Account Aggregator),government_securities,Account.Summary.Holdings.Holding,creditRating,attribute,string,,,yes,Rating of the fund invested assigned by credit rating agencies,Sahamati/account-aggregator-standards + specifications.rebit.org.in
AA (Account Aggregator),government_securities,Account.Summary.Holdings.Holding,creditRatingAgency,attribute,string,,,yes,Name of rating agency who had rated the fund,Sahamati/account-aggregator-standards + specifications.rebit.org.in
AA (Account Aggregator),government_securities,Account.Summary.Holdings.Holding,taxable,attribute,boolean,,,yes,Status whether investment is taxable or not,Sahamati/account-aggregator-standards + specifications.rebit.org.in
AA (Account Aggregator),government_securities,Account.Summary.Holdings.Holding,issueRate,attribute,string,,,yes,Rate or net price on which investment made in security,Sahamati/account-aggregator-standards + specifications.rebit.org.in
AA (Account Aggregator),government_securities,Account.Summary.Holdings.Holding,issueDate,attribute,date,,,yes,Issue date on which investment made in particular security,Sahamati/account-aggregator-standards + specifications.rebit.org.in
AA (Account Aggregator),government_securities,Account.Summary.Holdings.Holding,principleAmount,attribute,float,,,yes,Principal or Actual amount of investment,Sahamati/account-aggregator-standards + specifications.rebit.org.in
AA (Account Aggregator),government_securities,Account.Summary.Holdings.Holding,tenureYears,attribute,positiveInteger,,,yes,Years which are passed since investment made,Sahamati/account-aggregator-standards + specifications.rebit.org.in
AA (Account Aggregator),government_securities,Account.Summary.Holdings.Holding,tenureMoths,attribute,positiveInteger,,,yes,Months which are passed since investment made,Sahamati/account-aggregator-standards + specifications.rebit.org.in
AA (Account Aggregator),government_securities,Account.Summary.Holdings.Holding,tenureDays,attribute,positiveInteger,,,yes,Days which are passed since investment made,Sahamati/account-aggregator-standards + specifications.rebit.org.in
AA (Account Aggregator),government_securities,Account.Summary.Holdings.Holding,couponRate,attribute,float,,,yes,Rate or market price on which coupon is purchased,Sahamati/account-aggregator-standards + specifications.rebit.org.in
AA (Account Aggregator),government_securities,Account.Summary.Holdings.Holding,maturityDate,attribute,date,,,yes,Date of maturity for investment,Sahamati/account-aggregator-standards + specifications.rebit.org.in
AA (Account Aggregator),government_securities,Account.Summary.Holdings.Holding,coupanComputation,attribute,string,SIMPLE|COMPOUND|OTHERS,,yes,Whether interest is to be Compound or Simple,Sahamati/account-aggregator-standards + specifications.rebit.org.in
AA (Account Aggregator),government_securities,Account.Summary.Holdings.Holding,coupanPaymentDate,attribute,date,,,yes,Date on which payment made for coupon purchased,Sahamati/account-aggregator-standards + specifications.rebit.org.in
AA (Account Aggregator),government_securities,Account.Summary.Holdings.Holding,autionDate,attribute,date,,,yes,Date when auction taken place for particular investment security,Sahamati/account-aggregator-standards + specifications.rebit.org.in
AA (Account Aggregator),government_securities,Account.Summary.Holdings.Holding,compoundingFrequency,attribute,string,MONTHLY|HALF_YEARLY|YEARLY|OTHERS,,yes,Frequency at which interest is compounded - monthly/quarterly/annually.,Sahamati/account-aggregator-standards + specifications.rebit.org.in
AA (Account Aggregator),government_securities,Account.Summary.Holdings.Holding,interestPayout,attribute,string,MONTHLY|HALF_YEARLY|YEARLY|OTHERS,,yes,Amount of interest which is paid to investor till date,Sahamati/account-aggregator-standards + specifications.rebit.org.in
AA (Account Aggregator),government_securities,Account.Summary.Holdings.Holding,accruedInterestAmount,attribute,float,,,yes,"The amount of interest that has been incurred, as of a specific date",Sahamati/account-aggregator-standards + specifications.rebit.org.in
AA (Account Aggregator),government_securities,Account.Summary.Holdings.Holding,interestOnMaturity,attribute,float,,,yes,Total amount of interest which is to be paid on maturity,Sahamati/account-aggregator-standards + specifications.rebit.org.in
AA (Account Aggregator),government_securities,Account.Summary.Holdings.Holding,lastTradedRate,attribute,float,,,yes,Last rate on which security traded in the open market,Sahamati/account-aggregator-standards + specifications.rebit.org.in
AA (Account Aggregator),government_securities,Account.Summary.Holdings.Holding,lastTradedDate,attribute,date,,,yes,Date of secuirties on which last trade happened,Sahamati/account-aggregator-standards + specifications.rebit.org.in
AA (Account Aggregator),government_securities,Account.Transactions,startDate,attribute,date,,,yes,Start date of investment since when it is applicable.,Sahamati/account-aggregator-standards + specifications.rebit.org.in
AA (Account Aggregator),government_securities,Account.Transactions,endDate,attribute,date,,,yes,End date of investment when tenure get complete.,Sahamati/account-aggregator-standards + specifications.rebit.org.in
AA (Account Aggregator),government_securities,Account.Transactions.Transaction,txnId,attribute,string,,,yes,Transaction ID recorded or captured for investment made.,Sahamati/account-aggregator-standards + specifications.rebit.org.in
AA (Account Aggregator),government_securities,Account.Transactions.Transaction,isin,attribute,string,,,yes,International Securities Identification Number (ISIN) uniquely identifies a security.,Sahamati/account-aggregator-standards + specifications.rebit.org.in
AA (Account Aggregator),government_securities,Account.Transactions.Transaction,narration,attribute,string,,,yes,Nararation is additional details in form of decription of remark associated with investment.,Sahamati/account-aggregator-standards + specifications.rebit.org.in
AA (Account Aggregator),government_securities,Account.Transactions.Transaction,transactionDateTime,attribute,dateTime,,,yes,Transaction date time stamp for particular record when investment taken place.,Sahamati/account-aggregator-standards + specifications.rebit.org.in
AA (Account Aggregator),government_securities,Account.Transactions.Transaction,rate,attribute,float,,,yes,Rate or net price on which investment made in security,Sahamati/account-aggregator-standards + specifications.rebit.org.in
AA (Account Aggregator),government_securities,Account.Transactions.Transaction,type,attribute,string,BUY|SELL|OTHERS,,yes,"Type of transaction whether Buy or Sell, etc",Sahamati/account-aggregator-standards + specifications.rebit.org.in
AA (Account Aggregator),government_securities,Account.Transactions.Transaction,units,attribute,float,,,yes,Units which are alloted in the portfolio of investor.,Sahamati/account-aggregator-standards + specifications.rebit.org.in
AA (Account Aggregator),government_securities,Account.Transactions.Transaction,currency,attribute,string,,,yes,Currency in which transaction taken place.,Sahamati/account-aggregator-standards + specifications.rebit.org.in
AA (Account Aggregator),government_securities,Account.Transactions.Transaction,tradeValue,attribute,float,,,yes,Trade value of investment as per market price.,Sahamati/account-aggregator-standards + specifications.rebit.org.in
AA (Account Aggregator),government_securities,Account.Transactions.Transaction,totalCharge,attribute,float,,,yes,"Total charges includes finance charge, STT or other taxes/charge implied on investment.",Sahamati/account-aggregator-standards + specifications.rebit.org.in
AA (Account Aggregator),government_securities,Account.Transactions.Transaction,otherTaxes,attribute,float,,,yes,Additonal or any type of tax chareged on the investment.,Sahamati/account-aggregator-standards + specifications.rebit.org.in
AA (Account Aggregator),gstr1_3b,Account,maskedGstinNumber,attribute,string,,,yes,Masked GSTIN Number,Sahamati/account-aggregator-standards + specifications.rebit.org.in
AA (Account Aggregator),gstr1_3b,Account,version,attribute,string,1.0.0,,yes,,Sahamati/account-aggregator-standards + specifications.rebit.org.in
AA (Account Aggregator),gstr1_3b,Account,linkedAccRef,attribute,string,,,yes,,Sahamati/account-aggregator-standards + specifications.rebit.org.in
AA (Account Aggregator),gstr1_3b,Account,type,attribute,string,,,yes,,Sahamati/account-aggregator-standards + specifications.rebit.org.in
AA (Account Aggregator),gstr1_3b,Account.Profile.BusinessDetails,lgnm,attribute,string,,,yes,Legal Name of Business,Sahamati/account-aggregator-standards + specifications.rebit.org.in
AA (Account Aggregator),gstr1_3b,Account.Profile.BusinessDetails,apprvdt,attribute,string,,,yes,GSTN Creation Date,Sahamati/account-aggregator-standards + specifications.rebit.org.in
AA (Account Aggregator),gstr1_3b,Account.Profile.BusinessDetails,iscmp,attribute,string,,,yes,Composition Y/N,Sahamati/account-aggregator-standards + specifications.rebit.org.in
AA (Account Aggregator),gstr1_3b,Account.Profile.BusinessDetails,dty,attribute,string,,,yes,Type of Taxpayer,Sahamati/account-aggregator-standards + specifications.rebit.org.in
AA (Account Aggregator),gstr1_3b,Account.Profile.BusinessDetails,sts,attribute,string,,,yes,Status,Sahamati/account-aggregator-standards + specifications.rebit.org.in
AA (Account Aggregator),gstr1_3b,Account.Profile.BusinessDetails,trdnm,attribute,string,,,no,Trade Name,Sahamati/account-aggregator-standards + specifications.rebit.org.in
AA (Account Aggregator),gstr1_3b,Account.Profile.BusinessDetails.CategoryList,cat,element,string,,,yes,,Sahamati/account-aggregator-standards + specifications.rebit.org.in
AA (Account Aggregator),gstr1_3b,Account.Profile.PlaceofBusiness.Address,bno,attribute,string,,,no,Building No,Sahamati/account-aggregator-standards + specifications.rebit.org.in
AA (Account Aggregator),gstr1_3b,Account.Profile.PlaceofBusiness.Address,flno,attribute,string,,,no,Floor No,Sahamati/account-aggregator-standards + specifications.rebit.org.in
AA (Account Aggregator),gstr1_3b,Account.Profile.PlaceofBusiness.Address,bnm,attribute,string,,,no,Name of Building,Sahamati/account-aggregator-standards + specifications.rebit.org.in
AA (Account Aggregator),gstr1_3b,Account.Profile.PlaceofBusiness.Address,st,attribute,string,,,no,Road/Street,Sahamati/account-aggregator-standards + specifications.rebit.org.in
AA (Account Aggregator),gstr1_3b,Account.Profile.PlaceofBusiness.Address,loc,attribute,string,,,no,City/Town/Village,Sahamati/account-aggregator-standards + specifications.rebit.org.in
AA (Account Aggregator),gstr1_3b,Account.Profile.PlaceofBusiness.Address,stcd,attribute,string,,,no,State,Sahamati/account-aggregator-standards + specifications.rebit.org.in
AA (Account Aggregator),gstr1_3b,Account.Profile.PlaceofBusiness.Address,dst,attribute,string,,,no,District,Sahamati/account-aggregator-standards + specifications.rebit.org.in
AA (Account Aggregator),gstr1_3b,Account.Profile.PlaceofBusiness.Address,pncd,attribute,string,,,no,PIN Code,Sahamati/account-aggregator-standards + specifications.rebit.org.in
AA (Account Aggregator),gstr1_3b,Account.Profile.PlaceofBusiness.Address.NatureOfBusinessList,ntr,element,string,BONDED_WAREHOUSE|FACTORY_OR_MANUFACTURING|INPUT_SERVICE_DISTRIBUTOR|OFFICE_OR_SALE_OFFICE,,no,,Sahamati/account-aggregator-standards + specifications.rebit.org.in
AA (Account Aggregator),gstr1_3b,Account.Transactions,strdt,attribute,string,,,yes,Transaction start date,Sahamati/account-aggregator-standards + specifications.rebit.org.in
AA (Account Aggregator),gstr1_3b,Account.Transactions,endt,attribute,string,,,yes,Transaction end date,Sahamati/account-aggregator-standards + specifications.rebit.org.in
AA (Account Aggregator),gstr1_3b,Account.Transactions.Gstr1Details.gstr1,ret_prd,attribute,string,,,yes,Tax Period Selected by user,Sahamati/account-aggregator-standards + specifications.rebit.org.in
AA (Account Aggregator),gstr1_3b,Account.Transactions.Gstr1Details.gstr1,dof,attribute,string,,,yes,Date of Filing,Sahamati/account-aggregator-standards + specifications.rebit.org.in
AA (Account Aggregator),gstr1_3b,Account.Transactions.Gstr1Details.gstr1,filingFrequency,attribute,string,MONTHLY|QUARTERLY|YEARLY,,yes,Filing frequency,Sahamati/account-aggregator-standards + specifications.rebit.org.in
AA (Account Aggregator),gstr1_3b,Account.Transactions.Gstr1Details.gstr1,status,attribute,string,,,yes,Status of the Return filed,Sahamati/account-aggregator-standards + specifications.rebit.org.in
AA (Account Aggregator),gstr1_3b,Account.Transactions.Gstr1Details.gstr1.b2b_dtls.b2b,ctin,attribute,string,,,no,Counter party GSTIN,Sahamati/account-aggregator-standards + specifications.rebit.org.in
AA (Account Aggregator),gstr1_3b,Account.Transactions.Gstr1Details.gstr1.b2b_dtls.b2b,inum,attribute,string,,,yes,Supplier Invoice Number,Sahamati/account-aggregator-standards + specifications.rebit.org.in
AA (Account Aggregator),gstr1_3b,Account.Transactions.Gstr1Details.gstr1.b2b_dtls.b2b,idt,attribute,string,,,yes,Supplier Invoice Date,Sahamati/account-aggregator-standards + specifications.rebit.org.in
AA (Account Aggregator),gstr1_3b,Account.Transactions.Gstr1Details.gstr1.b2b_dtls.b2b,val,attribute,double,,,yes,Supplier Invoice Value,Sahamati/account-aggregator-standards + specifications.rebit.org.in
AA (Account Aggregator),gstr1_3b,Account.Transactions.Gstr1Details.gstr1.b2b_dtls.b2b,pos,attribute,string,,,yes,Place of supply,Sahamati/account-aggregator-standards + specifications.rebit.org.in
AA (Account Aggregator),gstr1_3b,Account.Transactions.Gstr1Details.gstr1.b2b_dtls.b2b,rchrg,attribute,string,,,yes,Reverse Charge,Sahamati/account-aggregator-standards + specifications.rebit.org.in
AA (Account Aggregator),gstr1_3b,Account.Transactions.Gstr1Details.gstr1.b2b_dtls.b2b,inv_typ,attribute,string,R|SEWP|SEWOP|DE|CBW,,yes,Invoice type,Sahamati/account-aggregator-standards + specifications.rebit.org.in
AA (Account Aggregator),gstr1_3b,Account.Transactions.Gstr1Details.gstr1.b2b_dtls.b2b,opd,attribute,string,,,no,Original Period,Sahamati/account-aggregator-standards + specifications.rebit.org.in
AA (Account Aggregator),gstr1_3b,Account.Transactions.Gstr1Details.gstr1.b2b_dtls.b2b,srctyp,attribute,string,,,no,Source Type of IRN,Sahamati/account-aggregator-standards + specifications.rebit.org.in
AA (Account Aggregator),gstr1_3b,Account.Transactions.Gstr1Details.gstr1.b2b_dtls.b2b,irn,attribute,string,,,no,IRN number,Sahamati/account-aggregator-standards + specifications.rebit.org.in
AA (Account Aggregator),gstr1_3b,Account.Transactions.Gstr1Details.gstr1.b2b_dtls.b2b,irngendate,attribute,string,,,no,IRN generation Date,Sahamati/account-aggregator-standards + specifications.rebit.org.in
AA (Account Aggregator),gstr1_3b,Account.Transactions.Gstr1Details.gstr1.b2b_dtls.b2b,diff_percent,attribute,double,,,yes,Differential percentage,Sahamati/account-aggregator-standards + specifications.rebit.org.in
AA (Account Aggregator),gstr1_3b,Account.Transactions.Gstr1Details.gstr1.b2b_dtls.b2b.itm_det.itm,txval,attribute,double,,,yes,Taxable value of Goods or Service as per invoice,Sahamati/account-aggregator-standards + specifications.rebit.org.in
AA (Account Aggregator),gstr1_3b,Account.Transactions.Gstr1Details.gstr1.b2b_dtls.b2b.itm_det.itm,iamt,attribute,double,,,yes,IGST Amount as per invoice,Sahamati/account-aggregator-standards + specifications.rebit.org.in
AA (Account Aggregator),gstr1_3b,Account.Transactions.Gstr1Details.gstr1.b2b_dtls.b2b.itm_det.itm,camt,attribute,double,,,yes,CGST Amount as per invoice,Sahamati/account-aggregator-standards + specifications.rebit.org.in
AA (Account Aggregator),gstr1_3b,Account.Transactions.Gstr1Details.gstr1.b2b_dtls.b2b.itm_det.itm,samt,attribute,double,,,yes,SGST Amount as per invoice,Sahamati/account-aggregator-standards + specifications.rebit.org.in
AA (Account Aggregator),gstr1_3b,Account.Transactions.Gstr1Details.gstr1.b2b_dtls.b2b.itm_det.itm,csamt,attribute,double,,,yes,CESS Amount as per invoice,Sahamati/account-aggregator-standards + specifications.rebit.org.in
AA (Account Aggregator),gstr1_3b,Account.Transactions.Gstr3bDetails.gstr3b,ret_prd,attribute,string,,,yes,Tax Period Selected by user,Sahamati/account-aggregator-standards + specifications.rebit.org.in
AA (Account Aggregator),gstr1_3b,Account.Transactions.Gstr3bDetails.gstr3b,dof,attribute,string,,,yes,Date of Filing,Sahamati/account-aggregator-standards + specifications.rebit.org.in
AA (Account Aggregator),gstr1_3b,Account.Transactions.Gstr3bDetails.gstr3b,filingFrequency,attribute,string,MONTHLY|QUARTERLY|YEARLY,,yes,Filing frequency,Sahamati/account-aggregator-standards + specifications.rebit.org.in
AA (Account Aggregator),gstr1_3b,Account.Transactions.Gstr3bDetails.gstr3b,status,attribute,string,,,yes,Status of the Return filed,Sahamati/account-aggregator-standards + specifications.rebit.org.in
AA (Account Aggregator),gstr1_3b,Account.Transactions.Gstr3bDetails.gstr3b.sup_details.osup_det,txval,attribute,double,,,no,Total Taxable value,Sahamati/account-aggregator-standards + specifications.rebit.org.in
AA (Account Aggregator),gstr1_3b,Account.Transactions.Gstr3bDetails.gstr3b.sup_details.osup_det,iamt,attribute,double,,,no,Integrated Tax,Sahamati/account-aggregator-standards + specifications.rebit.org.in
AA (Account Aggregator),gstr1_3b,Account.Transactions.Gstr3bDetails.gstr3b.sup_details.osup_det,camt,attribute,double,,,no,Central Tax,Sahamati/account-aggregator-standards + specifications.rebit.org.in
AA (Account Aggregator),gstr1_3b,Account.Transactions.Gstr3bDetails.gstr3b.sup_details.osup_det,samt,attribute,double,,,no,State/UT Tax,Sahamati/account-aggregator-standards + specifications.rebit.org.in
AA (Account Aggregator),gstr1_3b,Account.Transactions.Gstr3bDetails.gstr3b.sup_details.osup_det,csamt,attribute,double,,,no,CESS,Sahamati/account-aggregator-standards + specifications.rebit.org.in
AA (Account Aggregator),gstr1_3b,Account.Transactions.Gstr3bDetails.gstr3b.sup_details.osup_zero,txval,attribute,double,,,no,Total Taxable value,Sahamati/account-aggregator-standards + specifications.rebit.org.in
AA (Account Aggregator),gstr1_3b,Account.Transactions.Gstr3bDetails.gstr3b.sup_details.osup_zero,iamt,attribute,double,,,no,Integrated Tax,Sahamati/account-aggregator-standards + specifications.rebit.org.in
AA (Account Aggregator),gstr1_3b,Account.Transactions.Gstr3bDetails.gstr3b.sup_details.osup_zero,csamt,attribute,double,,,no,CESS,Sahamati/account-aggregator-standards + specifications.rebit.org.in
AA (Account Aggregator),gstr1_3b,Account.Transactions.Gstr3bDetails.gstr3b.sup_details.osup_nil_exmp,txval,attribute,double,,,no,Total Taxable value,Sahamati/account-aggregator-standards + specifications.rebit.org.in
AA (Account Aggregator),gstr1_3b,Account.Transactions.Gstr3bDetails.gstr3b.sup_details.isup_rev,txval,attribute,double,,,no,Total Taxable value,Sahamati/account-aggregator-standards + specifications.rebit.org.in
AA (Account Aggregator),gstr1_3b,Account.Transactions.Gstr3bDetails.gstr3b.sup_details.isup_rev,iamt,attribute,double,,,no,Integrated Tax,Sahamati/account-aggregator-standards + specifications.rebit.org.in
AA (Account Aggregator),gstr1_3b,Account.Transactions.Gstr3bDetails.gstr3b.sup_details.isup_rev,camt,attribute,double,,,no,Central Tax,Sahamati/account-aggregator-standards + specifications.rebit.org.in
AA (Account Aggregator),gstr1_3b,Account.Transactions.Gstr3bDetails.gstr3b.sup_details.isup_rev,samt,attribute,double,,,no,State/UT Tax,Sahamati/account-aggregator-standards + specifications.rebit.org.in
AA (Account Aggregator),gstr1_3b,Account.Transactions.Gstr3bDetails.gstr3b.sup_details.isup_rev,csamt,attribute,double,,,no,CESS,Sahamati/account-aggregator-standards + specifications.rebit.org.in
AA (Account Aggregator),gstr1_3b,Account.Transactions.Gstr3bDetails.gstr3b.sup_details.osup_nongst,txval,attribute,double,,,no,Total Taxable value,Sahamati/account-aggregator-standards + specifications.rebit.org.in
AA (Account Aggregator),gstr1_3b,Account.Transactions.Gstr3bDetails.gstr3b.sup_inter.unreg_details_list.unreg_details,txval,attribute,double,,,no,Total Taxable value,Sahamati/account-aggregator-standards + specifications.rebit.org.in
AA (Account Aggregator),gstr1_3b,Account.Transactions.Gstr3bDetails.gstr3b.sup_inter.unreg_details_list.unreg_details,iamt,attribute,double,,,no,Amount of Integrated Tax,Sahamati/account-aggregator-standards + specifications.rebit.org.in
AA (Account Aggregator),gstr1_3b,Account.Transactions.Gstr3bDetails.gstr3b.sup_inter.unreg_details_list.unreg_details,pos,attribute,double,,,no,Place of Supply (State/UT),Sahamati/account-aggregator-standards + specifications.rebit.org.in
AA (Account Aggregator),gstr1_3b,Account.Transactions.Gstr3bDetails.gstr3b.sup_inter.comp_details_list.comp_details,txval,attribute,double,,,no,Total Taxable value,Sahamati/account-aggregator-standards + specifications.rebit.org.in
AA (Account Aggregator),gstr1_3b,Account.Transactions.Gstr3bDetails.gstr3b.sup_inter.comp_details_list.comp_details,iamt,attribute,double,,,no,Amount of Integrated Tax,Sahamati/account-aggregator-standards + specifications.rebit.org.in
AA (Account Aggregator),gstr1_3b,Account.Transactions.Gstr3bDetails.gstr3b.sup_inter.comp_details_list.comp_details,pos,attribute,double,,,no,Place of Supply (State/UT),Sahamati/account-aggregator-standards + specifications.rebit.org.in
AA (Account Aggregator),gstr1_3b,Account.Transactions.Gstr3bDetails.gstr3b.sup_inter.uin_details_list.uin_details,txval,attribute,double,,,no,Total Taxable value,Sahamati/account-aggregator-standards + specifications.rebit.org.in
AA (Account Aggregator),gstr1_3b,Account.Transactions.Gstr3bDetails.gstr3b.sup_inter.uin_details_list.uin_details,iamt,attribute,double,,,no,Amount of Integrated Tax,Sahamati/account-aggregator-standards + specifications.rebit.org.in
AA (Account Aggregator),gstr1_3b,Account.Transactions.Gstr3bDetails.gstr3b.sup_inter.uin_details_list.uin_details,pos,attribute,double,,,no,Place of Supply (State/UT),Sahamati/account-aggregator-standards + specifications.rebit.org.in
AA (Account Aggregator),gstr1_3b,Account.Transactions.Gstr3bDetails.gstr3b.eco_dtls.eco_sup,txval,attribute,double,,,no,Total Taxable value,Sahamati/account-aggregator-standards + specifications.rebit.org.in
AA (Account Aggregator),gstr1_3b,Account.Transactions.Gstr3bDetails.gstr3b.eco_dtls.eco_sup,iamt,attribute,double,,,no,Integrated Tax,Sahamati/account-aggregator-standards + specifications.rebit.org.in
AA (Account Aggregator),gstr1_3b,Account.Transactions.Gstr3bDetails.gstr3b.eco_dtls.eco_sup,camt,attribute,double,,,no,Central Tax,Sahamati/account-aggregator-standards + specifications.rebit.org.in
AA (Account Aggregator),gstr1_3b,Account.Transactions.Gstr3bDetails.gstr3b.eco_dtls.eco_sup,samt,attribute,double,,,no,State/UT Tax,Sahamati/account-aggregator-standards + specifications.rebit.org.in
AA (Account Aggregator),gstr1_3b,Account.Transactions.Gstr3bDetails.gstr3b.eco_dtls.eco_sup,csamt,attribute,double,,,no,CESS,Sahamati/account-aggregator-standards + specifications.rebit.org.in
AA (Account Aggregator),gstr1_3b,Account.Transactions.Gstr3bDetails.gstr3b.eco_dtls.eco_reg_sup,txval,attribute,double,,,no,Total Taxable value,Sahamati/account-aggregator-standards + specifications.rebit.org.in
AA (Account Aggregator),gstr1_3b,Account.Transactions.Gstr3bDetails.gstr3b.itc_elg.itc_avl_list.itc_avl,type,attribute,string,IMPG|IMPS|ISRC|ISD|RUL|OTH,,no,Type,Sahamati/account-aggregator-standards + specifications.rebit.org.in
AA (Account Aggregator),gstr1_3b,Account.Transactions.Gstr3bDetails.gstr3b.itc_elg.itc_avl_list.itc_avl,iamt,attribute,double,,,no,Integrated Tax,Sahamati/account-aggregator-standards + specifications.rebit.org.in
AA (Account Aggregator),gstr1_3b,Account.Transactions.Gstr3bDetails.gstr3b.itc_elg.itc_avl_list.itc_avl,camt,attribute,double,,,no,Central Tax,Sahamati/account-aggregator-standards + specifications.rebit.org.in
AA (Account Aggregator),gstr1_3b,Account.Transactions.Gstr3bDetails.gstr3b.itc_elg.itc_avl_list.itc_avl,samt,attribute,double,,,no,State/UT Tax,Sahamati/account-aggregator-standards + specifications.rebit.org.in
AA (Account Aggregator),gstr1_3b,Account.Transactions.Gstr3bDetails.gstr3b.itc_elg.itc_avl_list.itc_avl,csamt,attribute,double,,,no,CESS,Sahamati/account-aggregator-standards + specifications.rebit.org.in
AA (Account Aggregator),gstr1_3b,Account.Transactions.Gstr3bDetails.gstr3b.itc_elg.itc_rev_list.itc_rev,type,attribute,string,IMPG|IMPS|ISRC|ISD|RUL|OTH,,no,Type,Sahamati/account-aggregator-standards + specifications.rebit.org.in
AA (Account Aggregator),gstr1_3b,Account.Transactions.Gstr3bDetails.gstr3b.itc_elg.itc_rev_list.itc_rev,iamt,attribute,double,,,no,Integrated Tax,Sahamati/account-aggregator-standards + specifications.rebit.org.in
AA (Account Aggregator),gstr1_3b,Account.Transactions.Gstr3bDetails.gstr3b.itc_elg.itc_rev_list.itc_rev,camt,attribute,double,,,no,Central Tax,Sahamati/account-aggregator-standards + specifications.rebit.org.in
AA (Account Aggregator),gstr1_3b,Account.Transactions.Gstr3bDetails.gstr3b.itc_elg.itc_rev_list.itc_rev,samt,attribute,double,,,no,State/UT Tax,Sahamati/account-aggregator-standards + specifications.rebit.org.in
AA (Account Aggregator),gstr1_3b,Account.Transactions.Gstr3bDetails.gstr3b.itc_elg.itc_rev_list.itc_rev,csamt,attribute,double,,,no,CESS,Sahamati/account-aggregator-standards + specifications.rebit.org.in
AA (Account Aggregator),gstr1_3b,Account.Transactions.Gstr3bDetails.gstr3b.itc_elg.itc_net,iamt,attribute,double,,,no,Integrated Tax,Sahamati/account-aggregator-standards + specifications.rebit.org.in
AA (Account Aggregator),gstr1_3b,Account.Transactions.Gstr3bDetails.gstr3b.itc_elg.itc_net,camt,attribute,double,,,no,Central Tax,Sahamati/account-aggregator-standards + specifications.rebit.org.in
AA (Account Aggregator),gstr1_3b,Account.Transactions.Gstr3bDetails.gstr3b.itc_elg.itc_net,samt,attribute,double,,,no,State/UT Tax,Sahamati/account-aggregator-standards + specifications.rebit.org.in
AA (Account Aggregator),gstr1_3b,Account.Transactions.Gstr3bDetails.gstr3b.itc_elg.itc_net,csamt,attribute,double,,,no,CESS,Sahamati/account-aggregator-standards + specifications.rebit.org.in
AA (Account Aggregator),gstr1_3b,Account.Transactions.Gstr3bDetails.gstr3b.itc_elg.itc_inelg_list.itc_inelg,type,attribute,string,IMPG|IMPS|ISRC|ISD|RUL|OTH,,no,Type,Sahamati/account-aggregator-standards + specifications.rebit.org.in
AA (Account Aggregator),gstr1_3b,Account.Transactions.Gstr3bDetails.gstr3b.itc_elg.itc_inelg_list.itc_inelg,iamt,attribute,double,,,no,Integrated Tax,Sahamati/account-aggregator-standards + specifications.rebit.org.in
AA (Account Aggregator),gstr1_3b,Account.Transactions.Gstr3bDetails.gstr3b.itc_elg.itc_inelg_list.itc_inelg,camt,attribute,double,,,no,Central Tax,Sahamati/account-aggregator-standards + specifications.rebit.org.in
AA (Account Aggregator),gstr1_3b,Account.Transactions.Gstr3bDetails.gstr3b.itc_elg.itc_inelg_list.itc_inelg,samt,attribute,double,,,no,State/UT Tax,Sahamati/account-aggregator-standards + specifications.rebit.org.in
AA (Account Aggregator),gstr1_3b,Account.Transactions.Gstr3bDetails.gstr3b.itc_elg.itc_inelg_list.itc_inelg,csamt,attribute,double,,,no,CESS,Sahamati/account-aggregator-standards + specifications.rebit.org.in
AA (Account Aggregator),gstr1_3b,Account.Transactions.Gstr3bDetails.gstr3b.inward_sup.isup_details_list.isup_details,ty,attribute,string,GST|NONGST,,no,Type,Sahamati/account-aggregator-standards + specifications.rebit.org.in
AA (Account Aggregator),gstr1_3b,Account.Transactions.Gstr3bDetails.gstr3b.inward_sup.isup_details_list.isup_details,inter,attribute,double,,,no,Inter - State supplies,Sahamati/account-aggregator-standards + specifications.rebit.org.in
AA (Account Aggregator),gstr1_3b,Account.Transactions.Gstr3bDetails.gstr3b.inward_sup.isup_details_list.isup_details,intra,attribute,double,,,no,Intra - State supplies,Sahamati/account-aggregator-standards + specifications.rebit.org.in
AA (Account Aggregator),gstr1_3b,Account.Transactions.Gstr3bDetails.gstr3b.intr_ltfee.intr_details,iamt,attribute,double,,,no,Integrated Tax,Sahamati/account-aggregator-standards + specifications.rebit.org.in
AA (Account Aggregator),gstr1_3b,Account.Transactions.Gstr3bDetails.gstr3b.intr_ltfee.intr_details,camt,attribute,double,,,no,Central Tax,Sahamati/account-aggregator-standards + specifications.rebit.org.in
AA (Account Aggregator),gstr1_3b,Account.Transactions.Gstr3bDetails.gstr3b.intr_ltfee.intr_details,samt,attribute,double,,,no,State/UT Tax,Sahamati/account-aggregator-standards + specifications.rebit.org.in
AA (Account Aggregator),gstr1_3b,Account.Transactions.Gstr3bDetails.gstr3b.intr_ltfee.intr_details,csamt,attribute,double,,,no,CESS,Sahamati/account-aggregator-standards + specifications.rebit.org.in
AA (Account Aggregator),gstr1_3b,Account.Transactions.Gstr3bDetails.gstr3b.intr_ltfee.ltfee_details,camt,attribute,double,,,no,Central Tax,Sahamati/account-aggregator-standards + specifications.rebit.org.in
AA (Account Aggregator),gstr1_3b,Account.Transactions.Gstr3bDetails.gstr3b.intr_ltfee.ltfee_details,samt,attribute,double,,,no,State/UT Tax,Sahamati/account-aggregator-standards + specifications.rebit.org.in
AA (Account Aggregator),gstr1_3b,Account.Transactions.Gstr3bDetails.gstr3b.tx_pmt.tx_py_list.tx_py,trans_desc,attribute,string,,,no,Transaction description,Sahamati/account-aggregator-standards + specifications.rebit.org.in
AA (Account Aggregator),gstr1_3b,Account.Transactions.Gstr3bDetails.gstr3b.tx_pmt.tx_py_list.tx_py.sgst,intr,attribute,double,,,no,Interest payable,Sahamati/account-aggregator-standards + specifications.rebit.org.in
AA (Account Aggregator),gstr1_3b,Account.Transactions.Gstr3bDetails.gstr3b.tx_pmt.tx_py_list.tx_py.sgst,tx,attribute,double,,,no,Tax payable,Sahamati/account-aggregator-standards + specifications.rebit.org.in
AA (Account Aggregator),gstr1_3b,Account.Transactions.Gstr3bDetails.gstr3b.tx_pmt.tx_py_list.tx_py.sgst,fee,attribute,double,,,no,Late fee payable,Sahamati/account-aggregator-standards + specifications.rebit.org.in
AA (Account Aggregator),gstr1_3b,Account.Transactions.Gstr3bDetails.gstr3b.tx_pmt.tx_py_list.tx_py.igst,intr,attribute,double,,,no,Interest payable,Sahamati/account-aggregator-standards + specifications.rebit.org.in
AA (Account Aggregator),gstr1_3b,Account.Transactions.Gstr3bDetails.gstr3b.tx_pmt.tx_py_list.tx_py.igst,tx,attribute,double,,,no,Tax payable,Sahamati/account-aggregator-standards + specifications.rebit.org.in
AA (Account Aggregator),gstr1_3b,Account.Transactions.Gstr3bDetails.gstr3b.tx_pmt.tx_py_list.tx_py.cgst,intr,attribute,double,,,no,Interest payable,Sahamati/account-aggregator-standards + specifications.rebit.org.in
AA (Account Aggregator),gstr1_3b,Account.Transactions.Gstr3bDetails.gstr3b.tx_pmt.tx_py_list.tx_py.cgst,tx,attribute,double,,,no,Tax payable,Sahamati/account-aggregator-standards + specifications.rebit.org.in
AA (Account Aggregator),gstr1_3b,Account.Transactions.Gstr3bDetails.gstr3b.tx_pmt.tx_py_list.tx_py.cgst,fee,attribute,double,,,no,Late fee payable,Sahamati/account-aggregator-standards + specifications.rebit.org.in
AA (Account Aggregator),gstr1_3b,Account.Transactions.Gstr3bDetails.gstr3b.tx_pmt.tx_py_list.tx_py.cess,intr,attribute,double,,,no,Interest payable,Sahamati/account-aggregator-standards + specifications.rebit.org.in
AA (Account Aggregator),gstr1_3b,Account.Transactions.Gstr3bDetails.gstr3b.tx_pmt.tx_py_list.tx_py.cess,tx,attribute,double,,,no,Tax payable,Sahamati/account-aggregator-standards + specifications.rebit.org.in
AA (Account Aggregator),gstr1_3b,Account.Transactions.Gstr3bDetails.gstr3b.pdcash_dtls.pdcash_list.pdcash,trans_desc,attribute,string,,,no,Transaction description,Sahamati/account-aggregator-standards + specifications.rebit.org.in
AA (Account Aggregator),gstr1_3b,Account.Transactions.Gstr3bDetails.gstr3b.pdcash_dtls.pdcash_list.pdcash,ipd,attribute,double,,,no,IGST paid,Sahamati/account-aggregator-standards + specifications.rebit.org.in
AA (Account Aggregator),gstr1_3b,Account.Transactions.Gstr3bDetails.gstr3b.pdcash_dtls.pdcash_list.pdcash,cpd,attribute,double,,,no,CGST paid,Sahamati/account-aggregator-standards + specifications.rebit.org.in
AA (Account Aggregator),gstr1_3b,Account.Transactions.Gstr3bDetails.gstr3b.pdcash_dtls.pdcash_list.pdcash,spd,attribute,double,,,no,SGST paid,Sahamati/account-aggregator-standards + specifications.rebit.org.in
AA (Account Aggregator),gstr1_3b,Account.Transactions.Gstr3bDetails.gstr3b.pdcash_dtls.pdcash_list.pdcash,cspd,attribute,double,,,no,CESS paid,Sahamati/account-aggregator-standards + specifications.rebit.org.in
AA (Account Aggregator),gstr1_3b,Account.Transactions.Gstr3bDetails.gstr3b.pdcash_dtls.pdcash_list.pdcash,i_intrpd,attribute,double,,,no,Interest Paid against IGST,Sahamati/account-aggregator-standards + specifications.rebit.org.in
AA (Account Aggregator),gstr1_3b,Account.Transactions.Gstr3bDetails.gstr3b.pdcash_dtls.pdcash_list.pdcash,c_intrpd,attribute,double,,,no,Interest Paid against CGST,Sahamati/account-aggregator-standards + specifications.rebit.org.in
AA (Account Aggregator),gstr1_3b,Account.Transactions.Gstr3bDetails.gstr3b.pdcash_dtls.pdcash_list.pdcash,s_intrpd,attribute,double,,,no,Interest Paid against SGST,Sahamati/account-aggregator-standards + specifications.rebit.org.in
AA (Account Aggregator),gstr1_3b,Account.Transactions.Gstr3bDetails.gstr3b.pdcash_dtls.pdcash_list.pdcash,cs_intrpd,attribute,double,,,no,Interest Paid against CESS,Sahamati/account-aggregator-standards + specifications.rebit.org.in
AA (Account Aggregator),gstr1_3b,Account.Transactions.Gstr3bDetails.gstr3b.pdcash_dtls.pdcash_list.pdcash,c_lfeepd,attribute,double,,,no,Late Fee Paid against CGST,Sahamati/account-aggregator-standards + specifications.rebit.org.in
AA (Account Aggregator),gstr1_3b,Account.Transactions.Gstr3bDetails.gstr3b.pdcash_dtls.pdcash_list.pdcash,s_lfeepd,attribute,double,,,no,Late Fee Paid against SGST,Sahamati/account-aggregator-standards + specifications.rebit.org.in
AA (Account Aggregator),gstr1_3b,Account.Transactions.Gstr3bDetails.gstr3b.pdcash_dtls.pditc,trans_desc,attribute,string,,,no,Transaction description,Sahamati/account-aggregator-standards + specifications.rebit.org.in
AA (Account Aggregator),gstr1_3b,Account.Transactions.Gstr3bDetails.gstr3b.pdcash_dtls.pditc,i_pdi,attribute,double,,,no,IGST paid using IGST,Sahamati/account-aggregator-standards + specifications.rebit.org.in
AA (Account Aggregator),gstr1_3b,Account.Transactions.Gstr3bDetails.gstr3b.pdcash_dtls.pditc,i_pdc,attribute,double,,,no,IGST paid using CGST,Sahamati/account-aggregator-standards + specifications.rebit.org.in
AA (Account Aggregator),gstr1_3b,Account.Transactions.Gstr3bDetails.gstr3b.pdcash_dtls.pditc,i_pds,attribute,double,,,no,IGST paid using SGST,Sahamati/account-aggregator-standards + specifications.rebit.org.in
AA (Account Aggregator),gstr1_3b,Account.Transactions.Gstr3bDetails.gstr3b.pdcash_dtls.pditc,c_pdi,attribute,double,,,no,CGST paid using IGST,Sahamati/account-aggregator-standards + specifications.rebit.org.in
AA (Account Aggregator),gstr1_3b,Account.Transactions.Gstr3bDetails.gstr3b.pdcash_dtls.pditc,c_pdc,attribute,double,,,no,CGST paid using CGST,Sahamati/account-aggregator-standards + specifications.rebit.org.in
AA (Account Aggregator),gstr1_3b,Account.Transactions.Gstr3bDetails.gstr3b.pdcash_dtls.pditc,s_pdi,attribute,double,,,no,SGST paid using IGST,Sahamati/account-aggregator-standards + specifications.rebit.org.in
AA (Account Aggregator),gstr1_3b,Account.Transactions.Gstr3bDetails.gstr3b.pdcash_dtls.pditc,s_pds,attribute,double,,,no,SGST paid using SGST,Sahamati/account-aggregator-standards + specifications.rebit.org.in
AA (Account Aggregator),gstr1_3b,Account.Transactions.Gstr3bDetails.gstr3b.pdcash_dtls.pditc,cs_pdcs,attribute,double,,,no,CESS paid using CESS,Sahamati/account-aggregator-standards + specifications.rebit.org.in
AA (Account Aggregator),indian_depository_receipts,Account,linkedAccRef,attribute,string,,,yes,,Sahamati/account-aggregator-standards + specifications.rebit.org.in
AA (Account Aggregator),indian_depository_receipts,Account,maskedAccNumber,attribute,string,,,yes,,Sahamati/account-aggregator-standards + specifications.rebit.org.in
AA (Account Aggregator),indian_depository_receipts,Account,version,attribute,float,,,yes,,Sahamati/account-aggregator-standards + specifications.rebit.org.in
AA (Account Aggregator),indian_depository_receipts,Account,type,attribute,string,,,yes,,Sahamati/account-aggregator-standards + specifications.rebit.org.in
AA (Account Aggregator),indian_depository_receipts,Account.Profile.Holders.Holder,name,attribute,string,,,yes,,Sahamati/account-aggregator-standards + specifications.rebit.org.in
AA (Account Aggregator),indian_depository_receipts,Account.Profile.Holders.Holder,dob,attribute,date,,,yes,,Sahamati/account-aggregator-standards + specifications.rebit.org.in
AA (Account Aggregator),indian_depository_receipts,Account.Profile.Holders.Holder,mobile,attribute,string,,,yes,,Sahamati/account-aggregator-standards + specifications.rebit.org.in
AA (Account Aggregator),indian_depository_receipts,Account.Profile.Holders.Holder,address,attribute,string,,,no,,Sahamati/account-aggregator-standards + specifications.rebit.org.in
AA (Account Aggregator),indian_depository_receipts,Account.Profile.Holders.Holder,landline,attribute,string,,,no,,Sahamati/account-aggregator-standards + specifications.rebit.org.in
AA (Account Aggregator),indian_depository_receipts,Account.Profile.Holders.Holder,email,attribute,string,,[^@]+@[^\.]+\..+,yes,,Sahamati/account-aggregator-standards + specifications.rebit.org.in
AA (Account Aggregator),indian_depository_receipts,Account.Profile.Holders.Holder,pan,attribute,string,,[a-zA-Z][a-zA-Z][a-zA-Z][a-zA-Z][a-zA-Z][0-9][0-9][0-9][0-9][a-zA-Z],yes,,Sahamati/account-aggregator-standards + specifications.rebit.org.in
AA (Account Aggregator),indian_depository_receipts,Account.Profile.Holders.Holder,dematId,attribute,string,,,yes,,Sahamati/account-aggregator-standards + specifications.rebit.org.in
AA (Account Aggregator),indian_depository_receipts,Account.Profile.Holders.Holder,ckycCompliance,attribute,boolean,,,yes,,Sahamati/account-aggregator-standards + specifications.rebit.org.in
AA (Account Aggregator),indian_depository_receipts,Account.Profile.Holders.Holder,nominee,attribute,string,REGISTERED|NOT-REGISTERED,,yes,,Sahamati/account-aggregator-standards + specifications.rebit.org.in
AA (Account Aggregator),indian_depository_receipts,Account.Summary,investmentValue,attribute,float,,,yes,,Sahamati/account-aggregator-standards + specifications.rebit.org.in
AA (Account Aggregator),indian_depository_receipts,Account.Summary,currentValue,attribute,float,,,yes,,Sahamati/account-aggregator-standards + specifications.rebit.org.in
AA (Account Aggregator),indian_depository_receipts,Account.Summary.Investment.Holdings,type,attribute,string,DEMAT|PHYSICAL,,yes,,Sahamati/account-aggregator-standards + specifications.rebit.org.in
AA (Account Aggregator),indian_depository_receipts,Account.Summary.Investment.Holdings.Holding,issuerName,attribute,string,,,yes,,Sahamati/account-aggregator-standards + specifications.rebit.org.in
AA (Account Aggregator),indian_depository_receipts,Account.Summary.Investment.Holdings.Holding,isin,attribute,string,,,yes,,Sahamati/account-aggregator-standards + specifications.rebit.org.in
AA (Account Aggregator),indian_depository_receipts,Account.Summary.Investment.Holdings.Holding,units,attribute,float,,,yes,,Sahamati/account-aggregator-standards + specifications.rebit.org.in
AA (Account Aggregator),indian_depository_receipts,Account.Summary.Investment.Holdings.Holding,rate,attribute,float,,,yes,,Sahamati/account-aggregator-standards + specifications.rebit.org.in
AA (Account Aggregator),indian_depository_receipts,Account.Summary.Investment.Holdings.Holding,investmentDateTime,attribute,dateTime,,,yes,,Sahamati/account-aggregator-standards + specifications.rebit.org.in
AA (Account Aggregator),indian_depository_receipts,Account.Summary.Investment.Holdings.Holding,lastTradedPrice,attribute,float,,,yes,,Sahamati/account-aggregator-standards + specifications.rebit.org.in
AA (Account Aggregator),indian_depository_receipts,Account.Summary.Investment.Holdings.Holding,description,attribute,string,,,yes,,Sahamati/account-aggregator-standards + specifications.rebit.org.in
AA (Account Aggregator),indian_depository_receipts,Account.Transactions,startDate,attribute,date,,,yes,Start date of investment since when it is applicable,Sahamati/account-aggregator-standards + specifications.rebit.org.in
AA (Account Aggregator),indian_depository_receipts,Account.Transactions,endDate,attribute,date,,,yes,End date of investment when tenure get complete,Sahamati/account-aggregator-standards + specifications.rebit.org.in
AA (Account Aggregator),indian_depository_receipts,Account.Transactions.Transaction,txnId,attribute,string,,,yes,,Sahamati/account-aggregator-standards + specifications.rebit.org.in
AA (Account Aggregator),indian_depository_receipts,Account.Transactions.Transaction,transactionDateTime,attribute,dateTime,,,yes,Transaction ID recorded or captured for investment made,Sahamati/account-aggregator-standards + specifications.rebit.org.in
AA (Account Aggregator),indian_depository_receipts,Account.Transactions.Transaction,orderId,attribute,string,,,yes,Order ID which generated at the time of placing the order,Sahamati/account-aggregator-standards + specifications.rebit.org.in
AA (Account Aggregator),indian_depository_receipts,Account.Transactions.Transaction,tradeId,attribute,string,,,yes,Trade ID linked with investment of portfolio owner,Sahamati/account-aggregator-standards + specifications.rebit.org.in
AA (Account Aggregator),indian_depository_receipts,Account.Transactions.Transaction,isin,attribute,string,,,yes,International Securities Identification Number (ISIN) uniquely identifies a security.,Sahamati/account-aggregator-standards + specifications.rebit.org.in
AA (Account Aggregator),indian_depository_receipts,Account.Transactions.Transaction,companyName,attribute,string,,,yes,Name of company in which investment made,Sahamati/account-aggregator-standards + specifications.rebit.org.in
AA (Account Aggregator),indian_depository_receipts,Account.Transactions.Transaction,symbol,attribute,string,,,yes,Symbol of the securities in which investment made and hold by investor,Sahamati/account-aggregator-standards + specifications.rebit.org.in
AA (Account Aggregator),indian_depository_receipts,Account.Transactions.Transaction,exchange,attribute,string,,,yes,Stock Exchange on which security is traded,Sahamati/account-aggregator-standards + specifications.rebit.org.in
AA (Account Aggregator),indian_depository_receipts,Account.Transactions.Transaction,rate,attribute,float,,,yes,Rate or net price on which investment made in security,Sahamati/account-aggregator-standards + specifications.rebit.org.in
AA (Account Aggregator),indian_depository_receipts,Account.Transactions.Transaction,tradeValue,attribute,float,,,yes,Trade value of investment as per market price,Sahamati/account-aggregator-standards + specifications.rebit.org.in
AA (Account Aggregator),indian_depository_receipts,Account.Transactions.Transaction,shareHolerEquityType,attribute,string,,,yes,,Sahamati/account-aggregator-standards + specifications.rebit.org.in
AA (Account Aggregator),indian_depository_receipts,Account.Transactions.Transaction,type,attribute,string,BUY|SELL|OTHERS,,yes,Transaction type may be BUY or SELL,Sahamati/account-aggregator-standards + specifications.rebit.org.in
AA (Account Aggregator),indian_depository_receipts,Account.Transactions.Transaction,units,attribute,float,,,yes,Units which are alloted in the portfolio of investor,Sahamati/account-aggregator-standards + specifications.rebit.org.in
AA (Account Aggregator),indian_depository_receipts,Account.Transactions.Transaction,otherCharges,attribute,float,,,yes,Other charge applied on the investment if applicable,Sahamati/account-aggregator-standards + specifications.rebit.org.in
AA (Account Aggregator),indian_depository_receipts,Account.Transactions.Transaction,totalCharge,attribute,float,,,yes,"Total charges includes finance charge, STT or other taxes/charge implied on investment",Sahamati/account-aggregator-standards + specifications.rebit.org.in
AA (Account Aggregator),indian_depository_receipts,Account.Transactions.Transaction,narration,attribute,string,,,yes,Nararation is additional details in form of decription of remark associated with investment,Sahamati/account-aggregator-standards + specifications.rebit.org.in
AA (Account Aggregator),infrastructure_investment_trusts,Account,linkedAccRef,attribute,string,,,yes,,Sahamati/account-aggregator-standards + specifications.rebit.org.in
AA (Account Aggregator),infrastructure_investment_trusts,Account,maskedAccNumber,attribute,string,,,yes,,Sahamati/account-aggregator-standards + specifications.rebit.org.in
AA (Account Aggregator),infrastructure_investment_trusts,Account,version,attribute,string,,,yes,,Sahamati/account-aggregator-standards + specifications.rebit.org.in
AA (Account Aggregator),infrastructure_investment_trusts,Account,type,attribute,string,,,yes,,Sahamati/account-aggregator-standards + specifications.rebit.org.in
AA (Account Aggregator),infrastructure_investment_trusts,Account.Profile.Holders.Holder,name,attribute,string,,,yes,Name of primary holder operating the account.,Sahamati/account-aggregator-standards + specifications.rebit.org.in
AA (Account Aggregator),infrastructure_investment_trusts,Account.Profile.Holders.Holder,dob,attribute,date,,,yes,Date of birth of primary account holder.,Sahamati/account-aggregator-standards + specifications.rebit.org.in
AA (Account Aggregator),infrastructure_investment_trusts,Account.Profile.Holders.Holder,mobile,attribute,string,,,yes,Primary mobile number of account holder.,Sahamati/account-aggregator-standards + specifications.rebit.org.in
AA (Account Aggregator),infrastructure_investment_trusts,Account.Profile.Holders.Holder,address,attribute,string,,,no,,Sahamati/account-aggregator-standards + specifications.rebit.org.in
AA (Account Aggregator),infrastructure_investment_trusts,Account.Profile.Holders.Holder,landline,attribute,string,,,no,,Sahamati/account-aggregator-standards + specifications.rebit.org.in
AA (Account Aggregator),infrastructure_investment_trusts,Account.Profile.Holders.Holder,email,attribute,string,,[^@]+@[^\.]+\..+,yes,Email ID of primary account holder.,Sahamati/account-aggregator-standards + specifications.rebit.org.in
AA (Account Aggregator),infrastructure_investment_trusts,Account.Profile.Holders.Holder,dematId,attribute,string,,,yes,Demat ID assigned or issued to investor,Sahamati/account-aggregator-standards + specifications.rebit.org.in
AA (Account Aggregator),infrastructure_investment_trusts,Account.Profile.Holders.Holder,pan,attribute,string,,[a-zA-Z][a-zA-Z][a-zA-Z][a-zA-Z][a-zA-Z][0-9][0-9][0-9][0-9][a-zA-Z],yes,PAN number of primary account holder.,Sahamati/account-aggregator-standards + specifications.rebit.org.in
AA (Account Aggregator),infrastructure_investment_trusts,Account.Profile.Holders.Holder,ckycCompliance,attribute,boolean,,,yes,KYC status whether its completed or pending,Sahamati/account-aggregator-standards + specifications.rebit.org.in
AA (Account Aggregator),infrastructure_investment_trusts,Account.Profile.Holders.Holder,nominee,attribute,string,REGISTERED|NOT-REGISTERED,,yes,Name of nominee associated with the account.,Sahamati/account-aggregator-standards + specifications.rebit.org.in
AA (Account Aggregator),infrastructure_investment_trusts,Account.Summary,investmentValue,attribute,float,,,yes,,Sahamati/account-aggregator-standards + specifications.rebit.org.in
AA (Account Aggregator),infrastructure_investment_trusts,Account.Summary,currentValue,attribute,float,,,yes,,Sahamati/account-aggregator-standards + specifications.rebit.org.in
AA (Account Aggregator),infrastructure_investment_trusts,Account.Summary.Investment.Holdings.Holding,issuerName,attribute,string,,,yes,Name of party who issued the invit in which investment made.,Sahamati/account-aggregator-standards + specifications.rebit.org.in
AA (Account Aggregator),infrastructure_investment_trusts,Account.Summary.Investment.Holdings.Holding,isin,attribute,string,,,yes,International Securities Identification Number (ISIN) uniquely identifies a security.,Sahamati/account-aggregator-standards + specifications.rebit.org.in
AA (Account Aggregator),infrastructure_investment_trusts,Account.Summary.Investment.Holdings.Holding,investmentDateTime,attribute,dateTime,,,yes,Investment date time stamp for particular record when investment taken place.,Sahamati/account-aggregator-standards + specifications.rebit.org.in
AA (Account Aggregator),infrastructure_investment_trusts,Account.Summary.Investment.Holdings.Holding,rate,attribute,float,,,yes,Rate or net price on which investment made in security.,Sahamati/account-aggregator-standards + specifications.rebit.org.in
AA (Account Aggregator),infrastructure_investment_trusts,Account.Summary.Investment.Holdings.Holding,totalNumberUnits,attribute,integer,,,yes,Total number of units issued to investor in the fund opted.,Sahamati/account-aggregator-standards + specifications.rebit.org.in
AA (Account Aggregator),infrastructure_investment_trusts,Account.Summary.Investment.Holdings.Holding,lastClosingRate,attribute,float,,,yes,Closing Price or Rate on which security trade in the open market,Sahamati/account-aggregator-standards + specifications.rebit.org.in
AA (Account Aggregator),infrastructure_investment_trusts,Account.Summary.Investment.Holdings.Holding,description,attribute,string,,,yes,Description or details of security in which investment made.,Sahamati/account-aggregator-standards + specifications.rebit.org.in
AA (Account Aggregator),infrastructure_investment_trusts,Account.Transactions,startDate,attribute,date,,,yes,Start date of investment since when it is applicable,Sahamati/account-aggregator-standards + specifications.rebit.org.in
AA (Account Aggregator),infrastructure_investment_trusts,Account.Transactions,endDate,attribute,date,,,yes,End date of investment when tenure get complete,Sahamati/account-aggregator-standards + specifications.rebit.org.in
AA (Account Aggregator),infrastructure_investment_trusts,Account.Transactions.Transaction,txnId,attribute,string,,,yes,Transaction ID recorded or captured for investment made,Sahamati/account-aggregator-standards + specifications.rebit.org.in
AA (Account Aggregator),infrastructure_investment_trusts,Account.Transactions.Transaction,isin,attribute,string,,,yes,International Securities Identification Number (ISIN) uniquely identifies a security.,Sahamati/account-aggregator-standards + specifications.rebit.org.in
AA (Account Aggregator),infrastructure_investment_trusts,Account.Transactions.Transaction,issuerName,attribute,string,,,yes,Name of issuer,Sahamati/account-aggregator-standards + specifications.rebit.org.in
AA (Account Aggregator),infrastructure_investment_trusts,Account.Transactions.Transaction,symbol,attribute,string,,,yes,Symbol of the securities in which investment made and hold by investor.,Sahamati/account-aggregator-standards + specifications.rebit.org.in
AA (Account Aggregator),infrastructure_investment_trusts,Account.Transactions.Transaction,exchange,attribute,string,,,yes,Stock Exchange on which security is traded,Sahamati/account-aggregator-standards + specifications.rebit.org.in
AA (Account Aggregator),infrastructure_investment_trusts,Account.Transactions.Transaction,transactionDescription,attribute,string,,,yes,Description or details of transaction in which investment made.,Sahamati/account-aggregator-standards + specifications.rebit.org.in
AA (Account Aggregator),infrastructure_investment_trusts,Account.Transactions.Transaction,transactionDateTime,attribute,dateTime,,,yes,Transaction date time stamp for particular record when investment taken place.,Sahamati/account-aggregator-standards + specifications.rebit.org.in
AA (Account Aggregator),infrastructure_investment_trusts,Account.Transactions.Transaction,price,attribute,float,,,yes,Price or market value on investment taken place.,Sahamati/account-aggregator-standards + specifications.rebit.org.in
AA (Account Aggregator),infrastructure_investment_trusts,Account.Transactions.Transaction,unitsType,attribute,string,,,yes,,Sahamati/account-aggregator-standards + specifications.rebit.org.in
AA (Account Aggregator),infrastructure_investment_trusts,Account.Transactions.Transaction,numUnitsTransacted,attribute,integer,,,yes,Number of unit alloted in portfolio as per transaction conducted.,Sahamati/account-aggregator-standards + specifications.rebit.org.in
AA (Account Aggregator),infrastructure_investment_trusts,Account.Transactions.Transaction,tradeValue,attribute,float,,,yes,Trade value of investment as per market price.,Sahamati/account-aggregator-standards + specifications.rebit.org.in
AA (Account Aggregator),infrastructure_investment_trusts,Account.Transactions.Transaction,totalCharge,attribute,float,,,yes,"Total charges includes finance charge, STT or other taxes/charge implied on investment.",Sahamati/account-aggregator-standards + specifications.rebit.org.in
AA (Account Aggregator),infrastructure_investment_trusts,Account.Transactions.Transaction,otherCharges,attribute,float,,,yes,Other charge applied on the investment if applicable.,Sahamati/account-aggregator-standards + specifications.rebit.org.in
AA (Account Aggregator),insurance_policies,Account,type,attribute,string,,,yes,,Sahamati/account-aggregator-standards + specifications.rebit.org.in
AA (Account Aggregator),insurance_policies,Account,maskedAccNumber,attribute,string,,,yes,,Sahamati/account-aggregator-standards + specifications.rebit.org.in
AA (Account Aggregator),insurance_policies,Account,version,attribute,float,,,yes,,Sahamati/account-aggregator-standards + specifications.rebit.org.in
AA (Account Aggregator),insurance_policies,Account,linkedAccRef,attribute,string,,,yes,,Sahamati/account-aggregator-standards + specifications.rebit.org.in
AA (Account Aggregator),insurance_policies,Account.Profile.Holders,type,attribute,string,SINGLE|JOINT,,yes,,Sahamati/account-aggregator-standards + specifications.rebit.org.in
AA (Account Aggregator),insurance_policies,Account.Profile.Holders.Holder,rank,attribute,string,1|2,,yes,,Sahamati/account-aggregator-standards + specifications.rebit.org.in
AA (Account Aggregator),insurance_policies,Account.Profile.Holders.Holder,name,attribute,string,,,yes,Name of primary holder operating the account,Sahamati/account-aggregator-standards + specifications.rebit.org.in
AA (Account Aggregator),insurance_policies,Account.Profile.Holders.Holder,dob,attribute,date,,,yes,Date of birth of primary account holder,Sahamati/account-aggregator-standards + specifications.rebit.org.in
AA (Account Aggregator),insurance_policies,Account.Profile.Holders.Holder,mobile,attribute,string,,,yes,Primary mobile number of account holder,Sahamati/account-aggregator-standards + specifications.rebit.org.in
AA (Account Aggregator),insurance_policies,Account.Profile.Holders.Holder,landline,attribute,string,,,no,Landline number of account holder,Sahamati/account-aggregator-standards + specifications.rebit.org.in
AA (Account Aggregator),insurance_policies,Account.Profile.Holders.Holder,address,attribute,string,,,no,Address of account holder,Sahamati/account-aggregator-standards + specifications.rebit.org.in
AA (Account Aggregator),insurance_policies,Account.Profile.Holders.Holder,email,attribute,string,,[^@]+@[^\.]+\..+,yes,Email ID of primary account holder,Sahamati/account-aggregator-standards + specifications.rebit.org.in
AA (Account Aggregator),insurance_policies,Account.Profile.Holders.Holder,pan,attribute,string,,[a-zA-Z][a-zA-Z][a-zA-Z][a-zA-Z][a-zA-Z][0-9][0-9][0-9][0-9][a-zA-Z],no,PAN number of primary account holder,Sahamati/account-aggregator-standards + specifications.rebit.org.in
AA (Account Aggregator),insurance_policies,Account.Profile.Holders.Holder,ckycCompliance,attribute,boolean,,,no,KYC status whether its completed or pending,Sahamati/account-aggregator-standards + specifications.rebit.org.in
AA (Account Aggregator),insurance_policies,Account.Profile.Holders.Holder,nominee,attribute,string,REGISTERED|NOT-REGISTERED,,yes,Name of nominee associated with the account,Sahamati/account-aggregator-standards + specifications.rebit.org.in
AA (Account Aggregator),insurance_policies,Account.Profile.Riders.Rider,riderType,attribute,string,,,yes,"Type of Insurance Rider if present. E.g., Accidental death rider, waiver of premium, etc.",Sahamati/account-aggregator-standards + specifications.rebit.org.in
AA (Account Aggregator),insurance_policies,Account.Profile.Riders.Rider,sumAssured,attribute,string,,,yes,"The amount that the insurer agrees to pay on the occurrence of an event. E.g., the guaranteed amount that the beneficiary of the life insurance policy will receive in case of the holder's death.",Sahamati/account-aggregator-standards + specifications.rebit.org.in
AA (Account Aggregator),insurance_policies,Account.Profile.Riders.Rider,tenureYears,attribute,string,,,yes,The duration in years for which the policy provides insurance coverage.,Sahamati/account-aggregator-standards + specifications.rebit.org.in
AA (Account Aggregator),insurance_policies,Account.Profile.Riders.Rider,tenureMonths,attribute,string,,,yes,The duration in months for which the policy provides insurance coverage,Sahamati/account-aggregator-standards + specifications.rebit.org.in
AA (Account Aggregator),insurance_policies,Account.Profile.Riders.Rider,premiumAmount,attribute,string,,,yes,The amount paid periodically to the insurer by the holder for covering the risk.,Sahamati/account-aggregator-standards + specifications.rebit.org.in
AA (Account Aggregator),insurance_policies,Account.Profile.Riders.Rider,policyStartDate,attribute,date,,,yes,Start date of policy mentioned at the time of issuing,Sahamati/account-aggregator-standards + specifications.rebit.org.in
AA (Account Aggregator),insurance_policies,Account.Profile.Riders.Rider,policyEndDate,attribute,date,,,yes,Date of policy when it will get expired.,Sahamati/account-aggregator-standards + specifications.rebit.org.in
AA (Account Aggregator),insurance_policies,Account.Summary,policyName,attribute,string,,,yes,Name of policy which is purchased,Sahamati/account-aggregator-standards + specifications.rebit.org.in
AA (Account Aggregator),insurance_policies,Account.Summary,policyNumber,attribute,string,,,yes,Policy Number alloted or assigned,Sahamati/account-aggregator-standards + specifications.rebit.org.in
AA (Account Aggregator),insurance_policies,Account.Summary,eiaNumber,attribute,string,,,yes,e-Insurance Account or Electronic Insurance Account number,Sahamati/account-aggregator-standards + specifications.rebit.org.in
AA (Account Aggregator),insurance_policies,Account.Summary,policyDescription,attribute,string,,,no,Description of policy,Sahamati/account-aggregator-standards + specifications.rebit.org.in
AA (Account Aggregator),insurance_policies,Account.Summary,sumAssured,attribute,float,,,yes,Amount or value of insurance,Sahamati/account-aggregator-standards + specifications.rebit.org.in
AA (Account Aggregator),insurance_policies,Account.Summary,coverAmount,attribute,float,,,yes,Amount or value of cover in insurance,Sahamati/account-aggregator-standards + specifications.rebit.org.in
AA (Account Aggregator),insurance_policies,Account.Summary,tenureMonths,attribute,string,,,yes,Months which are passed since investment made,Sahamati/account-aggregator-standards + specifications.rebit.org.in
AA (Account Aggregator),insurance_policies,Account.Summary,tenureYears,attribute,string,,,yes,Years which are passed since investment made,Sahamati/account-aggregator-standards + specifications.rebit.org.in
AA (Account Aggregator),insurance_policies,Account.Summary,premiumAmount,attribute,float,,,yes,Premium amount to be paid for the policy,Sahamati/account-aggregator-standards + specifications.rebit.org.in
AA (Account Aggregator),insurance_policies,Account.Summary,policyStartDate,attribute,date,,,yes,Date since when policy is valid or stated,Sahamati/account-aggregator-standards + specifications.rebit.org.in
AA (Account Aggregator),insurance_policies,Account.Summary,policyExpiryDate,attribute,date,,,no,,Sahamati/account-aggregator-standards + specifications.rebit.org.in
AA (Account Aggregator),insurance_policies,Account.Summary,policyType,attribute,string,TERM|ENDOWMENT|MONEYBACK|PENSION_PLAN|WHOLE_LIFE|CHILDREN_PLAN|LOAN_COVER_TERM|COMPREHENSIVE|THIRD_PARTY|OTHERS,,yes,"The specific type of Insurance Life, Motor or Health Insurance. E.g Child's Plan",Sahamati/account-aggregator-standards + specifications.rebit.org.in
AA (Account Aggregator),insurance_policies,Account.Summary,coverType,attribute,string,TERM_ROP|CRITICAL_ILLNESS|HEALTH|SELF|FAMILY|BUILDING|CONTENTS|OTHERS,,yes,"The specific risk types covered by the Insurance. E.g., Home insurance might cover Home Structure/ Building or Burglary/Theft, etc.",Sahamati/account-aggregator-standards + specifications.rebit.org.in
AA (Account Aggregator),insurance_policies,Account.Summary,premiumFrequency,attribute,string,MONTHLY|QUARTELY|HALF_YEARLY|YEARLY|ONE_TIME,,yes,"Frequnecy of premium to be paid whether monthly, quarterly or annually",Sahamati/account-aggregator-standards + specifications.rebit.org.in
AA (Account Aggregator),insurance_policies,Account.Summary,premiumPaymentYears,attribute,positiveInteger,,,yes,Number of year till when premium is require to pay.,Sahamati/account-aggregator-standards + specifications.rebit.org.in
AA (Account Aggregator),insurance_policies,Account.Summary,premiumPaymentMonths,attribute,positiveInteger,,,yes,Number of month till when premium is require to pay,Sahamati/account-aggregator-standards + specifications.rebit.org.in
AA (Account Aggregator),insurance_policies,Account.Summary,nextPremiumDueDate,attribute,date,,,no,,Sahamati/account-aggregator-standards + specifications.rebit.org.in
AA (Account Aggregator),insurance_policies,Account.Summary,maturityDate,attribute,date,,,yes,Date of maturity for investment,Sahamati/account-aggregator-standards + specifications.rebit.org.in
AA (Account Aggregator),insurance_policies,Account.Summary,maturityBenefit,attribute,string,,,yes,The lump-sum amount the insurance company pay the holder after the maturity of insurance policy.,Sahamati/account-aggregator-standards + specifications.rebit.org.in
AA (Account Aggregator),insurance_policies,Account.Summary.MoneyBacks.MoneyBack,date,attribute,date,,,yes,Start date of policy,Sahamati/account-aggregator-standards + specifications.rebit.org.in
AA (Account Aggregator),insurance_policies,Account.Summary.MoneyBacks.MoneyBack,amount,attribute,float,,,yes,,Sahamati/account-aggregator-standards + specifications.rebit.org.in
AA (Account Aggregator),insurance_policies,Account.Summary.MoneyBacks.MoneyBack,description,attribute,string,,,yes,Description or details of security in which investment made,Sahamati/account-aggregator-standards + specifications.rebit.org.in
AA (Account Aggregator),insurance_policies,Account.Summary.ContractClauses.ContractClause,title,attribute,string,,,yes,In case of Title insurance whether it is Lender's or Owner's Title insurance,Sahamati/account-aggregator-standards + specifications.rebit.org.in
AA (Account Aggregator),insurance_policies,Account.Summary.ContractClauses.ContractClause,subLimit,attribute,string,,,yes,The amount of coverage available to cover a specific type of loss,Sahamati/account-aggregator-standards + specifications.rebit.org.in
AA (Account Aggregator),insurance_policies,Account.Summary.ContractClauses.ContractClause,conditions,attribute,string,,,yes,"The specific provisions, rules of conduct, duties, and obligations that the holder must comply with in order to keep coverage in effect. If these conditions are not met, the insurer can deny the claim.",Sahamati/account-aggregator-standards + specifications.rebit.org.in
AA (Account Aggregator),insurance_policies,Account.Summary.ContractClauses.ContractClause,exlcusions,attribute,string,,,yes,The risk(s) excluded from the insurance policy coverage,Sahamati/account-aggregator-standards + specifications.rebit.org.in
AA (Account Aggregator),insurance_policies,Account.Summary.ContractClauses.ContractClause,amount,attribute,float,,,yes,,Sahamati/account-aggregator-standards + specifications.rebit.org.in
AA (Account Aggregator),insurance_policies,Account.Summary.ContractClauses.ContractClause,description,attribute,string,,,yes,Description or details of security in which investment made,Sahamati/account-aggregator-standards + specifications.rebit.org.in
AA (Account Aggregator),insurance_policies,Account.Summary.Covers.Cover,amount,attribute,float,,,yes,,Sahamati/account-aggregator-standards + specifications.rebit.org.in
AA (Account Aggregator),insurance_policies,Account.Summary.Covers.Cover,description,attribute,string,,,yes,Description or details of security in which investment made,Sahamati/account-aggregator-standards + specifications.rebit.org.in
AA (Account Aggregator),insurance_policies,Account.Transactions,startDate,attribute,date,,,yes,Start date of investment since when it is applicable,Sahamati/account-aggregator-standards + specifications.rebit.org.in
AA (Account Aggregator),insurance_policies,Account.Transactions,endDate,attribute,date,,,yes,End date of investment when tenure get complete,Sahamati/account-aggregator-standards + specifications.rebit.org.in
AA (Account Aggregator),insurance_policies,Account.Transactions.Transaction,txnId,attribute,string,,,yes,Transaction ID recorded or captured for investment made,Sahamati/account-aggregator-standards + specifications.rebit.org.in
AA (Account Aggregator),insurance_policies,Account.Transactions.Transaction,txnDate,attribute,date,,,yes,Transaction date time stamp for particular record when investment taken place,Sahamati/account-aggregator-standards + specifications.rebit.org.in
AA (Account Aggregator),insurance_policies,Account.Transactions.Transaction,narration,attribute,string,,,yes,Nararation is additional details in form of decription of remark associated with investment,Sahamati/account-aggregator-standards + specifications.rebit.org.in
AA (Account Aggregator),insurance_policies,Account.Transactions.Transaction,type,attribute,string,PREMIUM_PAYMENT|BONUS|MONEY_BACK|LATE_FEES|FINAL_SETTLEMENT|CLAIM|PLAN_CHANGE|INSURANCE_RENEWWAL|OTHERS,,yes,"Transaction type; may be payment, charge adjustment or credit adjustment",Sahamati/account-aggregator-standards + specifications.rebit.org.in
AA (Account Aggregator),insurance_policies,Account.Transactions.Transaction,amount,attribute,float,,,yes,The transaction amount,Sahamati/account-aggregator-standards + specifications.rebit.org.in
AA (Account Aggregator),life_insurance,Account,type,attribute,string,,,yes,,Sahamati/account-aggregator-standards + specifications.rebit.org.in
AA (Account Aggregator),life_insurance,Account,linkedAccRef,attribute,string,,,yes,,Sahamati/account-aggregator-standards + specifications.rebit.org.in
AA (Account Aggregator),life_insurance,Account,version,attribute,string,1.0.0,,yes,,Sahamati/account-aggregator-standards + specifications.rebit.org.in
AA (Account Aggregator),life_insurance,Account,maskedPolicyNumber,attribute,string,,,yes,A unique number that an insurance company uses to identify a policyholder.,Sahamati/account-aggregator-standards + specifications.rebit.org.in
AA (Account Aggregator),life_insurance,Account.Profile.Holders.Holder,name,attribute,string,,,yes,Name of the policyholder.,Sahamati/account-aggregator-standards + specifications.rebit.org.in
AA (Account Aggregator),life_insurance,Account.Summary,policyType,attribute,string,TERM|ENDOWMENT|PARTICIPATING|NON_PARTICIPATING|PROTECTION|ULIP|ANNUITY|RETIREMENT|OTHER,,yes,Type of the policy.,Sahamati/account-aggregator-standards + specifications.rebit.org.in
AA (Account Aggregator),life_insurance,Account.Summary,policyStatus,attribute,string,ACTIVE|INACTIVE,,yes,"Status of the policy whether ""Active"" or ""Inactive"".",Sahamati/account-aggregator-standards + specifications.rebit.org.in
AA (Account Aggregator),life_insurance,Account.Summary,sumAssured,attribute,float,,,yes,Fixed amount that the insurer pays to the policyholder in case of an eventuality.,Sahamati/account-aggregator-standards + specifications.rebit.org.in
AA (Account Aggregator),life_insurance,Account.Summary,tenureYears,attribute,string,,,yes,The duration in years for which the policy provides insurance coverage.,Sahamati/account-aggregator-standards + specifications.rebit.org.in
AA (Account Aggregator),life_insurance,Account.Summary,premiumPaymentYears,attribute,positiveInteger,,,yes,Number of years till when premium is required to be paid.,Sahamati/account-aggregator-standards + specifications.rebit.org.in
AA (Account Aggregator),life_insurance,Account.Summary,premiumAmount,attribute,float,,,yes,The amount paid periodically to the insurer by the policyholder for covering the risk.,Sahamati/account-aggregator-standards + specifications.rebit.org.in
AA (Account Aggregator),life_insurance,Account.Summary,premiumFrequency,attribute,string,MONTHLY|QUARTERLY|HALF_YEARLY|ANNUALLY,,yes,"Frequency of premium to be paid whether monthly, quarterly, half-yearly or annually.",Sahamati/account-aggregator-standards + specifications.rebit.org.in
AA (Account Aggregator),life_insurance,Account.Summary,policyLoanStatus,attribute,string,OPTED|NOT_OPTED,,yes,Status whether loan is opted on the policy or not.,Sahamati/account-aggregator-standards + specifications.rebit.org.in
AA (Account Aggregator),life_insurance,Account.Summary,currentValue,attribute,float,,,yes,Current market value of the investment.,Sahamati/account-aggregator-standards + specifications.rebit.org.in
AA (Account Aggregator),life_insurance,Account.Summary,assignment,attribute,string,YES|NO,,yes,Whether the policy has been assigned or not.,Sahamati/account-aggregator-standards + specifications.rebit.org.in
AA (Account Aggregator),life_insurance,Account.Summary,surrenderValue,attribute,float,,,yes,Surrender value as on date.,Sahamati/account-aggregator-standards + specifications.rebit.org.in
AA (Account Aggregator),life_insurance,Account.Summary,exclusions,attribute,string,,,yes,"Exclusions in policy, if any.",Sahamati/account-aggregator-standards + specifications.rebit.org.in
AA (Account Aggregator),life_insurance,Account.Transactions,Transaction,element,,,,no,,Sahamati/account-aggregator-standards + specifications.rebit.org.in
AA (Account Aggregator),mutual_funds,Account,linkedAccRef,attribute,string,,,yes,,Sahamati/account-aggregator-standards + specifications.rebit.org.in
AA (Account Aggregator),mutual_funds,Account,maskedAccNumber,attribute,string,,,yes,,Sahamati/account-aggregator-standards + specifications.rebit.org.in
AA (Account Aggregator),mutual_funds,Account,version,attribute,float,,,yes,,Sahamati/account-aggregator-standards + specifications.rebit.org.in
AA (Account Aggregator),mutual_funds,Account,type,attribute,string,,,yes,,Sahamati/account-aggregator-standards + specifications.rebit.org.in
AA (Account Aggregator),mutual_funds,Account.Profile.Holders.Holder,name,attribute,string,,,yes,Name of primary holder operating the account.,Sahamati/account-aggregator-standards + specifications.rebit.org.in
AA (Account Aggregator),mutual_funds,Account.Profile.Holders.Holder,dob,attribute,date,,,yes,Date of birth of primary account holder,Sahamati/account-aggregator-standards + specifications.rebit.org.in
AA (Account Aggregator),mutual_funds,Account.Profile.Holders.Holder,mobile,attribute,integer,,,yes,Primary mobile number of account holder,Sahamati/account-aggregator-standards + specifications.rebit.org.in
AA (Account Aggregator),mutual_funds,Account.Profile.Holders.Holder,nominee,attribute,string,REGISTERED|NOT-REGISTERED,,yes,Name of nominee associated with the account.,Sahamati/account-aggregator-standards + specifications.rebit.org.in
AA (Account Aggregator),mutual_funds,Account.Profile.Holders.Holder,dematId,attribute,string,,,yes,Demat ID assigned or issued to investor,Sahamati/account-aggregator-standards + specifications.rebit.org.in
AA (Account Aggregator),mutual_funds,Account.Profile.Holders.Holder,landline,attribute,string,,,no,Landline number of account holder.,Sahamati/account-aggregator-standards + specifications.rebit.org.in
AA (Account Aggregator),mutual_funds,Account.Profile.Holders.Holder,address,attribute,string,,,no,Address of account holder.,Sahamati/account-aggregator-standards + specifications.rebit.org.in
AA (Account Aggregator),mutual_funds,Account.Profile.Holders.Holder,email,attribute,string,,[^@]+@[^\.]+\..+,yes,Email ID of primary account holder.,Sahamati/account-aggregator-standards + specifications.rebit.org.in
AA (Account Aggregator),mutual_funds,Account.Profile.Holders.Holder,pan,attribute,string,,[a-zA-Z][a-zA-Z][a-zA-Z][a-zA-Z][a-zA-Z][0-9][0-9][0-9][0-9][a-zA-Z],yes,PAN number of primary account holder,Sahamati/account-aggregator-standards + specifications.rebit.org.in
AA (Account Aggregator),mutual_funds,Account.Profile.Holders.Holder,ckycCompliance,attribute,boolean,,,yes,KYC status whether its completed or pending.,Sahamati/account-aggregator-standards + specifications.rebit.org.in
AA (Account Aggregator),mutual_funds,Account.Summary,investmentValue,attribute,float,,,yes,Principal or Actual amount of investment.,Sahamati/account-aggregator-standards + specifications.rebit.org.in
AA (Account Aggregator),mutual_funds,Account.Summary,currentValue,attribute,float,,,yes,Current value of investment as on date.,Sahamati/account-aggregator-standards + specifications.rebit.org.in
AA (Account Aggregator),mutual_funds,Account.Summary.Investment.Holdings.Holding,amc,attribute,string,,,yes,Name of asset management company associated with investment,Sahamati/account-aggregator-standards + specifications.rebit.org.in
AA (Account Aggregator),mutual_funds,Account.Summary.Investment.Holdings.Holding,registrar,attribute,string,,,yes,Trust or institution registering and maintaining the detailed records of the transactions of investors for the convenience of mutual fund houses. E.g. CAMS/KARVY,Sahamati/account-aggregator-standards + specifications.rebit.org.in
AA (Account Aggregator),mutual_funds,Account.Summary.Investment.Holdings.Holding,schemeCode,attribute,string,,,yes,Code of scheme choosen by person for the investment,Sahamati/account-aggregator-standards + specifications.rebit.org.in
AA (Account Aggregator),mutual_funds,Account.Summary.Investment.Holdings.Holding,isin,attribute,string,,,yes,International Securities Identification Number (ISIN) uniquely identifies a security.,Sahamati/account-aggregator-standards + specifications.rebit.org.in
AA (Account Aggregator),mutual_funds,Account.Summary.Investment.Holdings.Holding,ucc,attribute,string,,,yes,Unique Client Code generated by Stock Exchanges.,Sahamati/account-aggregator-standards + specifications.rebit.org.in
AA (Account Aggregator),mutual_funds,Account.Summary.Investment.Holdings.Holding,amfiCode,attribute,string,,,yes,AMFI code associated with investment made.,Sahamati/account-aggregator-standards + specifications.rebit.org.in
AA (Account Aggregator),mutual_funds,Account.Summary.Investment.Holdings.Holding,folioNo,attribute,string,,,yes,Unique folio number associated with investment.,Sahamati/account-aggregator-standards + specifications.rebit.org.in
AA (Account Aggregator),mutual_funds,Account.Summary.Investment.Holdings.Holding,dividendType,attribute,string,,,yes,"May be Cash, Stock, Property, Scrip or Liquidating.",Sahamati/account-aggregator-standards + specifications.rebit.org.in
AA (Account Aggregator),mutual_funds,Account.Summary.Investment.Holdings.Holding,FatcaStatus,attribute,string,,,yes,Whether the Mutual Fund is FATCA (Foreign Account Tax Compliance Act) compliant - Yes/No.,Sahamati/account-aggregator-standards + specifications.rebit.org.in
AA (Account Aggregator),mutual_funds,Account.Summary.Investment.Holdings.Holding,mode,attribute,string,DEMAT|PHYSICAL,,yes,Mode of investment whether it one time or SIP.,Sahamati/account-aggregator-standards + specifications.rebit.org.in
AA (Account Aggregator),mutual_funds,Account.Summary.Investment.Holdings.Holding,units,attribute,string,,,yes,Units allotted in folio till date,Sahamati/account-aggregator-standards + specifications.rebit.org.in
AA (Account Aggregator),mutual_funds,Account.Summary.Investment.Holdings.Holding,closingUnits,attribute,string,,,yes,,Sahamati/account-aggregator-standards + specifications.rebit.org.in
AA (Account Aggregator),mutual_funds,Account.Summary.Investment.Holdings.Holding,lienUnits,attribute,string,,,yes,The number of units which have been marked as Lien (Mutual fund units pledged against some borrowed amount).,Sahamati/account-aggregator-standards + specifications.rebit.org.in
AA (Account Aggregator),mutual_funds,Account.Summary.Investment.Holdings.Holding,rate,attribute,string,,,yes,"Rate at which it was bought, in case of multiple transaction, the rate will be the average buy price",Sahamati/account-aggregator-standards + specifications.rebit.org.in
AA (Account Aggregator),mutual_funds,Account.Summary.Investment.Holdings.Holding,nav,attribute,string,,,yes,NAV is current market rate of security held as on date,Sahamati/account-aggregator-standards + specifications.rebit.org.in
AA (Account Aggregator),mutual_funds,Account.Summary.Investment.Holdings.Holding,lockingUnits,attribute,string,,,yes,Units which are locked and not available for sale,Sahamati/account-aggregator-standards + specifications.rebit.org.in
AA (Account Aggregator),mutual_funds,Account.Transactions,startDate,attribute,date,,,yes,Start date of investment since when it is applicable,Sahamati/account-aggregator-standards + specifications.rebit.org.in
AA (Account Aggregator),mutual_funds,Account.Transactions,endDate,attribute,date,,,yes,End date of investment when tenure get complete,Sahamati/account-aggregator-standards + specifications.rebit.org.in
AA (Account Aggregator),mutual_funds,Account.Transactions.Transaction,txnId,attribute,string,,,yes,Transaction ID recorded or captured for investment made.,Sahamati/account-aggregator-standards + specifications.rebit.org.in
AA (Account Aggregator),mutual_funds,Account.Transactions.Transaction,amc,attribute,string,,,yes,Assset Management company which is operating the fun.,Sahamati/account-aggregator-standards + specifications.rebit.org.in
AA (Account Aggregator),mutual_funds,Account.Transactions.Transaction,registrar,attribute,string,,,yes,Trust or institution registering and maintaining the detailed record of the given transaction. E.g. CAMS/KARVY.,Sahamati/account-aggregator-standards + specifications.rebit.org.in
AA (Account Aggregator),mutual_funds,Account.Transactions.Transaction,schemeCode,attribute,string,,,yes,Code of scheme choosen by person for the investment.,Sahamati/account-aggregator-standards + specifications.rebit.org.in
AA (Account Aggregator),mutual_funds,Account.Transactions.Transaction,schemePlan,attribute,string,DIRECT|REGULAR,,yes,"It defines the options to buy the same mutual fund scheme, run by the same fund managers who invest in the same stocks and bonds.",Sahamati/account-aggregator-standards + specifications.rebit.org.in
AA (Account Aggregator),mutual_funds,Account.Transactions.Transaction,isin,attribute,string,,,yes,International Securities Identification Number (ISIN) uniquely identifies a security.,Sahamati/account-aggregator-standards + specifications.rebit.org.in
AA (Account Aggregator),mutual_funds,Account.Transactions.Transaction,amfiCode,attribute,string,,,yes,AMFI code associated with investment made.,Sahamati/account-aggregator-standards + specifications.rebit.org.in
AA (Account Aggregator),mutual_funds,Account.Transactions.Transaction,fundType,attribute,string,EQUITY|DEBT|HYBRID|SOLUTION_ORIENTED_SCHEMES|OTHERS,,yes,"The type of mutual fund. May be money market funds, fixed income funds, equity funds, balanced funds, index funds or real estate funds.",Sahamati/account-aggregator-standards + specifications.rebit.org.in
AA (Account Aggregator),mutual_funds,Account.Transactions.Transaction,schemeOption,attribute,string,REINVEST|PAYOUT|GROWTH_TYPE,,yes,,Sahamati/account-aggregator-standards + specifications.rebit.org.in
AA (Account Aggregator),mutual_funds,Account.Transactions.Transaction,schemeTypes,attribute,string,EQUITY_SCHEMES|DEBT_SCHEMES|HYBRID_SCHEMES|SOLUTION_ORIENTED_SCHEMES|OTHER_SCHEMES,,yes,Please refer: https://www.sebi.gov.in/legal/circulars/oct-2017/categorization-and-rationalization-of-mutual-fund-schemes_36199.html,Sahamati/account-aggregator-standards + specifications.rebit.org.in
AA (Account Aggregator),mutual_funds,Account.Transactions.Transaction,schemeCategory,attribute,string,MULTI_CAP_FUND|LARGE_CAP_FUND|LARGE_and_MID_CAP_FUND|MIDCAP_FUND|SMALL_CAP_FUND|DIVIDEND_YIELD_FUND|VALUE_FUND|CONTRA_FUND|FOCUSED_FUND|SECTORAL_OR_THEMATIC|ELSS|OVERNIGHT_FUND|LIQUID_FUND|ULTRA_SHORT_DURATION_FUND|LOW_DURATION_FUND|MONEY_MARKET_FUND|SHORT_DURATION_FUND|MEDIUM_DURATION_FUND|MEDIUM_TO _LONG_DURATION_FUND|LONG_DURATION_FUND|DYNAMIC_BOND|CORPORATE_BOND_FUND|CREDIT_RISK_FUND|BANKING_AND_PSU_FUND|GILT_FUND|GILT_FUND_WITH_10_YEAR_CONSTANT_DURATION|FLOATER_FUND|CONSERVATIVE_HYBRID_FUND|BALANCED_HYBRID_FUND|AGGRESSIVE_HYBRID_FUND|DYNAMIC_ASSET_ALLOCATION_OR_BALANCED_ADVANTAGE|MULTI_ASSET_ALLOCATION|ARBITRAGE_FUND|EQUITY_SAVINGS|RETIREMENT_FUND|CHILDREN’S_FUND|INDEX_FUNDS_OR_ETFS|FOFS_OVERSEAS_OR_DOMESTIC,,yes,Please refer: https://www.sebi.gov.in/legal/circulars/oct-2017/categorization-and-rationalization-of-mutual-fund-schemes_36199.html,Sahamati/account-aggregator-standards + specifications.rebit.org.in
AA (Account Aggregator),mutual_funds,Account.Transactions.Transaction,ucc,attribute,string,,,yes,Unique Client Code generated by Stock Exchanges for the given transaction.,Sahamati/account-aggregator-standards + specifications.rebit.org.in
AA (Account Aggregator),mutual_funds,Account.Transactions.Transaction,amount,attribute,string,,,yes,The transaction amount.,Sahamati/account-aggregator-standards + specifications.rebit.org.in
AA (Account Aggregator),mutual_funds,Account.Transactions.Transaction,closingUnits,attribute,string,,,yes,,Sahamati/account-aggregator-standards + specifications.rebit.org.in
AA (Account Aggregator),mutual_funds,Account.Transactions.Transaction,lienUnits,attribute,string,,,yes,The number of units which have been marked as Lien (Mutual fund units pledged against some borrowed amount),Sahamati/account-aggregator-standards + specifications.rebit.org.in
AA (Account Aggregator),mutual_funds,Account.Transactions.Transaction,nav,attribute,string,,,yes,NAV is current market rate of security held as on date.,Sahamati/account-aggregator-standards + specifications.rebit.org.in
AA (Account Aggregator),mutual_funds,Account.Transactions.Transaction,navDate,attribute,date,,,yes,NAV is current market rate of security held as on date.,Sahamati/account-aggregator-standards + specifications.rebit.org.in
AA (Account Aggregator),mutual_funds,Account.Transactions.Transaction,type,attribute,string,BUY|SELL|OTHERS,,yes,Transaction type may be BUY or SELL.,Sahamati/account-aggregator-standards + specifications.rebit.org.in
AA (Account Aggregator),mutual_funds,Account.Transactions.Transaction,orderDate,attribute,date,,,yes,Date when order is placed for investment.,Sahamati/account-aggregator-standards + specifications.rebit.org.in
AA (Account Aggregator),mutual_funds,Account.Transactions.Transaction,executionDate,attribute,date,,,yes,Date when order is executed.,Sahamati/account-aggregator-standards + specifications.rebit.org.in
AA (Account Aggregator),mutual_funds,Account.Transactions.Transaction,lock-inFlag,attribute,string,,,yes,Flag which identify units which are locked and not available for sale.,Sahamati/account-aggregator-standards + specifications.rebit.org.in
AA (Account Aggregator),mutual_funds,Account.Transactions.Transaction,lock-inDays,attribute,string,,,yes,Units which are locked and not available for sale.,Sahamati/account-aggregator-standards + specifications.rebit.org.in
AA (Account Aggregator),mutual_funds,Account.Transactions.Transaction,mode,attribute,string,DEMAT|PHYSICAL,,yes,"Mode of transaction. May be DEMAT,NEFT,Net banking, etc.",Sahamati/account-aggregator-standards + specifications.rebit.org.in
AA (Account Aggregator),mutual_funds,Account.Transactions.Transaction,narration,attribute,string,,,yes,Nararation is additional details in form of decription of remark associated with investment.,Sahamati/account-aggregator-standards + specifications.rebit.org.in
AA (Account Aggregator),national_pension_system,Account,maskedAccNumber,attribute,string,,,yes,,Sahamati/account-aggregator-standards + specifications.rebit.org.in
AA (Account Aggregator),national_pension_system,Account,version,attribute,float,,,yes,,Sahamati/account-aggregator-standards + specifications.rebit.org.in
AA (Account Aggregator),national_pension_system,Account,linkedAccRef,attribute,string,,,yes,,Sahamati/account-aggregator-standards + specifications.rebit.org.in
AA (Account Aggregator),national_pension_system,Account,type,attribute,string,,,yes,,Sahamati/account-aggregator-standards + specifications.rebit.org.in
AA (Account Aggregator),national_pension_system,Account.Profile.Holders.Holder,name,attribute,string,,,yes,Name of primary holder operating the account,Sahamati/account-aggregator-standards + specifications.rebit.org.in
AA (Account Aggregator),national_pension_system,Account.Profile.Holders.Holder,dob,attribute,date,,,yes,Date of birth of primary account holder,Sahamati/account-aggregator-standards + specifications.rebit.org.in
AA (Account Aggregator),national_pension_system,Account.Profile.Holders.Holder,mobile,attribute,integer,,,yes,Primary mobile number of account holder,Sahamati/account-aggregator-standards + specifications.rebit.org.in
AA (Account Aggregator),national_pension_system,Account.Profile.Holders.Holder,nominee,attribute,string,REGISTERED|NOT-REGISTERED,,yes,Name of nominee associated with the account,Sahamati/account-aggregator-standards + specifications.rebit.org.in
AA (Account Aggregator),national_pension_system,Account.Profile.Holders.Holder,pranId,attribute,string,,,yes,,Sahamati/account-aggregator-standards + specifications.rebit.org.in
AA (Account Aggregator),national_pension_system,Account.Profile.Holders.Holder,landline,attribute,string,,,no,Landline number of account holder,Sahamati/account-aggregator-standards + specifications.rebit.org.in
AA (Account Aggregator),national_pension_system,Account.Profile.Holders.Holder,address,attribute,string,,,no,Address of account holder,Sahamati/account-aggregator-standards + specifications.rebit.org.in
AA (Account Aggregator),national_pension_system,Account.Profile.Holders.Holder,email,attribute,string,,[^@]+@[^\.]+\..+,yes,Email id of account holder,Sahamati/account-aggregator-standards + specifications.rebit.org.in
AA (Account Aggregator),national_pension_system,Account.Profile.Holders.Holder,pan,attribute,string,,[a-zA-Z][a-zA-Z][a-zA-Z][a-zA-Z][a-zA-Z][0-9][0-9][0-9][0-9][a-zA-Z],yes,PAN number of primary account holder,Sahamati/account-aggregator-standards + specifications.rebit.org.in
AA (Account Aggregator),national_pension_system,Account.Profile.Holders.Holder,ckycCompliance,attribute,boolean,,,yes,KYC status whether its completed or pending,Sahamati/account-aggregator-standards + specifications.rebit.org.in
AA (Account Aggregator),national_pension_system,Account.Summary,openingDate,attribute,date,,,yes,Date of account opening and intial investment made.,Sahamati/account-aggregator-standards + specifications.rebit.org.in
AA (Account Aggregator),national_pension_system,Account.Summary,currentValue,attribute,float,,,yes,Current value of investment as on date.,Sahamati/account-aggregator-standards + specifications.rebit.org.in
AA (Account Aggregator),national_pension_system,Account.Summary,status,attribute,string,ACTIVE|DEACTIVATED,,yes,"Status of the account whther active, inactive, dormant or any other.",Sahamati/account-aggregator-standards + specifications.rebit.org.in
AA (Account Aggregator),national_pension_system,Account.Summary,tier1Status,attribute,string,ACTIVE|DEACTIVATED|FROZEN,,yes,"Status of fund whether its active, inactive or dormant.",Sahamati/account-aggregator-standards + specifications.rebit.org.in
AA (Account Aggregator),national_pension_system,Account.Summary,tier2NAVDate,attribute,date,,,yes,Net assets value of fund in which investment made as part of tier2 NPS investment.,Sahamati/account-aggregator-standards + specifications.rebit.org.in
AA (Account Aggregator),national_pension_system,Account.Summary,tier2Status,attribute,string,ACTIVE|FROZEN|DEACTIVATED|NA,,yes,"Status of fund whether its active, inactive or dormant.",Sahamati/account-aggregator-standards + specifications.rebit.org.in
AA (Account Aggregator),national_pension_system,Account.Summary,tier1NAVDate,attribute,date,,,yes,Net assets value of fund in which investment made as part of tier1 NPS investment.,Sahamati/account-aggregator-standards + specifications.rebit.org.in
AA (Account Aggregator),national_pension_system,Account.Summary,debtAssetValue,attribute,float,,,yes,Amount or Value of investment made in debt instrument of NPS scheme.,Sahamati/account-aggregator-standards + specifications.rebit.org.in
AA (Account Aggregator),national_pension_system,Account.Summary,equityAssetValue,attribute,float,,,yes,Amount or Value of investment made in equity instrument of NPS scheme.,Sahamati/account-aggregator-standards + specifications.rebit.org.in
AA (Account Aggregator),national_pension_system,Account.Summary,otherAssetValue,attribute,float,,,yes,Amount or Value of investment made in other instrument of NPS scheme.,Sahamati/account-aggregator-standards + specifications.rebit.org.in
AA (Account Aggregator),national_pension_system,Account.Summary.SchemeChoices.SchemeChoice,allocationPercent,attribute,string,,,yes,"Seggragation and Percentage of units alloted in equity, debt and govt. funds",Sahamati/account-aggregator-standards + specifications.rebit.org.in
AA (Account Aggregator),national_pension_system,Account.Summary.SchemeChoices.SchemeChoice,pfmId,attribute,string,,,yes,ID of portfolio fund manager handling the account.,Sahamati/account-aggregator-standards + specifications.rebit.org.in
AA (Account Aggregator),national_pension_system,Account.Summary.SchemeChoices.SchemeChoice,pfmName,attribute,string,,,yes,Name of portfolio fund manager handling the account,Sahamati/account-aggregator-standards + specifications.rebit.org.in
AA (Account Aggregator),national_pension_system,Account.Summary.SchemeChoices.SchemeChoice,schemeId,attribute,string,,,yes,ID of scheme choosen by person for the investment.,Sahamati/account-aggregator-standards + specifications.rebit.org.in
AA (Account Aggregator),national_pension_system,Account.Summary.SchemeChoices.SchemeChoice,schemeName,attribute,string,,,yes,Name of scheme choosen by person for the investment.,Sahamati/account-aggregator-standards + specifications.rebit.org.in
AA (Account Aggregator),national_pension_system,Account.Summary.Holdings.Tier1Holdings,schemePreferenceType,attribute,string,AUTO|ACTIVE,,yes,Preference or Percentage of investor selected for investment made in various security type,Sahamati/account-aggregator-standards + specifications.rebit.org.in
AA (Account Aggregator),national_pension_system,Account.Summary.Holdings.Tier1Holdings,freeUnits,attribute,positiveInteger,,,yes,The number of units not under any transition,Sahamati/account-aggregator-standards + specifications.rebit.org.in
AA (Account Aggregator),national_pension_system,Account.Summary.Holdings.Tier1Holdings,investmentCost,attribute,float,,,yes,Principal or Actual amount of investment in Tier 1,Sahamati/account-aggregator-standards + specifications.rebit.org.in
AA (Account Aggregator),national_pension_system,Account.Summary.Holdings.Tier1Holdings,investmentValue,attribute,float,,,yes,Principal or Actual amount of investment,Sahamati/account-aggregator-standards + specifications.rebit.org.in
AA (Account Aggregator),national_pension_system,Account.Summary.Holdings.Tier1Holdings.Tier1Holding,amount,attribute,float,,,yes,Principal or Actual amount of investment in Tier1.,Sahamati/account-aggregator-standards + specifications.rebit.org.in
AA (Account Aggregator),national_pension_system,Account.Summary.Holdings.Tier1Holdings.Tier1Holding,amountInTransition,attribute,float,,,yes,The number of units blocked to complete a transition (Scheme Change/Withdrawal/Shifting request is under progress).,Sahamati/account-aggregator-standards + specifications.rebit.org.in
AA (Account Aggregator),national_pension_system,Account.Summary.Holdings.Tier1Holdings.Tier1Holding,blockedUnits,attribute,positiveInteger,,,yes,Number of units which are blocked for specific period and not available for sale,Sahamati/account-aggregator-standards + specifications.rebit.org.in
AA (Account Aggregator),national_pension_system,Account.Summary.Holdings.Tier1Holdings.Tier1Holding,freeUnits,attribute,positiveInteger,,,yes,The number of units not under any transition,Sahamati/account-aggregator-standards + specifications.rebit.org.in
AA (Account Aggregator),national_pension_system,Account.Summary.Holdings.Tier1Holdings.Tier1Holding,nav,attribute,string,,,yes,NAV is current market rate of security held as on date,Sahamati/account-aggregator-standards + specifications.rebit.org.in
AA (Account Aggregator),national_pension_system,Account.Summary.Holdings.Tier1Holdings.Tier1Holding,schemeName,attribute,string,,,yes,Name of scheme choosen by person for the investment.,Sahamati/account-aggregator-standards + specifications.rebit.org.in
AA (Account Aggregator),national_pension_system,Account.Summary.Holdings.Tier1Holdings.Tier1Holding,schemeId,attribute,string,,,yes,ID of scheme choosen by person for the investment.,Sahamati/account-aggregator-standards + specifications.rebit.org.in
AA (Account Aggregator),national_pension_system,Account.Summary.Holdings.Tier1Holdings.Tier1Holding,totalUnits,attribute,positiveInteger,,,yes,Total number of units issued to investor in the fund opted,Sahamati/account-aggregator-standards + specifications.rebit.org.in
AA (Account Aggregator),national_pension_system,Account.Summary.Holdings.Tier1Holdings.Tier1Holding,totalValueOfScheme,attribute,float,,,yes,Total combined and consolidated value of investment scheme in Tier 1.,Sahamati/account-aggregator-standards + specifications.rebit.org.in
AA (Account Aggregator),national_pension_system,Account.Summary.Holdings.Tier2Holdings,schemePreferenceType,attribute,string,AUTO|ACTIVE|NA,,yes,Preference or Percentage of investor selected for investment made in various security type,Sahamati/account-aggregator-standards + specifications.rebit.org.in
AA (Account Aggregator),national_pension_system,Account.Summary.Holdings.Tier2Holdings,freeUnits,attribute,positiveInteger,,,yes,The number of units not under any transition,Sahamati/account-aggregator-standards + specifications.rebit.org.in
AA (Account Aggregator),national_pension_system,Account.Summary.Holdings.Tier2Holdings,investmentCost,attribute,float,,,yes,Principal or Actual amount of investment in Tier 1,Sahamati/account-aggregator-standards + specifications.rebit.org.in
AA (Account Aggregator),national_pension_system,Account.Summary.Holdings.Tier2Holdings,investmentValue,attribute,float,,,yes,Principal or Actual amount of investment,Sahamati/account-aggregator-standards + specifications.rebit.org.in
AA (Account Aggregator),national_pension_system,Account.Summary.Holdings.Tier2Holdings.Tier2Holding,amount,attribute,float,,,yes,Principal or Actual amount of investment in Tier 2,Sahamati/account-aggregator-standards + specifications.rebit.org.in
AA (Account Aggregator),national_pension_system,Account.Summary.Holdings.Tier2Holdings.Tier2Holding,amountInTransition,attribute,float,,,yes,The number of units blocked to complete a transition (Scheme Change/Withdrawal/Shifting request is under progress).,Sahamati/account-aggregator-standards + specifications.rebit.org.in
AA (Account Aggregator),national_pension_system,Account.Summary.Holdings.Tier2Holdings.Tier2Holding,blockedUnits,attribute,positiveInteger,,,yes,Number of units which are blocked for specific period and not available for sale.,Sahamati/account-aggregator-standards + specifications.rebit.org.in
AA (Account Aggregator),national_pension_system,Account.Summary.Holdings.Tier2Holdings.Tier2Holding,freeUnits,attribute,positiveInteger,,,yes,The number of units not under any transition,Sahamati/account-aggregator-standards + specifications.rebit.org.in
AA (Account Aggregator),national_pension_system,Account.Summary.Holdings.Tier2Holdings.Tier2Holding,nav,attribute,string,,,yes,NAV is current market rate of security held as on date.,Sahamati/account-aggregator-standards + specifications.rebit.org.in
AA (Account Aggregator),national_pension_system,Account.Summary.Holdings.Tier2Holdings.Tier2Holding,schemeName,attribute,string,,,yes,Name of scheme choosen by person for the investment.,Sahamati/account-aggregator-standards + specifications.rebit.org.in
AA (Account Aggregator),national_pension_system,Account.Summary.Holdings.Tier2Holdings.Tier2Holding,schemeId,attribute,string,,,yes,ID of scheme choosen by person for the investment,Sahamati/account-aggregator-standards + specifications.rebit.org.in
AA (Account Aggregator),national_pension_system,Account.Summary.Holdings.Tier2Holdings.Tier2Holding,totalUnits,attribute,positiveInteger,,,yes,Total number of units issued to investor in the fund opted,Sahamati/account-aggregator-standards + specifications.rebit.org.in
AA (Account Aggregator),national_pension_system,Account.Summary.Holdings.Tier2Holdings.Tier2Holding,totalValueOfScheme,attribute,float,,,yes,Total combined and consolidated value of investment scheme in Tier 2.,Sahamati/account-aggregator-standards + specifications.rebit.org.in
AA (Account Aggregator),national_pension_system,Account.Transactions,startDate,attribute,date,,,yes,Start date of investment since when it is applicable.,Sahamati/account-aggregator-standards + specifications.rebit.org.in
AA (Account Aggregator),national_pension_system,Account.Transactions,endDate,attribute,date,,,yes,End date of investment when tenure get complete,Sahamati/account-aggregator-standards + specifications.rebit.org.in
AA (Account Aggregator),national_pension_system,Account.Transactions.Tier1SchemeTransactions.Tier1SchemeTransaction,txnId,attribute,string,,,yes,Transaction ID recorded or captured for investment made,Sahamati/account-aggregator-standards + specifications.rebit.org.in
AA (Account Aggregator),national_pension_system,Account.Transactions.Tier1SchemeTransactions.Tier1SchemeTransaction,txnDate,attribute,date,,,yes,Transaction date time stamp for particular record when investment taken place.,Sahamati/account-aggregator-standards + specifications.rebit.org.in
AA (Account Aggregator),national_pension_system,Account.Transactions.Tier1SchemeTransactions.Tier1SchemeTransaction,type,attribute,string,CONTRIBUTION|BILLING|WILDRAWAL_DUE_TO_SCHEME_PREFERENCE_CHANGE|CONTRIBUTION_DUE_TO_SCHEME_CHANGE|UNFREEZE_CONTRIBUTION|SWITCH_OUT|WITHDRAWAL|ADJUSTMENT|TRANSFER|SWAVALAMBAN|REMITTANCE|OTHERS,,yes,,Sahamati/account-aggregator-standards + specifications.rebit.org.in
AA (Account Aggregator),national_pension_system,Account.Transactions.Tier1SchemeTransactions.Tier1SchemeTransaction,schemeName,attribute,string,,,yes,Name of scheme selected for the investment,Sahamati/account-aggregator-standards + specifications.rebit.org.in
AA (Account Aggregator),national_pension_system,Account.Transactions.Tier1SchemeTransactions.Tier1SchemeTransaction,schemeId,attribute,string,,,yes,Scheme ID in which investment made in TIER 1 of NPS scheme,Sahamati/account-aggregator-standards + specifications.rebit.org.in
AA (Account Aggregator),national_pension_system,Account.Transactions.Tier1SchemeTransactions.Tier1SchemeTransaction,narration,attribute,string,,,yes,Nararation is additional details in form of decription of remark associated with investment.,Sahamati/account-aggregator-standards + specifications.rebit.org.in
AA (Account Aggregator),national_pension_system,Account.Transactions.Tier1SchemeTransactions.Tier1SchemeTransaction,allocationPercent,attribute,float,,,yes,Pencentage of Units which are alloted in the portfolio of investor,Sahamati/account-aggregator-standards + specifications.rebit.org.in
AA (Account Aggregator),national_pension_system,Account.Transactions.Tier1SchemeTransactions.Tier1SchemeTransaction,amount,attribute,float,,,yes,The transaction amount,Sahamati/account-aggregator-standards + specifications.rebit.org.in
AA (Account Aggregator),national_pension_system,Account.Transactions.Tier1SchemeTransactions.Tier1SchemeTransaction,nav,attribute,string,,,yes,NAV is current market rate of security held as on date,Sahamati/account-aggregator-standards + specifications.rebit.org.in
AA (Account Aggregator),national_pension_system,Account.Transactions.Tier1SchemeTransactions.Tier1SchemeTransaction,units,attribute,positiveInteger,,,yes,Units which are alloted in the portfolio of investor,Sahamati/account-aggregator-standards + specifications.rebit.org.in
AA (Account Aggregator),national_pension_system,Account.Transactions.Tier1SchemeTransactions.Tier1SchemeTransaction,cumulativeUnits,attribute,integer,,,yes,Cummulative units alloted in the scheme of TIER 1 of NPS,Sahamati/account-aggregator-standards + specifications.rebit.org.in
AA (Account Aggregator),national_pension_system,Account.Transactions.Tier2SchemeTransactions.Tier2SchemeTransaction,txnId,attribute,string,,,yes,Transaction ID recorded or captured for investment made.,Sahamati/account-aggregator-standards + specifications.rebit.org.in
AA (Account Aggregator),national_pension_system,Account.Transactions.Tier2SchemeTransactions.Tier2SchemeTransaction,txnDate,attribute,date,,,yes,Transaction date time stamp for particular record when investment taken place.,Sahamati/account-aggregator-standards + specifications.rebit.org.in
AA (Account Aggregator),national_pension_system,Account.Transactions.Tier2SchemeTransactions.Tier2SchemeTransaction,type,attribute,string,CONTRIBUTION|BILLING|WILDRAWAL_DUE_TO_SCHEME_PREFERENCE_CHANGE|CONTRIBUTION_DUE_TO_SCHEME_CHANGE|UNFREEZE_CONTRIBUTION|SWITCH_OUT|WITHDRAWAL|ADJUSTMENT|TRANSFER|SWAVALAMBAN|REMITTANCE|OTHERS,,yes,,Sahamati/account-aggregator-standards + specifications.rebit.org.in
AA (Account Aggregator),national_pension_system,Account.Transactions.Tier2SchemeTransactions.Tier2SchemeTransaction,schemeName,attribute,string,,,yes,Name of scheme selected for the investment.,Sahamati/account-aggregator-standards + specifications.rebit.org.in
AA (Account Aggregator),national_pension_system,Account.Transactions.Tier2SchemeTransactions.Tier2SchemeTransaction,schemeId,attribute,string,,,yes,Scheme ID in which investment made in TIER 2 of NPS scheme,Sahamati/account-aggregator-standards + specifications.rebit.org.in
AA (Account Aggregator),national_pension_system,Account.Transactions.Tier2SchemeTransactions.Tier2SchemeTransaction,narration,attribute,string,,,yes,Nararation is additional details in form of decription of remark associated with investment,Sahamati/account-aggregator-standards + specifications.rebit.org.in
AA (Account Aggregator),national_pension_system,Account.Transactions.Tier2SchemeTransactions.Tier2SchemeTransaction,allocationPercent,attribute,float,,,yes,Pencentage of Units which are alloted in the portfolio of investor,Sahamati/account-aggregator-standards + specifications.rebit.org.in
AA (Account Aggregator),national_pension_system,Account.Transactions.Tier2SchemeTransactions.Tier2SchemeTransaction,amount,attribute,float,,,yes,The transaction amount,Sahamati/account-aggregator-standards + specifications.rebit.org.in
AA (Account Aggregator),national_pension_system,Account.Transactions.Tier2SchemeTransactions.Tier2SchemeTransaction,nav,attribute,string,,,yes,NAV is current market rate of security held as on date,Sahamati/account-aggregator-standards + specifications.rebit.org.in
AA (Account Aggregator),national_pension_system,Account.Transactions.Tier2SchemeTransactions.Tier2SchemeTransaction,units,attribute,positiveInteger,,,yes,Units which are alloted in the portfolio of investor,Sahamati/account-aggregator-standards + specifications.rebit.org.in
AA (Account Aggregator),national_pension_system,Account.Transactions.Tier2SchemeTransactions.Tier2SchemeTransaction,cumulativeUnits,attribute,integer,,,yes,Cummulative units alloted in the scheme of TIER 2 of NPS,Sahamati/account-aggregator-standards + specifications.rebit.org.in
AA (Account Aggregator),national_pension_system,Account.Transactions.Tier1InvestmentTransactions.Tier1InvestmentTransaction,txnId,attribute,string,,,yes,Transaction ID recorded or captured for investment made.,Sahamati/account-aggregator-standards + specifications.rebit.org.in
AA (Account Aggregator),national_pension_system,Account.Transactions.Tier1InvestmentTransactions.Tier1InvestmentTransaction,txnDate,attribute,string,,,yes,Transaction date time stamp for particular record when investment taken place.,Sahamati/account-aggregator-standards + specifications.rebit.org.in
AA (Account Aggregator),national_pension_system,Account.Transactions.Tier1InvestmentTransactions.Tier1InvestmentTransaction,type,attribute,string,CONTRIBUTION|UNFREEZE_CONTRIBUTION|WITHDRAWAL|SWAVALAMBAN_CONTRIBUTION|REMITTANCE|OTHERS,,yes,"Type of transaction - contribution, adjustment, etc.",Sahamati/account-aggregator-standards + specifications.rebit.org.in
AA (Account Aggregator),national_pension_system,Account.Transactions.Tier1InvestmentTransactions.Tier1InvestmentTransaction,narration,attribute,string,,,yes,Nararation is additional details in form of decription of remark associated with investment.,Sahamati/account-aggregator-standards + specifications.rebit.org.in
AA (Account Aggregator),national_pension_system,Account.Transactions.Tier1InvestmentTransactions.Tier1InvestmentTransaction,subscriberContribution,attribute,float,,,yes,Subscriber contribution in Tier1 scheme of NPS .,Sahamati/account-aggregator-standards + specifications.rebit.org.in
AA (Account Aggregator),national_pension_system,Account.Transactions.Tier1InvestmentTransactions.Tier1InvestmentTransaction,employerContribution,attribute,float,,,yes,Employer contribution in Tier1 scheme of NPS .,Sahamati/account-aggregator-standards + specifications.rebit.org.in
AA (Account Aggregator),national_pension_system,Account.Transactions.Tier1InvestmentTransactions.Tier1InvestmentTransaction,totalContribution,attribute,float,,,yes,Total contribution of subcriber and employer in Tier1 scheme of NPS.,Sahamati/account-aggregator-standards + specifications.rebit.org.in
AA (Account Aggregator),national_pension_system,Account.Transactions.Tier2InvestmentTransactions.Tier2InvestmentTransaction,txnId,attribute,string,,,yes,Transaction ID recorded or captured for investment made.,Sahamati/account-aggregator-standards + specifications.rebit.org.in
AA (Account Aggregator),national_pension_system,Account.Transactions.Tier2InvestmentTransactions.Tier2InvestmentTransaction,txnDate,attribute,string,,,yes,Transaction date time stamp for particular record when investment taken place.,Sahamati/account-aggregator-standards + specifications.rebit.org.in
AA (Account Aggregator),national_pension_system,Account.Transactions.Tier2InvestmentTransactions.Tier2InvestmentTransaction,type,attribute,string,CONTRIBUTION|UNFREEZE_CONTRIBUTION|WITHDRAWAL|SWAVALAMBAN_CONTRIBUTION|REMITTANCE|OTHERS,,yes,"Type of transaction - contribution, adjustment, etc.",Sahamati/account-aggregator-standards + specifications.rebit.org.in
AA (Account Aggregator),national_pension_system,Account.Transactions.Tier2InvestmentTransactions.Tier2InvestmentTransaction,narration,attribute,string,,,yes,Nararation is additional details in form of decription of remark associated with investment.,Sahamati/account-aggregator-standards + specifications.rebit.org.in
AA (Account Aggregator),national_pension_system,Account.Transactions.Tier2InvestmentTransactions.Tier2InvestmentTransaction,subscriberContribution,attribute,float,,,yes,Subscriber contribution in Tier2 scheme of NPS.,Sahamati/account-aggregator-standards + specifications.rebit.org.in
AA (Account Aggregator),national_pension_system,Account.Transactions.Tier2InvestmentTransactions.Tier2InvestmentTransaction,employerContribution,attribute,float,,,yes,Employer contribution in Tier2 scheme of NPS.,Sahamati/account-aggregator-standards + specifications.rebit.org.in
AA (Account Aggregator),national_pension_system,Account.Transactions.Tier2InvestmentTransactions.Tier2InvestmentTransaction,totalContribution,attribute,float,,,yes,Total contribution of subcriber and employer in Tier2 scheme of NPS.,Sahamati/account-aggregator-standards + specifications.rebit.org.in
AA (Account Aggregator),public_provident_fund,Account,maskedAccNumber,attribute,string,,,yes,,Sahamati/account-aggregator-standards + specifications.rebit.org.in
AA (Account Aggregator),public_provident_fund,Account,linkedAccRef,attribute,string,,,yes,,Sahamati/account-aggregator-standards + specifications.rebit.org.in
AA (Account Aggregator),public_provident_fund,Account,version,attribute,float,,,yes,,Sahamati/account-aggregator-standards + specifications.rebit.org.in
AA (Account Aggregator),public_provident_fund,Account,type,attribute,string,,,yes,,Sahamati/account-aggregator-standards + specifications.rebit.org.in
AA (Account Aggregator),public_provident_fund,Account.Profile.Holders,type,attribute,string,SINGLE|JOINT,,yes,,Sahamati/account-aggregator-standards + specifications.rebit.org.in
AA (Account Aggregator),public_provident_fund,Account.Profile.Holders.Holder,name,attribute,string,,,yes,Name of primary holder operating the account,Sahamati/account-aggregator-standards + specifications.rebit.org.in
AA (Account Aggregator),public_provident_fund,Account.Profile.Holders.Holder,dob,attribute,date,,,yes,Date of birth of primary account holder,Sahamati/account-aggregator-standards + specifications.rebit.org.in
AA (Account Aggregator),public_provident_fund,Account.Profile.Holders.Holder,mobile,attribute,integer,,,yes,Primary mobile number of account holder,Sahamati/account-aggregator-standards + specifications.rebit.org.in
AA (Account Aggregator),public_provident_fund,Account.Profile.Holders.Holder,nominee,attribute,string,REGISTERED|NOT-REGISTERED,,yes,Name of nominee associated with the account,Sahamati/account-aggregator-standards + specifications.rebit.org.in
AA (Account Aggregator),public_provident_fund,Account.Profile.Holders.Holder,landline,attribute,string,,,no,Lnadline number of account holder,Sahamati/account-aggregator-standards + specifications.rebit.org.in
AA (Account Aggregator),public_provident_fund,Account.Profile.Holders.Holder,address,attribute,string,,,no,Address of account holder,Sahamati/account-aggregator-standards + specifications.rebit.org.in
AA (Account Aggregator),public_provident_fund,Account.Profile.Holders.Holder,email,attribute,string,,[^@]+@[^\.]+\..+,yes,Email ID of primary account holder,Sahamati/account-aggregator-standards + specifications.rebit.org.in
AA (Account Aggregator),public_provident_fund,Account.Profile.Holders.Holder,pan,attribute,string,,[a-zA-Z][a-zA-Z][a-zA-Z][a-zA-Z][a-zA-Z][0-9][0-9][0-9][0-9][a-zA-Z],yes,PAN number of primary account holder,Sahamati/account-aggregator-standards + specifications.rebit.org.in
AA (Account Aggregator),public_provident_fund,Account.Profile.Holders.Holder,ckycCompliance,attribute,boolean,,,yes,KYC status whether its completed or pending,Sahamati/account-aggregator-standards + specifications.rebit.org.in
AA (Account Aggregator),public_provident_fund,Account.Summary,openingDate,attribute,date,,,yes,Opening date of PPF account,Sahamati/account-aggregator-standards + specifications.rebit.org.in
AA (Account Aggregator),public_provident_fund,Account.Summary,maturityDate,attribute,date,,,yes,Date of maturity for investment,Sahamati/account-aggregator-standards + specifications.rebit.org.in
AA (Account Aggregator),public_provident_fund,Account.Summary,ifscCode,attribute,string,,,yes,IFSC code of bank branch where investment was made,Sahamati/account-aggregator-standards + specifications.rebit.org.in
AA (Account Aggregator),public_provident_fund,Account.Summary,micrCode,attribute,string,,,yes,MICR code of bank branch where investment was made,Sahamati/account-aggregator-standards + specifications.rebit.org.in
AA (Account Aggregator),public_provident_fund,Account.Summary,status,attribute,string,ACTIVE|INACTIVE,,yes,Status of PPF account hold,Sahamati/account-aggregator-standards + specifications.rebit.org.in
AA (Account Aggregator),public_provident_fund,Account.Summary,branchAddr,attribute,string,,,yes,Address of branch where investment was made,Sahamati/account-aggregator-standards + specifications.rebit.org.in
AA (Account Aggregator),public_provident_fund,Account.Summary,currentBalance,attribute,float,,,yes,Current available balance in PPF account.,Sahamati/account-aggregator-standards + specifications.rebit.org.in
AA (Account Aggregator),public_provident_fund,Account.Transactions,startDate,attribute,date,,,yes,Start date of investment since when it is applicable,Sahamati/account-aggregator-standards + specifications.rebit.org.in
AA (Account Aggregator),public_provident_fund,Account.Transactions,endDate,attribute,date,,,yes,End date of investment when tenure get complete,Sahamati/account-aggregator-standards + specifications.rebit.org.in
AA (Account Aggregator),public_provident_fund,Account.Transactions.Transaction,txnId,attribute,string,,,yes,Transaction ID recorded or captured for investment made.,Sahamati/account-aggregator-standards + specifications.rebit.org.in
AA (Account Aggregator),public_provident_fund,Account.Transactions.Transaction,txnDate,attribute,date,,,yes,Transaction date time stamp for particular record when investment taken place.,Sahamati/account-aggregator-standards + specifications.rebit.org.in
AA (Account Aggregator),public_provident_fund,Account.Transactions.Transaction,valueDate,attribute,date,,,yes,Value of PPF as on date,Sahamati/account-aggregator-standards + specifications.rebit.org.in
AA (Account Aggregator),public_provident_fund,Account.Transactions.Transaction,type,attribute,string,DEPOSIT|WITHDRAWAL|INTEREST|OTHERS,,yes,"Type of transaction - deposit, withdrawal, etc.",Sahamati/account-aggregator-standards + specifications.rebit.org.in
AA (Account Aggregator),public_provident_fund,Account.Transactions.Transaction,amount,attribute,float,,,yes,The transaction amount,Sahamati/account-aggregator-standards + specifications.rebit.org.in
AA (Account Aggregator),public_provident_fund,Account.Transactions.Transaction,balance,attribute,float,,,yes,The PPF account balance after the transaction is completed,Sahamati/account-aggregator-standards + specifications.rebit.org.in
AA (Account Aggregator),public_provident_fund,Account.Transactions.Transaction,narration,attribute,string,,,yes,Nararation is additional details in form of decription of remark associated with investment,Sahamati/account-aggregator-standards + specifications.rebit.org.in
AA (Account Aggregator),real_estate_investment_trusts,Account,linkedAccRef,attribute,string,,,yes,,Sahamati/account-aggregator-standards + specifications.rebit.org.in
AA (Account Aggregator),real_estate_investment_trusts,Account,maskedAccNumber,attribute,string,,,yes,,Sahamati/account-aggregator-standards + specifications.rebit.org.in
AA (Account Aggregator),real_estate_investment_trusts,Account,version,attribute,float,,,yes,,Sahamati/account-aggregator-standards + specifications.rebit.org.in
AA (Account Aggregator),real_estate_investment_trusts,Account,type,attribute,string,,,yes,,Sahamati/account-aggregator-standards + specifications.rebit.org.in
AA (Account Aggregator),real_estate_investment_trusts,Account.Profile.Holders,type,attribute,string,SOLE|JOINT,,yes,Holder types,Sahamati/account-aggregator-standards + specifications.rebit.org.in
AA (Account Aggregator),real_estate_investment_trusts,Account.Profile.Holders.Holder,name,attribute,string,,,yes,Name of primary holder operating the account.,Sahamati/account-aggregator-standards + specifications.rebit.org.in
AA (Account Aggregator),real_estate_investment_trusts,Account.Profile.Holders.Holder,dob,attribute,date,,,yes,Date of birth of primary account holder,Sahamati/account-aggregator-standards + specifications.rebit.org.in
AA (Account Aggregator),real_estate_investment_trusts,Account.Profile.Holders.Holder,mobile,attribute,string,,,yes,Primary mobile number of account holder.,Sahamati/account-aggregator-standards + specifications.rebit.org.in
AA (Account Aggregator),real_estate_investment_trusts,Account.Profile.Holders.Holder,address,attribute,string,,,no,Address of primary account holder,Sahamati/account-aggregator-standards + specifications.rebit.org.in
AA (Account Aggregator),real_estate_investment_trusts,Account.Profile.Holders.Holder,landline,attribute,string,,,no,Landline number of primary account holder,Sahamati/account-aggregator-standards + specifications.rebit.org.in
AA (Account Aggregator),real_estate_investment_trusts,Account.Profile.Holders.Holder,email,attribute,string,,[^@]+@[^\.]+\..+,yes,Email of primary account holder,Sahamati/account-aggregator-standards + specifications.rebit.org.in
AA (Account Aggregator),real_estate_investment_trusts,Account.Profile.Holders.Holder,dematId,attribute,string,,,yes,Demat ID assigned or issued to investor.,Sahamati/account-aggregator-standards + specifications.rebit.org.in
AA (Account Aggregator),real_estate_investment_trusts,Account.Profile.Holders.Holder,pan,attribute,string,,[a-zA-Z][a-zA-Z][a-zA-Z][a-zA-Z][a-zA-Z][0-9][0-9][0-9][0-9][a-zA-Z],yes,PAN number of primary account holder.,Sahamati/account-aggregator-standards + specifications.rebit.org.in
AA (Account Aggregator),real_estate_investment_trusts,Account.Profile.Holders.Holder,ckycCompliance,attribute,boolean,,,yes,KYC status whether its completed or pending,Sahamati/account-aggregator-standards + specifications.rebit.org.in
AA (Account Aggregator),real_estate_investment_trusts,Account.Profile.Holders.Holder,nominee,attribute,string,REGISTERED|NOT-REGISTERED,,yes,Name of nominee associated with the account.,Sahamati/account-aggregator-standards + specifications.rebit.org.in
AA (Account Aggregator),real_estate_investment_trusts,Account.Summary,investmentValue,attribute,float,,,yes,Principal or Actual amount of investment.,Sahamati/account-aggregator-standards + specifications.rebit.org.in
AA (Account Aggregator),real_estate_investment_trusts,Account.Summary,currentValue,attribute,float,,,yes,Current value of investment as on date.,Sahamati/account-aggregator-standards + specifications.rebit.org.in
AA (Account Aggregator),real_estate_investment_trusts,Account.Summary.Investment.Holdings.Holding,isin,attribute,string,,,yes,International Securities Identification Number (ISIN) uniquely identifies a security.,Sahamati/account-aggregator-standards + specifications.rebit.org.in
AA (Account Aggregator),real_estate_investment_trusts,Account.Summary.Investment.Holdings.Holding,issuerName,attribute,string,,,yes,Name of party who issued the reit in which investment made.,Sahamati/account-aggregator-standards + specifications.rebit.org.in
AA (Account Aggregator),real_estate_investment_trusts,Account.Summary.Investment.Holdings.Holding,investmentDateTime,attribute,dateTime,,,yes,Date and Time stamp for the investment,Sahamati/account-aggregator-standards + specifications.rebit.org.in
AA (Account Aggregator),real_estate_investment_trusts,Account.Summary.Investment.Holdings.Holding,rate,attribute,float,,,yes,Rate or net price on which investment made in security.,Sahamati/account-aggregator-standards + specifications.rebit.org.in
AA (Account Aggregator),real_estate_investment_trusts,Account.Summary.Investment.Holdings.Holding,description,attribute,string,,,yes,Description or details of security in which investment made.,Sahamati/account-aggregator-standards + specifications.rebit.org.in
AA (Account Aggregator),real_estate_investment_trusts,Account.Summary.Investment.Holdings.Holding,totalNumberUnits,attribute,float,,,yes,Total number of units issued to investor in the fund opted.,Sahamati/account-aggregator-standards + specifications.rebit.org.in
AA (Account Aggregator),real_estate_investment_trusts,Account.Summary.Investment.Holdings.Holding,lastClosingRate,attribute,float,,,yes,Closing Price or Rate on which security trade in the open market.,Sahamati/account-aggregator-standards + specifications.rebit.org.in
AA (Account Aggregator),real_estate_investment_trusts,Account.Summary.Investment.Holdings.Holding,nomineeStatus,attribute,string,REGISTERED|NOT-REGISTERED,,yes,Nominee Status whether active or pending.,Sahamati/account-aggregator-standards + specifications.rebit.org.in
AA (Account Aggregator),real_estate_investment_trusts,Account.Transactions,endDate,attribute,date,,,yes,End date of investment when tenure get complete.,Sahamati/account-aggregator-standards + specifications.rebit.org.in
AA (Account Aggregator),real_estate_investment_trusts,Account.Transactions,startDate,attribute,date,,,yes,Start date of investment since when it is applicable.,Sahamati/account-aggregator-standards + specifications.rebit.org.in
AA (Account Aggregator),real_estate_investment_trusts,Account.Transactions.Transaction,txnId,attribute,string,,,yes,Transaction ID recorded or captured for investment made.,Sahamati/account-aggregator-standards + specifications.rebit.org.in
AA (Account Aggregator),real_estate_investment_trusts,Account.Transactions.Transaction,isin,attribute,string,,,yes,International Securities Identification Number (ISIN) uniquely identifies a security.,Sahamati/account-aggregator-standards + specifications.rebit.org.in
AA (Account Aggregator),real_estate_investment_trusts,Account.Transactions.Transaction,issuerName,attribute,string,,,yes,Name of issuer,Sahamati/account-aggregator-standards + specifications.rebit.org.in
AA (Account Aggregator),real_estate_investment_trusts,Account.Transactions.Transaction,symbol,attribute,string,,,yes,Symbol of the securities in which investment made and hold by investor.,Sahamati/account-aggregator-standards + specifications.rebit.org.in
AA (Account Aggregator),real_estate_investment_trusts,Account.Transactions.Transaction,exchange,attribute,string,,,yes,Stock Exchange on which security is traded,Sahamati/account-aggregator-standards + specifications.rebit.org.in
AA (Account Aggregator),real_estate_investment_trusts,Account.Transactions.Transaction,transactionDescription,attribute,string,,,yes,Description or details of transaction in which investment made,Sahamati/account-aggregator-standards + specifications.rebit.org.in
AA (Account Aggregator),real_estate_investment_trusts,Account.Transactions.Transaction,transactionDateTime,attribute,dateTime,,,yes,Transaction date time stamp for particular record when investment taken place.,Sahamati/account-aggregator-standards + specifications.rebit.org.in
AA (Account Aggregator),real_estate_investment_trusts,Account.Transactions.Transaction,price,attribute,float,,,yes,Price or market value on investment taken place.,Sahamati/account-aggregator-standards + specifications.rebit.org.in
AA (Account Aggregator),real_estate_investment_trusts,Account.Transactions.Transaction,unitsType,attribute,string,,,yes,Number of unit alloted in portfolio as per transaction conducted.,Sahamati/account-aggregator-standards + specifications.rebit.org.in
AA (Account Aggregator),real_estate_investment_trusts,Account.Transactions.Transaction,numUnitsTransacted,attribute,integer,,,yes,Number of unit alloted in portfolio as per transaction conducted.,Sahamati/account-aggregator-standards + specifications.rebit.org.in
AA (Account Aggregator),real_estate_investment_trusts,Account.Transactions.Transaction,tradeValue,attribute,float,,,yes,Trade value of investment as per market price.,Sahamati/account-aggregator-standards + specifications.rebit.org.in
AA (Account Aggregator),real_estate_investment_trusts,Account.Transactions.Transaction,totalCharge,attribute,float,,,yes,"Total charges includes finance charge, STT or other taxes/charge implied on investment.",Sahamati/account-aggregator-standards + specifications.rebit.org.in
AA (Account Aggregator),real_estate_investment_trusts,Account.Transactions.Transaction,otherCharges,attribute,float,,,yes,Other charge applied on the investment if applicable.,Sahamati/account-aggregator-standards + specifications.rebit.org.in
AA (Account Aggregator),real_estate_investment_trusts,Account.Transactions.Transaction,narration,attribute,string,,,yes,Nararation is additional details in form of decription of remark associated with investment,Sahamati/account-aggregator-standards + specifications.rebit.org.in
AA (Account Aggregator),recurring_deposit,Account,type,attribute,NCName,,,yes,,Sahamati/account-aggregator-standards + specifications.rebit.org.in
AA (Account Aggregator),recurring_deposit,Account,maskedAccNumber,attribute,string,,,yes,,Sahamati/account-aggregator-standards + specifications.rebit.org.in
AA (Account Aggregator),recurring_deposit,Account,version,attribute,float,,,yes,,Sahamati/account-aggregator-standards + specifications.rebit.org.in
AA (Account Aggregator),recurring_deposit,Account,linkedAccRef,attribute,string,,,yes,,Sahamati/account-aggregator-standards + specifications.rebit.org.in
AA (Account Aggregator),recurring_deposit,Account.Profile.Holders,type,attribute,string,SINGLE|JOINT,,yes,Type of account held by an individual whether its single or jointly operated,Sahamati/account-aggregator-standards + specifications.rebit.org.in
AA (Account Aggregator),recurring_deposit,Account.Profile.Holders.Holder,name,attribute,string,,,yes,Name of primary holder operating the account,Sahamati/account-aggregator-standards + specifications.rebit.org.in
AA (Account Aggregator),recurring_deposit,Account.Profile.Holders.Holder,dob,attribute,date,,,yes,Date of birth of primary account holder,Sahamati/account-aggregator-standards + specifications.rebit.org.in
AA (Account Aggregator),recurring_deposit,Account.Profile.Holders.Holder,mobile,attribute,integer,,,yes,Primary mobile number of account holder,Sahamati/account-aggregator-standards + specifications.rebit.org.in
AA (Account Aggregator),recurring_deposit,Account.Profile.Holders.Holder,nominee,attribute,string,REGISTERED|NOT-REGISTERED,,yes,Name of nominee registered for the account,Sahamati/account-aggregator-standards + specifications.rebit.org.in
AA (Account Aggregator),recurring_deposit,Account.Profile.Holders.Holder,landline,attribute,string,,,no,Landline number of account holder,Sahamati/account-aggregator-standards + specifications.rebit.org.in
AA (Account Aggregator),recurring_deposit,Account.Profile.Holders.Holder,address,attribute,string,,,no,address of account holder,Sahamati/account-aggregator-standards + specifications.rebit.org.in
AA (Account Aggregator),recurring_deposit,Account.Profile.Holders.Holder,email,attribute,string,,[^@]+@[^\.]+\..+,no,Email ID of primary account holder,Sahamati/account-aggregator-standards + specifications.rebit.org.in
AA (Account Aggregator),recurring_deposit,Account.Profile.Holders.Holder,pan,attribute,string,,[a-zA-Z][a-zA-Z][a-zA-Z][a-zA-Z][a-zA-Z][0-9][0-9][0-9][0-9][a-zA-Z],no,PAN number of primary account holder,Sahamati/account-aggregator-standards + specifications.rebit.org.in
AA (Account Aggregator),recurring_deposit,Account.Profile.Holders.Holder,ckycCompliance,attribute,boolean,,,no,KYC status whether its completed or pending,Sahamati/account-aggregator-standards + specifications.rebit.org.in
AA (Account Aggregator),recurring_deposit,Account.Summary,branch,attribute,string,,,yes,Location of branch where investment was made,Sahamati/account-aggregator-standards + specifications.rebit.org.in
AA (Account Aggregator),recurring_deposit,Account.Summary,openingDate,attribute,date,,,yes,Opening date of the deposit account,Sahamati/account-aggregator-standards + specifications.rebit.org.in
AA (Account Aggregator),recurring_deposit,Account.Summary,ifsc,attribute,string,,,no,IFSC code of bank branch where investment was made,Sahamati/account-aggregator-standards + specifications.rebit.org.in
AA (Account Aggregator),recurring_deposit,Account.Summary,accountType,attribute,string,FIXED|RECURRING|SWEEP|FLEXIBLE,,yes,Type of account whether is saving or current,Sahamati/account-aggregator-standards + specifications.rebit.org.in
AA (Account Aggregator),recurring_deposit,Account.Summary,maturityAmount,attribute,float,,,yes,Amount which will receive on maturity date,Sahamati/account-aggregator-standards + specifications.rebit.org.in
AA (Account Aggregator),recurring_deposit,Account.Summary,maturityDate,attribute,date,,,yes,Date of maturity for investment,Sahamati/account-aggregator-standards + specifications.rebit.org.in
AA (Account Aggregator),recurring_deposit,Account.Summary,description,attribute,string,,,yes,Nature of transaction,Sahamati/account-aggregator-standards + specifications.rebit.org.in
AA (Account Aggregator),recurring_deposit,Account.Summary,interestPayout,attribute,string,MONTHLY|QUARTERLY|HALF-YEARLY|YEARLY|OnMaturity,,yes,Amount of interest which is paid to depositor till date,Sahamati/account-aggregator-standards + specifications.rebit.org.in
AA (Account Aggregator),recurring_deposit,Account.Summary,interestRate,attribute,string,,,yes,Rate of interest which decides amount of maturity,Sahamati/account-aggregator-standards + specifications.rebit.org.in
AA (Account Aggregator),recurring_deposit,Account.Summary,principalAmount,attribute,string,,,yes,Amount which is deposited by the account holder,Sahamati/account-aggregator-standards + specifications.rebit.org.in
AA (Account Aggregator),recurring_deposit,Account.Summary,tenureDays,attribute,string,,,yes,Days which are passed since investment made,Sahamati/account-aggregator-standards + specifications.rebit.org.in
AA (Account Aggregator),recurring_deposit,Account.Summary,tenureMonths,attribute,string,,,yes,Months which are passed since investment made,Sahamati/account-aggregator-standards + specifications.rebit.org.in
AA (Account Aggregator),recurring_deposit,Account.Summary,tenureYears,attribute,string,,,yes,Years which are passed since investment made,Sahamati/account-aggregator-standards + specifications.rebit.org.in
AA (Account Aggregator),recurring_deposit,Account.Summary,recurringAmount,attribute,string,,,yes,Amount or value of investment as on date,Sahamati/account-aggregator-standards + specifications.rebit.org.in
AA (Account Aggregator),recurring_deposit,Account.Summary,recurringDepositDay,attribute,string,,,yes,Day of the month when the monthly installment for the recurring deposit is to be paid,Sahamati/account-aggregator-standards + specifications.rebit.org.in
AA (Account Aggregator),recurring_deposit,Account.Summary,interestComputation,attribute,string,SIMPLE|COMPOUND,,yes,Whether interest is to be Compound or Simple,Sahamati/account-aggregator-standards + specifications.rebit.org.in
AA (Account Aggregator),recurring_deposit,Account.Summary,compoundingFrequency,attribute,string,MONTHLY|QUARTERLY|HALF-YEARLY|YEARLY,,yes,Frequency at which interest is compounded - monthly/quarterly/annually.,Sahamati/account-aggregator-standards + specifications.rebit.org.in
AA (Account Aggregator),recurring_deposit,Account.Summary,interestPeriodicPayoutAmount,attribute,string,,,yes,,Sahamati/account-aggregator-standards + specifications.rebit.org.in
AA (Account Aggregator),recurring_deposit,Account.Summary,interestOnMaturity,attribute,string,,,yes,Total Interest amount on deposit maturity,Sahamati/account-aggregator-standards + specifications.rebit.org.in
AA (Account Aggregator),recurring_deposit,Account.Summary,currentValue,attribute,string,,,yes,Current value of investment as on date,Sahamati/account-aggregator-standards + specifications.rebit.org.in
AA (Account Aggregator),recurring_deposit,Account.Transactions,startDate,attribute,date,,,yes,Start date of transaction or period for which details are require,Sahamati/account-aggregator-standards + specifications.rebit.org.in
AA (Account Aggregator),recurring_deposit,Account.Transactions,endDate,attribute,date,,,yes,End date of transaction or period for which details are require,Sahamati/account-aggregator-standards + specifications.rebit.org.in
AA (Account Aggregator),recurring_deposit,Account.Transactions.Transaction,txnId,attribute,,,,yes,Transaction ID recorded or captured for investment made,Sahamati/account-aggregator-standards + specifications.rebit.org.in
AA (Account Aggregator),recurring_deposit,Account.Transactions.Transaction,amount,attribute,string,,,yes,The amount to be paid every month for the tenure of the Recurring Deposit,Sahamati/account-aggregator-standards + specifications.rebit.org.in
AA (Account Aggregator),recurring_deposit,Account.Transactions.Transaction,narration,attribute,string,,,yes,Nararation is additional details in form of decription of remark associated with investment,Sahamati/account-aggregator-standards + specifications.rebit.org.in
AA (Account Aggregator),recurring_deposit,Account.Transactions.Transaction,type,attribute,string,OPENING|INTEREST|TDS|INSTALLMENT|CLOSING|OTHERS,,yes,Type of transaction whether withdrawal/debit or deposit/credit,Sahamati/account-aggregator-standards + specifications.rebit.org.in
AA (Account Aggregator),recurring_deposit,Account.Transactions.Transaction,mode,attribute,string,CASH|ATM|CARD_PAYMENT|UPI|FT|OTHERS,,yes,Mode of investment captured whether online/demat or physical form,Sahamati/account-aggregator-standards + specifications.rebit.org.in
AA (Account Aggregator),recurring_deposit,Account.Transactions.Transaction,balance,attribute,string,,,yes,Current value of investment,Sahamati/account-aggregator-standards + specifications.rebit.org.in
AA (Account Aggregator),recurring_deposit,Account.Transactions.Transaction,transactionDateTime,attribute,dateTime,,,yes,Transaction date time stamp for particular record when investment taken place,Sahamati/account-aggregator-standards + specifications.rebit.org.in
AA (Account Aggregator),recurring_deposit,Account.Transactions.Transaction,valueDate,attribute,date,,,yes,"Date when the transaction actually carries out. For example., cheque realization.",Sahamati/account-aggregator-standards + specifications.rebit.org.in
AA (Account Aggregator),recurring_deposit,Account.Transactions.Transaction,reference,attribute,string,,,yes,The cheque or reference no for the given transaction.,Sahamati/account-aggregator-standards + specifications.rebit.org.in
AA (Account Aggregator),systematic_investment_plan,Account,linkedAccRef,attribute,string,,,yes,,Sahamati/account-aggregator-standards + specifications.rebit.org.in
AA (Account Aggregator),systematic_investment_plan,Account,maskedAccNumber,attribute,string,,,yes,,Sahamati/account-aggregator-standards + specifications.rebit.org.in
AA (Account Aggregator),systematic_investment_plan,Account,version,attribute,float,,,yes,,Sahamati/account-aggregator-standards + specifications.rebit.org.in
AA (Account Aggregator),systematic_investment_plan,Account,type,attribute,string,,,yes,,Sahamati/account-aggregator-standards + specifications.rebit.org.in
AA (Account Aggregator),systematic_investment_plan,Account.Profile.Holders,type,attribute,string,SINGLE|JOINT,,yes,Type of account whether held by an individual and operated solo or jointly,Sahamati/account-aggregator-standards + specifications.rebit.org.in
AA (Account Aggregator),systematic_investment_plan,Account.Profile.Holders.Holder,name,attribute,string,,,yes,Name of primary holder operating the account,Sahamati/account-aggregator-standards + specifications.rebit.org.in
AA (Account Aggregator),systematic_investment_plan,Account.Profile.Holders.Holder,dob,attribute,date,,,yes,Date of birth of primary account holder,Sahamati/account-aggregator-standards + specifications.rebit.org.in
AA (Account Aggregator),systematic_investment_plan,Account.Profile.Holders.Holder,mobile,attribute,integer,,,yes,Primary mobile number of account holder,Sahamati/account-aggregator-standards + specifications.rebit.org.in
AA (Account Aggregator),systematic_investment_plan,Account.Profile.Holders.Holder,nominee,attribute,string,REGISTERED|NOT-REGISTERED,,yes,Name of nominee associated with the account,Sahamati/account-aggregator-standards + specifications.rebit.org.in
AA (Account Aggregator),systematic_investment_plan,Account.Profile.Holders.Holder,dematId,attribute,string,,,yes,Demat ID assigned or issued to investor,Sahamati/account-aggregator-standards + specifications.rebit.org.in
AA (Account Aggregator),systematic_investment_plan,Account.Profile.Holders.Holder,landline,attribute,string,,,no,,Sahamati/account-aggregator-standards + specifications.rebit.org.in
AA (Account Aggregator),systematic_investment_plan,Account.Profile.Holders.Holder,address,attribute,string,,,no,Address of primary account holder,Sahamati/account-aggregator-standards + specifications.rebit.org.in
AA (Account Aggregator),systematic_investment_plan,Account.Profile.Holders.Holder,email,attribute,string,,[^@]+@[^\.]+\..+,yes,Email ID of primary account holder,Sahamati/account-aggregator-standards + specifications.rebit.org.in
AA (Account Aggregator),systematic_investment_plan,Account.Profile.Holders.Holder,pan,attribute,string,,[a-zA-Z][a-zA-Z][a-zA-Z][a-zA-Z][a-zA-Z][0-9][0-9][0-9][0-9][a-zA-Z],yes,PAN of account holder,Sahamati/account-aggregator-standards + specifications.rebit.org.in
AA (Account Aggregator),systematic_investment_plan,Account.Profile.Holders.Holder,ckycCompliance,attribute,boolean,,,yes,KYC status whether its completed or pending,Sahamati/account-aggregator-standards + specifications.rebit.org.in
AA (Account Aggregator),systematic_investment_plan,Account.Summary,folioNo,attribute,string,,,yes,Unique folio number associated with investment,Sahamati/account-aggregator-standards + specifications.rebit.org.in
AA (Account Aggregator),systematic_investment_plan,Account.Summary,investmentValue,attribute,float,,,yes,Principal or Actual amount of investment,Sahamati/account-aggregator-standards + specifications.rebit.org.in
AA (Account Aggregator),systematic_investment_plan,Account.Summary,currentValue,attribute,float,,,yes,Current value of investment as on date,Sahamati/account-aggregator-standards + specifications.rebit.org.in
AA (Account Aggregator),systematic_investment_plan,Account.Summary.Holdings.Holding,amc,attribute,string,,,yes,Name of asset management company associated with investment,Sahamati/account-aggregator-standards + specifications.rebit.org.in
AA (Account Aggregator),systematic_investment_plan,Account.Summary.Holdings.Holding,registrar,attribute,string,,,yes,Name of registrar linked with investment made,Sahamati/account-aggregator-standards + specifications.rebit.org.in
AA (Account Aggregator),systematic_investment_plan,Account.Summary.Holdings.Holding,scheme,attribute,string,,,yes,"Scheme in which investment made whether it direct, regular or growth option",Sahamati/account-aggregator-standards + specifications.rebit.org.in
AA (Account Aggregator),systematic_investment_plan,Account.Summary.Holdings.Holding,isin,attribute,string,,,yes,International Securities Identification Number (ISIN) uniquely identifies a security.,Sahamati/account-aggregator-standards + specifications.rebit.org.in
AA (Account Aggregator),systematic_investment_plan,Account.Summary.Holdings.Holding,ucc,attribute,string,,,yes,Uniform Commercial Code formal or legal code represent investment,Sahamati/account-aggregator-standards + specifications.rebit.org.in
AA (Account Aggregator),systematic_investment_plan,Account.Summary.Holdings.Holding,amfiCode,attribute,string,,,yes,AMFI code associated with investment made,Sahamati/account-aggregator-standards + specifications.rebit.org.in
AA (Account Aggregator),systematic_investment_plan,Account.Summary.Holdings.Holding,folioNo,attribute,string,,,yes,Unique folio number associated with investment,Sahamati/account-aggregator-standards + specifications.rebit.org.in
AA (Account Aggregator),systematic_investment_plan,Account.Summary.Holdings.Holding,holdingType,attribute,string,SOLE|JOINT,,yes,"Reinvest, Payout or Growth type of Dividend",Sahamati/account-aggregator-standards + specifications.rebit.org.in
AA (Account Aggregator),systematic_investment_plan,Account.Summary.Holdings.Holding,holder1Name,attribute,string,,,yes,Name of the first holder who made initial investment,Sahamati/account-aggregator-standards + specifications.rebit.org.in
AA (Account Aggregator),systematic_investment_plan,Account.Summary.Holdings.Holding,holder2Name,attribute,string,,,yes,Name of the second holder in case of joint investmet,Sahamati/account-aggregator-standards + specifications.rebit.org.in
AA (Account Aggregator),systematic_investment_plan,Account.Summary.Holdings.Holding,nominee,attribute,string,SOLE|OTHERS,,yes,Name of nominee associated with the account,Sahamati/account-aggregator-standards + specifications.rebit.org.in
AA (Account Aggregator),systematic_investment_plan,Account.Summary.Holdings.Holding,email,attribute,string,,[^@]+@[^\.]+\..+,yes,Email ID of account holders,Sahamati/account-aggregator-standards + specifications.rebit.org.in
AA (Account Aggregator),systematic_investment_plan,Account.Summary.Holdings.Holding,units,attribute,positiveInteger,,,yes,Units allotted in folio till date,Sahamati/account-aggregator-standards + specifications.rebit.org.in
AA (Account Aggregator),systematic_investment_plan,Account.Summary.Holdings.Holding,nav,attribute,string,,,yes,NAV is current market rate of security held as on date,Sahamati/account-aggregator-standards + specifications.rebit.org.in
AA (Account Aggregator),systematic_investment_plan,Account.Summary.Holdings.Holding,value,attribute,float,,,yes,Current value of investment calculate based on units and NAV,Sahamati/account-aggregator-standards + specifications.rebit.org.in
AA (Account Aggregator),systematic_investment_plan,Account.Summary.Holdings.Holding,devidentType,attribute,string,,,yes,"Dividend type - Interim, Final and Special",Sahamati/account-aggregator-standards + specifications.rebit.org.in
AA (Account Aggregator),systematic_investment_plan,Account.Summary.Holdings.Holding,amount,attribute,float,,,yes,Amount invested or to be invested at fixed intervals,Sahamati/account-aggregator-standards + specifications.rebit.org.in
AA (Account Aggregator),systematic_investment_plan,Account.Summary.Holdings.Holding,frequency,attribute,positiveInteger,,,yes,"Frequency of investment whether its monthly, quarterly, yearly",Sahamati/account-aggregator-standards + specifications.rebit.org.in
AA (Account Aggregator),systematic_investment_plan,Account.Summary.Holdings.Holding,instalmentDay,attribute,positiveInteger,,,yes,Date of installment when amount will deduct in case of SIP,Sahamati/account-aggregator-standards + specifications.rebit.org.in
AA (Account Aggregator),systematic_investment_plan,Account.Summary.Holdings.Holding,pendingInstalments,attribute,float,,,yes,Number of installment pending for the SIP period choosen at initial stage,Sahamati/account-aggregator-standards + specifications.rebit.org.in
AA (Account Aggregator),systematic_investment_plan,Account.Summary.Holdings.Holding,completeInstalments,attribute,float,,,yes,Number of installment alreay processed through SIP mode,Sahamati/account-aggregator-standards + specifications.rebit.org.in
AA (Account Aggregator),systematic_investment_plan,Account.Summary.Holdings.Holding,lastInstalmentDate,attribute,date,,,yes,Date of last installment when it was processed,Sahamati/account-aggregator-standards + specifications.rebit.org.in
AA (Account Aggregator),systematic_investment_plan,Account.Summary.Holdings.Holding,nextInstalmentDate,attribute,date,,,yes,Due date of last installment,Sahamati/account-aggregator-standards + specifications.rebit.org.in
AA (Account Aggregator),systematic_investment_plan,Account.Summary.Holdings.Holding,creationDate,attribute,date,,,yes,SIP creation date,Sahamati/account-aggregator-standards + specifications.rebit.org.in
AA (Account Aggregator),systematic_investment_plan,Account.Summary.Holdings.Holding,modificationDate,attribute,date,,,yes,"Modification Date of SIP in terms of SIP date, SIP amount etc",Sahamati/account-aggregator-standards + specifications.rebit.org.in
AA (Account Aggregator),systematic_investment_plan,Account.Summary.Holdings.Holding,ceasedDate,attribute,date,,,no,Ceased date of SIP,Sahamati/account-aggregator-standards + specifications.rebit.org.in
AA (Account Aggregator),systematic_investment_plan,Account.Summary.Investments,type,attribute,string,,,yes,,Sahamati/account-aggregator-standards + specifications.rebit.org.in
AA (Account Aggregator),systematic_investment_plan,Account.Summary.Investments,issueDate,attribute,date,,,yes,Issue date of investment as per period choosen,Sahamati/account-aggregator-standards + specifications.rebit.org.in
AA (Account Aggregator),systematic_investment_plan,Account.Summary.Investments,maturityDate,attribute,date,,,yes,Maturity date of investment,Sahamati/account-aggregator-standards + specifications.rebit.org.in
AA (Account Aggregator),systematic_investment_plan,Account.Summary.Investments.Investment,type,attribute,string,,,yes,,Sahamati/account-aggregator-standards + specifications.rebit.org.in
AA (Account Aggregator),systematic_investment_plan,Account.Summary.Investments.Investment,startDate,attribute,date,,,yes,Start date of investment as per period choosen,Sahamati/account-aggregator-standards + specifications.rebit.org.in
AA (Account Aggregator),systematic_investment_plan,Account.Summary.Investments.Investment,endDate,attribute,date,,,yes,End date of investment as per period choosen,Sahamati/account-aggregator-standards + specifications.rebit.org.in
AA (Account Aggregator),systematic_investment_plan,Account.Transactions,startDate,attribute,date,,,yes,Start date of transaction or period for which details are require,Sahamati/account-aggregator-standards + specifications.rebit.org.in
AA (Account Aggregator),systematic_investment_plan,Account.Transactions,endDate,attribute,date,,,yes,End date of transaction or period for which details are require,Sahamati/account-aggregator-standards + specifications.rebit.org.in
AA (Account Aggregator),systematic_investment_plan,Account.Transactions.Transaction,txnId,attribute,string,,,yes,Transaction ID recorded or captured for investment made,Sahamati/account-aggregator-standards + specifications.rebit.org.in
AA (Account Aggregator),systematic_investment_plan,Account.Transactions.Transaction,txnDate,attribute,string,,,yes,Date of transaction conducted,Sahamati/account-aggregator-standards + specifications.rebit.org.in
AA (Account Aggregator),systematic_investment_plan,Account.Transactions.Transaction,amc,attribute,string,,,yes,Name of asset management company associated with investment,Sahamati/account-aggregator-standards + specifications.rebit.org.in
AA (Account Aggregator),systematic_investment_plan,Account.Transactions.Transaction,scheme,attribute,string,,,yes,"Scheme in which investment made whether it direct, regular or growth option",Sahamati/account-aggregator-standards + specifications.rebit.org.in
AA (Account Aggregator),systematic_investment_plan,Account.Transactions.Transaction,isin,attribute,string,,,yes,International Securities Identification Number (ISIN) uniquely identifies a security.,Sahamati/account-aggregator-standards + specifications.rebit.org.in
AA (Account Aggregator),systematic_investment_plan,Account.Transactions.Transaction,ucc,attribute,string,,,yes,Uniform Commercial Code formal or legal code represent investment,Sahamati/account-aggregator-standards + specifications.rebit.org.in
AA (Account Aggregator),systematic_investment_plan,Account.Transactions.Transaction,amfiCode,attribute,string,,,yes,AMFI code associated with investment made,Sahamati/account-aggregator-standards + specifications.rebit.org.in
AA (Account Aggregator),systematic_investment_plan,Account.Transactions.Transaction,folioNo,attribute,string,,,yes,Unique folio number associated with investment,Sahamati/account-aggregator-standards + specifications.rebit.org.in
AA (Account Aggregator),systematic_investment_plan,Account.Transactions.Transaction,type,attribute,string,BUY|SELL|OTHERS,,yes,,Sahamati/account-aggregator-standards + specifications.rebit.org.in
AA (Account Aggregator),systematic_investment_plan,Account.Transactions.Transaction,narration,attribute,string,,,yes,Nararation is additional details in form of decription of remark associated with investment,Sahamati/account-aggregator-standards + specifications.rebit.org.in
AA (Account Aggregator),systematic_investment_plan,Account.Transactions.Transaction,units,attribute,string,,,yes,Number of Units which was purchased,Sahamati/account-aggregator-standards + specifications.rebit.org.in
AA (Account Aggregator),systematic_investment_plan,Account.Transactions.Transaction,nav,attribute,string,,,yes,NAV is current market rate of security held as on date,Sahamati/account-aggregator-standards + specifications.rebit.org.in
AA (Account Aggregator),systematic_investment_plan,Account.Transactions.Transaction,cost,attribute,float,,,yes,Transaction fee on the quantum of funds invested,Sahamati/account-aggregator-standards + specifications.rebit.org.in
AA (Account Aggregator),systematic_investment_plan,Account.Transactions.Transaction,stt,attribute,string,,,yes,Secuity Transaction Tax applicable on investment,Sahamati/account-aggregator-standards + specifications.rebit.org.in
AA (Account Aggregator),systematic_investment_plan,Account.Transactions.Transaction,amount,attribute,float,,,yes,Amount invested or to be invested at fixed intervals,Sahamati/account-aggregator-standards + specifications.rebit.org.in
AA (Account Aggregator),term_deposit,Account,type,attribute,NCName,,,yes,,Sahamati/account-aggregator-standards + specifications.rebit.org.in
AA (Account Aggregator),term_deposit,Account,maskedAccNumber,attribute,string,,,yes,,Sahamati/account-aggregator-standards + specifications.rebit.org.in
AA (Account Aggregator),term_deposit,Account,version,attribute,float,,,yes,,Sahamati/account-aggregator-standards + specifications.rebit.org.in
AA (Account Aggregator),term_deposit,Account,linkedAccRef,attribute,string,,,yes,,Sahamati/account-aggregator-standards + specifications.rebit.org.in
AA (Account Aggregator),term_deposit,Account.Profile.Holders,type,attribute,string,SINGLE|JOINT,,yes,,Sahamati/account-aggregator-standards + specifications.rebit.org.in
AA (Account Aggregator),term_deposit,Account.Profile.Holders.Holder,name,attribute,string,,,yes,Name of primary holder operating the account.,Sahamati/account-aggregator-standards + specifications.rebit.org.in
AA (Account Aggregator),term_deposit,Account.Profile.Holders.Holder,dob,attribute,date,,,yes,Date of birth of primary account holder.,Sahamati/account-aggregator-standards + specifications.rebit.org.in
AA (Account Aggregator),term_deposit,Account.Profile.Holders.Holder,mobile,attribute,integer,,,yes,Primary mobile number of account holder.,Sahamati/account-aggregator-standards + specifications.rebit.org.in
AA (Account Aggregator),term_deposit,Account.Profile.Holders.Holder,nominee,attribute,string,REGISTERED|NOT-REGISTERED,,yes,Name of nominee associated with the account.,Sahamati/account-aggregator-standards + specifications.rebit.org.in
AA (Account Aggregator),term_deposit,Account.Profile.Holders.Holder,landline,attribute,string,,,no,Landline of primary account holder.,Sahamati/account-aggregator-standards + specifications.rebit.org.in
AA (Account Aggregator),term_deposit,Account.Profile.Holders.Holder,address,attribute,string,,,no,Address of primary account holder,Sahamati/account-aggregator-standards + specifications.rebit.org.in
AA (Account Aggregator),term_deposit,Account.Profile.Holders.Holder,email,attribute,string,,[^@]+@[^\.]+\..+,no,Email ID of primary account holder,Sahamati/account-aggregator-standards + specifications.rebit.org.in
AA (Account Aggregator),term_deposit,Account.Profile.Holders.Holder,pan,attribute,string,,[a-zA-Z][a-zA-Z][a-zA-Z][a-zA-Z][a-zA-Z][0-9][0-9][0-9][0-9][a-zA-Z],no,PAN number of primary account holder,Sahamati/account-aggregator-standards + specifications.rebit.org.in
AA (Account Aggregator),term_deposit,Account.Profile.Holders.Holder,ckycCompliance,attribute,boolean,,,no,KYC status whether its completed or pending,Sahamati/account-aggregator-standards + specifications.rebit.org.in
AA (Account Aggregator),term_deposit,Account.Summary,branch,attribute,string,,,yes,Name of the brach,Sahamati/account-aggregator-standards + specifications.rebit.org.in
AA (Account Aggregator),term_deposit,Account.Summary,openingDate,attribute,date,,,yes,Opening date of the deposit account,Sahamati/account-aggregator-standards + specifications.rebit.org.in
AA (Account Aggregator),term_deposit,Account.Summary,ifsc,attribute,string,,,no,IFSC code of bank branch where investment was made,Sahamati/account-aggregator-standards + specifications.rebit.org.in
AA (Account Aggregator),term_deposit,Account.Summary,accountType,attribute,string,FIXED|SWEEP|RECURRING|SWEEP|FLEXIBLE|TAX-SAVING|FCNR|OTHERS,,yes,Type of account - fixed in this case,Sahamati/account-aggregator-standards + specifications.rebit.org.in
AA (Account Aggregator),term_deposit,Account.Summary,maturityAmount,attribute,float,,,yes,Amount which will be received on maturity,Sahamati/account-aggregator-standards + specifications.rebit.org.in
AA (Account Aggregator),term_deposit,Account.Summary,maturityDate,attribute,date,,,yes,Amount which will be received on maturity date,Sahamati/account-aggregator-standards + specifications.rebit.org.in
AA (Account Aggregator),term_deposit,Account.Summary,description,attribute,string,,,yes,Description or details of security in which investment made,Sahamati/account-aggregator-standards + specifications.rebit.org.in
AA (Account Aggregator),term_deposit,Account.Summary,interestPayout,attribute,string,MONTHLY|QUARTERLY|HALF-YEARLY|YEARLY|OnMaturity,,yes,Amount of interest which is paid to investor till date,Sahamati/account-aggregator-standards + specifications.rebit.org.in
AA (Account Aggregator),term_deposit,Account.Summary,interestRate,attribute,string,,,yes,Rate of interest which decided amount of maturity,Sahamati/account-aggregator-standards + specifications.rebit.org.in
AA (Account Aggregator),term_deposit,Account.Summary,principalAmount,attribute,string,,,yes,Amount which is investment in the security,Sahamati/account-aggregator-standards + specifications.rebit.org.in
AA (Account Aggregator),term_deposit,Account.Summary,tenureDays,attribute,string,,,yes,Days which are passed since investment made,Sahamati/account-aggregator-standards + specifications.rebit.org.in
AA (Account Aggregator),term_deposit,Account.Summary,tenureMonths,attribute,string,,,yes,Months which are passed since investment made,Sahamati/account-aggregator-standards + specifications.rebit.org.in
AA (Account Aggregator),term_deposit,Account.Summary,tenureYears,attribute,string,,,yes,Years which are passed since investment made,Sahamati/account-aggregator-standards + specifications.rebit.org.in
AA (Account Aggregator),term_deposit,Account.Summary,interestComputation,attribute,string,SIMPLE|COMPOUND,,yes,Whether interest is to be Compound or Simple,Sahamati/account-aggregator-standards + specifications.rebit.org.in
AA (Account Aggregator),term_deposit,Account.Summary,compoundingFrequency,attribute,string,MONTHLY|QUARTERLY|HALF-YEARLY|YEARLY,,yes,Frequency at which interest is compounded - monthly/quarterly/annually,Sahamati/account-aggregator-standards + specifications.rebit.org.in
AA (Account Aggregator),term_deposit,Account.Summary,interestPeriodicPayoutAmount,attribute,string,,,yes,The amount of interest paid out based on compounding frequency,Sahamati/account-aggregator-standards + specifications.rebit.org.in
AA (Account Aggregator),term_deposit,Account.Summary,interestOnMaturity,attribute,string,,,yes,Interest amount received on date of maturity,Sahamati/account-aggregator-standards + specifications.rebit.org.in
AA (Account Aggregator),term_deposit,Account.Summary,currentValue,attribute,string,,,yes,Current value of investment as on date,Sahamati/account-aggregator-standards + specifications.rebit.org.in
AA (Account Aggregator),term_deposit,Account.Transactions,startDate,attribute,date,,,yes,Start date of transaction or period for which details are require,Sahamati/account-aggregator-standards + specifications.rebit.org.in
AA (Account Aggregator),term_deposit,Account.Transactions,endDate,attribute,date,,,yes,End date of transaction or period for which details are require,Sahamati/account-aggregator-standards + specifications.rebit.org.in
AA (Account Aggregator),term_deposit,Account.Transactions.Transaction,txnId,attribute,string,,,yes,Transaction ID recorded or captured for investment made,Sahamati/account-aggregator-standards + specifications.rebit.org.in
AA (Account Aggregator),term_deposit,Account.Transactions.Transaction,amount,attribute,string,,,yes,Amount deposited for the specified term.,Sahamati/account-aggregator-standards + specifications.rebit.org.in
AA (Account Aggregator),term_deposit,Account.Transactions.Transaction,narration,attribute,string,,,yes,Nararation is additional details in form of decription of remark associated with investment.,Sahamati/account-aggregator-standards + specifications.rebit.org.in
AA (Account Aggregator),term_deposit,Account.Transactions.Transaction,type,attribute,string,OPENING|INTEREST|TDS|INSTALLMENT|CLOSING|OTHERS,,yes,Type of transaction whether withdrawal/debit or deposit/credit.,Sahamati/account-aggregator-standards + specifications.rebit.org.in
AA (Account Aggregator),term_deposit,Account.Transactions.Transaction,mode,attribute,string,CASH|ATM|CARD_PAYMENT|UPI|FT|OTHERS,,yes,Mode of investment captured whether online/demat or physical form.,Sahamati/account-aggregator-standards + specifications.rebit.org.in
AA (Account Aggregator),term_deposit,Account.Transactions.Transaction,balance,attribute,string,,,yes,Current value of investment,Sahamati/account-aggregator-standards + specifications.rebit.org.in
AA (Account Aggregator),term_deposit,Account.Transactions.Transaction,transactionDateTime,attribute,dateTime,,,yes,Transaction date time stamp for particular record when investment taken place.,Sahamati/account-aggregator-standards + specifications.rebit.org.in
AA (Account Aggregator),term_deposit,Account.Transactions.Transaction,valueDate,attribute,date,,,yes,"Date when the transaction actually carries out. For example., cheque realization.",Sahamati/account-aggregator-standards + specifications.rebit.org.in
AA (Account Aggregator),term_deposit,Account.Transactions.Transaction,reference,attribute,string,,,yes,The cheque or reference no for the given transaction.,Sahamati/account-aggregator-standards + specifications.rebit.org.in
AA (Account Aggregator),unit_linked_insurance_plan,Account,maskedAccNumber,attribute,string,,,yes,,Sahamati/account-aggregator-standards + specifications.rebit.org.in
AA (Account Aggregator),unit_linked_insurance_plan,Account,linkedAccRef,attribute,string,,,yes,,Sahamati/account-aggregator-standards + specifications.rebit.org.in
AA (Account Aggregator),unit_linked_insurance_plan,Account,version,attribute,float,,,yes,,Sahamati/account-aggregator-standards + specifications.rebit.org.in
AA (Account Aggregator),unit_linked_insurance_plan,Account,type,attribute,string,,,yes,,Sahamati/account-aggregator-standards + specifications.rebit.org.in
AA (Account Aggregator),unit_linked_insurance_plan,Account.Profile.Holders,type,attribute,string,SINGLE|JOINT,,yes,,Sahamati/account-aggregator-standards + specifications.rebit.org.in
AA (Account Aggregator),unit_linked_insurance_plan,Account.Profile.Holders.Holder,name,attribute,string,,,yes,Name of primary holder operating the account,Sahamati/account-aggregator-standards + specifications.rebit.org.in
AA (Account Aggregator),unit_linked_insurance_plan,Account.Profile.Holders.Holder,dob,attribute,date,,,yes,Date of birth of primary account holder,Sahamati/account-aggregator-standards + specifications.rebit.org.in
AA (Account Aggregator),unit_linked_insurance_plan,Account.Profile.Holders.Holder,mobile,attribute,integer,,,yes,Primary mobile number of account holder,Sahamati/account-aggregator-standards + specifications.rebit.org.in
AA (Account Aggregator),unit_linked_insurance_plan,Account.Profile.Holders.Holder,nominee,attribute,string,REGISTERED|NOT-REGISTERED,,yes,Name of nominee associated with the account.,Sahamati/account-aggregator-standards + specifications.rebit.org.in
AA (Account Aggregator),unit_linked_insurance_plan,Account.Profile.Holders.Holder,dematId,attribute,string,,,yes,Demat ID assigned or issued to investor,Sahamati/account-aggregator-standards + specifications.rebit.org.in
AA (Account Aggregator),unit_linked_insurance_plan,Account.Profile.Holders.Holder,landline,attribute,string,,,no,Landline number of account holder,Sahamati/account-aggregator-standards + specifications.rebit.org.in
AA (Account Aggregator),unit_linked_insurance_plan,Account.Profile.Holders.Holder,address,attribute,string,,,no,Address of account holder,Sahamati/account-aggregator-standards + specifications.rebit.org.in
AA (Account Aggregator),unit_linked_insurance_plan,Account.Profile.Holders.Holder,email,attribute,string,,[^@]+@[^\.]+\..+,yes,Email ID of primary account holder.,Sahamati/account-aggregator-standards + specifications.rebit.org.in
AA (Account Aggregator),unit_linked_insurance_plan,Account.Profile.Holders.Holder,pan,attribute,string,,[a-zA-Z][a-zA-Z][a-zA-Z][a-zA-Z][a-zA-Z][0-9][0-9][0-9][0-9][a-zA-Z],yes,PAN number of primary account holder.,Sahamati/account-aggregator-standards + specifications.rebit.org.in
AA (Account Aggregator),unit_linked_insurance_plan,Account.Profile.Holders.Holder,ckycCompliance,attribute,boolean,,,yes,KYC status whether its completed or pending.,Sahamati/account-aggregator-standards + specifications.rebit.org.in
AA (Account Aggregator),unit_linked_insurance_plan,Account.Profile.Riders.Rider,riderType,attribute,string,,,yes,"Type of Insurance Rider if present. E.g., Accidental death rider, waiver of premium, etc.",Sahamati/account-aggregator-standards + specifications.rebit.org.in
AA (Account Aggregator),unit_linked_insurance_plan,Account.Profile.Riders.Rider,sumAssured,attribute,float,,,yes,"The amount that the insurer agrees to pay on the occurrence of an event. E.g., the guaranteed amount that the beneficiary of the life insurance policy will receive in case of the holder's death.",Sahamati/account-aggregator-standards + specifications.rebit.org.in
AA (Account Aggregator),unit_linked_insurance_plan,Account.Profile.Riders.Rider,tenureYears,attribute,positiveInteger,,,yes,The duration in years for which the policy provides insurance coverage,Sahamati/account-aggregator-standards + specifications.rebit.org.in
AA (Account Aggregator),unit_linked_insurance_plan,Account.Profile.Riders.Rider,tenureMonths,attribute,positiveInteger,,,yes,The duration in months for which the policy provides insurance coverage.,Sahamati/account-aggregator-standards + specifications.rebit.org.in
AA (Account Aggregator),unit_linked_insurance_plan,Account.Profile.Riders.Rider,policyStartDate,attribute,date,,,yes,Start date of policy mentioned at the time of issuing.,Sahamati/account-aggregator-standards + specifications.rebit.org.in
AA (Account Aggregator),unit_linked_insurance_plan,Account.Profile.Riders.Rider,policyEndDate,attribute,date,,,yes,Date of policy when it will get expired.,Sahamati/account-aggregator-standards + specifications.rebit.org.in
AA (Account Aggregator),unit_linked_insurance_plan,Account.Profile.Riders.Rider,premiumAmount,attribute,float,,,yes,The amount paid periodically to the insurer by the holder for covering the risk.,Sahamati/account-aggregator-standards + specifications.rebit.org.in
AA (Account Aggregator),unit_linked_insurance_plan,Account.Profile.Riders.Rider,description,attribute,string,,,yes,,Sahamati/account-aggregator-standards + specifications.rebit.org.in
AA (Account Aggregator),unit_linked_insurance_plan,Account.Summary,type,attribute,string,LIFE|HEALTH,,yes,,Sahamati/account-aggregator-standards + specifications.rebit.org.in
AA (Account Aggregator),unit_linked_insurance_plan,Account.Summary,productName,attribute,string,,,yes,Name of the product hold by investor,Sahamati/account-aggregator-standards + specifications.rebit.org.in
AA (Account Aggregator),unit_linked_insurance_plan,Account.Summary,productDescription,attribute,string,,,yes,Decription of product hold by investor,Sahamati/account-aggregator-standards + specifications.rebit.org.in
AA (Account Aggregator),unit_linked_insurance_plan,Account.Summary,sumAssured,attribute,float,,,yes,Amount or Sum assured for investor in the policy.,Sahamati/account-aggregator-standards + specifications.rebit.org.in
AA (Account Aggregator),unit_linked_insurance_plan,Account.Summary,tenureYears,attribute,positiveInteger,,,yes,Years which are passed since investment made.,Sahamati/account-aggregator-standards + specifications.rebit.org.in
AA (Account Aggregator),unit_linked_insurance_plan,Account.Summary,tenureMonths,attribute,positiveInteger,,,yes,Months which are passed since investment made.,Sahamati/account-aggregator-standards + specifications.rebit.org.in
AA (Account Aggregator),unit_linked_insurance_plan,Account.Summary,premiumAmount,attribute,float,,,yes,The amount paid periodically to the insurer by the holder for covering the risk.,Sahamati/account-aggregator-standards + specifications.rebit.org.in
AA (Account Aggregator),unit_linked_insurance_plan,Account.Summary,policyStartDate,attribute,date,,,yes,Date since when policy is valid or stated.,Sahamati/account-aggregator-standards + specifications.rebit.org.in
AA (Account Aggregator),unit_linked_insurance_plan,Account.Summary,policyMaturityDate,attribute,date,,,yes,Date of maturity for investment .,Sahamati/account-aggregator-standards + specifications.rebit.org.in
AA (Account Aggregator),unit_linked_insurance_plan,Account.Summary,premiumFrequency,attribute,string,MONTHLY|QUARTERLY|HALF_YEARLY|YEARLY|ONE_TIME|OTHERS,,yes,"Frequnecy of premium to be paid whether monthly, quarterly or annually.",Sahamati/account-aggregator-standards + specifications.rebit.org.in
AA (Account Aggregator),unit_linked_insurance_plan,Account.Summary,premiumPaymentYears,attribute,positiveInteger,,,yes,Number of year till when premium is require to pay.,Sahamati/account-aggregator-standards + specifications.rebit.org.in
AA (Account Aggregator),unit_linked_insurance_plan,Account.Summary,premiumPaymentMonths,attribute,positiveInteger,,,yes,Number of month till when premium is require to pay.,Sahamati/account-aggregator-standards + specifications.rebit.org.in
AA (Account Aggregator),unit_linked_insurance_plan,Account.Summary,nextPremiumDueDate,attribute,date,,,yes,Due date for next premium of ULIP policy hold,Sahamati/account-aggregator-standards + specifications.rebit.org.in
AA (Account Aggregator),unit_linked_insurance_plan,Account.Summary.Holdings.Holding,name,attribute,string,,,yes,,Sahamati/account-aggregator-standards + specifications.rebit.org.in
AA (Account Aggregator),unit_linked_insurance_plan,Account.Summary.Holdings.Holding,type,attribute,string,DEBT|EQUITY|GUARANTEE|HYBRID|BALANCED|LIQUID|STABLE|GROWTH|DEFENSIVE|OTHERS,,yes,,Sahamati/account-aggregator-standards + specifications.rebit.org.in
AA (Account Aggregator),unit_linked_insurance_plan,Account.Summary.Holdings.Holding,units,attribute,positiveInteger,,,yes,Units allotted in folio till date.,Sahamati/account-aggregator-standards + specifications.rebit.org.in
AA (Account Aggregator),unit_linked_insurance_plan,Account.Summary.Holdings.Holding,cost,attribute,float,,,yes,,Sahamati/account-aggregator-standards + specifications.rebit.org.in
AA (Account Aggregator),unit_linked_insurance_plan,Account.Summary.Holdings.Holding,nav,attribute,string,,,yes,NAV is current market rate of security held as on date.,Sahamati/account-aggregator-standards + specifications.rebit.org.in
AA (Account Aggregator),unit_linked_insurance_plan,Account.Summary.Holdings.Holding,allocationPercentage,attribute,float,,,yes,"Seggragation and Percentage of units alloted in equity, debt and govt. funds",Sahamati/account-aggregator-standards + specifications.rebit.org.in
AA (Account Aggregator),unit_linked_insurance_plan,Account.Summary.Holdings.Holding,premiumAllocation,attribute,float,,,yes,Premium which is paid till date.,Sahamati/account-aggregator-standards + specifications.rebit.org.in
AA (Account Aggregator),unit_linked_insurance_plan,Account.Summary.Holdings.Holding,currentValue,attribute,float,,,yes,Current value of investment as on date.,Sahamati/account-aggregator-standards + specifications.rebit.org.in
AA (Account Aggregator),unit_linked_insurance_plan,Account.Summary.Holdings.Holding,description,attribute,string,,,yes,Description or details of security in which investment made.,Sahamati/account-aggregator-standards + specifications.rebit.org.in
AA (Account Aggregator),unit_linked_insurance_plan,Account.Transactions,startDate,attribute,,,,yes,Start date of investment since when it is applicable.,Sahamati/account-aggregator-standards + specifications.rebit.org.in
AA (Account Aggregator),unit_linked_insurance_plan,Account.Transactions,endDate,attribute,,,,yes,End date of investment when tenure get complete .,Sahamati/account-aggregator-standards + specifications.rebit.org.in
AA (Account Aggregator),unit_linked_insurance_plan,Account.Transactions.Transaction,txnId,attribute,string,,,yes,Transaction ID recorded or captured for investment made.,Sahamati/account-aggregator-standards + specifications.rebit.org.in
AA (Account Aggregator),unit_linked_insurance_plan,Account.Transactions.Transaction,txnDate,attribute,date,,,yes,Transaction date time stamp for particular record when investment taken place,Sahamati/account-aggregator-standards + specifications.rebit.org.in
AA (Account Aggregator),unit_linked_insurance_plan,Account.Transactions.Transaction,fundName,attribute,string,,,yes,Name of fund in which investment is made,Sahamati/account-aggregator-standards + specifications.rebit.org.in
AA (Account Aggregator),unit_linked_insurance_plan,Account.Transactions.Transaction,units,attribute,positiveInteger,,,yes,Units which are alloted in the portfolio of investor.,Sahamati/account-aggregator-standards + specifications.rebit.org.in
AA (Account Aggregator),unit_linked_insurance_plan,Account.Transactions.Transaction,nav,attribute,string,,,yes,NAV is current market rate of security held as on date,Sahamati/account-aggregator-standards + specifications.rebit.org.in
AA (Account Aggregator),unit_linked_insurance_plan,Account.Transactions.Transaction,navDate,attribute,date,,,yes,NAV is current market rate of security held as on date,Sahamati/account-aggregator-standards + specifications.rebit.org.in
AA (Account Aggregator),unit_linked_insurance_plan,Account.Transactions.Transaction,cost,attribute,float,,,yes,,Sahamati/account-aggregator-standards + specifications.rebit.org.in
AA (Account Aggregator),unit_linked_insurance_plan,Account.Transactions.Transaction,premium,attribute,float,,,yes,,Sahamati/account-aggregator-standards + specifications.rebit.org.in
AA (Account Aggregator),unit_linked_insurance_plan,Account.Transactions.Transaction,premiumAllocationCharge,attribute,float,,,yes,Premium charges applied on the allocation of fund,Sahamati/account-aggregator-standards + specifications.rebit.org.in
AA (Account Aggregator),unit_linked_insurance_plan,Account.Transactions.Transaction,otherCharges,attribute,float,,,yes,Other charge applied on the investment if applicable,Sahamati/account-aggregator-standards + specifications.rebit.org.in
AA (Account Aggregator),unit_linked_insurance_plan,Account.Transactions.Transaction,type,attribute,string,PURCHASE| PREMIMUM_PAYMENT|ONE_TIME_PAYMENT|TOP_UP|SWITCH_IN|SWITCH_OUT|PARTIAL_WITHDRAWAL|SWITCHING_FEE|ADMIN_FEE|MORALITY_FEE|SERVICE_TAX|PARTIAL_WITHDRAWAL_CHARGES|PREMIUM_REDIRECTION_CHARGES|PREMIUM_HOLIDAY_CHARGES|SURRENDER_CHARGES|TOP_UP_CHARGES|PREMIUM_ALLOCATION_CHARGES|OPENING_BALANCE|CLOSING_BALANCE|BONUS|RIDER_PREMIUM_CHARGES|ACTUAL_INVESTMENT|EDUCATION_FESS|MONTHLY_POLICY_CHARGES|RISK_PREMIUM|PREMIUM_RENEWAL|REVIAVAL|CHANGES_IN_POLICY_BENIFITS|CHAGNGES_IN_POLICY|STATUS|CHANGE_OF_ADDRESS|CHANGE_OF_ECS_BANK|CHANGE_OF_NOMINEE|CHANGE_IN_MODE_OF_PAYMENT|SWITCH| CHANGES_IN_MATURITY_DATE|OTHERS,,yes,,Sahamati/account-aggregator-standards + specifications.rebit.org.in
AA (Account Aggregator),unit_linked_insurance_plan,Account.Transactions.Transaction,narration,attribute,string,,,yes,Nararation is additional details in form of decription of remark associated with investment.,Sahamati/account-aggregator-standards + specifications.rebit.org.in
OCEN 4.0,OTPBlock,OTPBlock,appToken,property,string,,,no,<token for auto-reading otp>,github.com/karthikiyerks/OCEN (iSPIRT spec mirror)
OCEN 4.0,OTPBlock,OTPBlock,otpSessionKey,property,string,,,no,,github.com/karthikiyerks/OCEN (iSPIRT spec mirror)
OCEN 4.0,OTPBlock,OTPBlock,maskedPhoneNumber,property,string,,,no,XXXXXXX775,github.com/karthikiyerks/OCEN (iSPIRT spec mirror)
OCEN 4.0,OTPBlock,OTPBlock,otp,property,number,,,no,856429,github.com/karthikiyerks/OCEN (iSPIRT spec mirror)
OCEN 4.0,OTPBlock,OTPBlock,status,property,string,SUCCESS|INVALID_SESSION|INCORRECT_OTP,,yes,,github.com/karthikiyerks/OCEN (iSPIRT spec mirror)
OCEN 4.0,OTPBlock,OTPBlock,url,property,string,,,no,,github.com/karthikiyerks/OCEN (iSPIRT spec mirror)
OCEN 4.0,OTPBlock,OTPBlock,extensibleData,property,object:extensibleData,,,no,,github.com/karthikiyerks/OCEN (iSPIRT spec mirror)
OCEN 4.0,accountdetails,accountdetails,id,property,string,,,no,,github.com/karthikiyerks/OCEN (iSPIRT spec mirror)
OCEN 4.0,accountdetails,accountdetails,description,property,string,,,no,,github.com/karthikiyerks/OCEN (iSPIRT spec mirror)
OCEN 4.0,accountdetails,accountdetails,status,property,string,ACTIVE|INACTIVE,,no,,github.com/karthikiyerks/OCEN (iSPIRT spec mirror)
OCEN 4.0,accountdetails,accountdetails,accountDataType,property,string,ACCOUNT|VPA,,yes,,github.com/karthikiyerks/OCEN (iSPIRT spec mirror)
OCEN 4.0,accountdetails,accountdetails,data,property,object:accountdetailsdata,,,yes,,github.com/karthikiyerks/OCEN (iSPIRT spec mirror)
OCEN 4.0,accountdetails,accountdetails,extensibleData,property,object:extensibleData,,,no,,github.com/karthikiyerks/OCEN (iSPIRT spec mirror)
OCEN 4.0,accountdetailsdata,accountdetailsdata,accountType,property,string,CURRENT|SAVING|OVERDRAFT,,no,,github.com/karthikiyerks/OCEN (iSPIRT spec mirror)
OCEN 4.0,accountdetailsdata,accountdetailsdata,accountIFSC,property,string,,,no,ICK000856,github.com/karthikiyerks/OCEN (iSPIRT spec mirror)
OCEN 4.0,accountdetailsdata,accountdetailsdata,accountNumber,property,string,,,no,11250789101486249090,github.com/karthikiyerks/OCEN (iSPIRT spec mirror)
OCEN 4.0,accountdetailsdata,accountdetailsdata,vpa,property,string,,,no,,github.com/karthikiyerks/OCEN (iSPIRT spec mirror)
OCEN 4.0,accountdetailsdata,accountdetailsdata,maskedAccountNumber,property,string,,,no,XXXXXXXXX9090,github.com/karthikiyerks/OCEN (iSPIRT spec mirror)
OCEN 4.0,ack,ack,error,property,string,,,yes,0,github.com/karthikiyerks/OCEN (iSPIRT spec mirror)
OCEN 4.0,ack,ack,traceId,property,string,,,yes,e8cc6822-d4bb-4eb1-9e1b-4996fbff8acb,github.com/karthikiyerks/OCEN (iSPIRT spec mirror)
OCEN 4.0,ack,ack,timestamp,property,string,,,yes,2018-12-06T11:39:57.153Z,github.com/karthikiyerks/OCEN (iSPIRT spec mirror)
OCEN 4.0,actionrequired,actionrequired,actionType,property,string,ADD_DOCUMENT|RESUBMIT_DOCUMENT|OTHER,,yes,,github.com/karthikiyerks/OCEN (iSPIRT spec mirror)
OCEN 4.0,actionrequired,actionrequired,description,property,string,,,yes,DL number not visible,github.com/karthikiyerks/OCEN (iSPIRT spec mirror)
OCEN 4.0,actionrequired,actionrequired,reference,property,object:reference,,,yes,,github.com/karthikiyerks/OCEN (iSPIRT spec mirror)
OCEN 4.0,actionrequired,actionrequired,url,property,string,,,no,,github.com/karthikiyerks/OCEN (iSPIRT spec mirror)
OCEN 4.0,actionrequired,actionrequired,extensibleData,property,object:extensibleData,,,no,,github.com/karthikiyerks/OCEN (iSPIRT spec mirror)
OCEN 4.0,additionalidentifier,additionalidentifier,key,property,string,,,yes,,github.com/karthikiyerks/OCEN (iSPIRT spec mirror)
OCEN 4.0,additionalidentifier,additionalidentifier,value,property,string,,,yes,AADHAAR,github.com/karthikiyerks/OCEN (iSPIRT spec mirror)
OCEN 4.0,additionalidentifier,additionalidentifier,url,property,string,,,no,,github.com/karthikiyerks/OCEN (iSPIRT spec mirror)
OCEN 4.0,additionalidentifier,additionalidentifier,extensibleData,property,object:extensibleData,,,no,,github.com/karthikiyerks/OCEN (iSPIRT spec mirror)
OCEN 4.0,address,address,hba,property,string,,,yes,<House/Building/Apartment>,github.com/karthikiyerks/OCEN (iSPIRT spec mirror)
OCEN 4.0,address,address,srl,property,string,,,yes,<Street/Road/Lane>,github.com/karthikiyerks/OCEN (iSPIRT spec mirror)
OCEN 4.0,address,address,landmark,property,string,,,no,,github.com/karthikiyerks/OCEN (iSPIRT spec mirror)
OCEN 4.0,address,address,als,property,string,,,no,<Area/Locality/Sector>,github.com/karthikiyerks/OCEN (iSPIRT spec mirror)
OCEN 4.0,address,address,vtc,property,string,,,no,<Village/Town/City>,github.com/karthikiyerks/OCEN (iSPIRT spec mirror)
OCEN 4.0,address,address,pinCode,property,string,,,yes,,github.com/karthikiyerks/OCEN (iSPIRT spec mirror)
OCEN 4.0,address,address,po,property,string,,,no,,github.com/karthikiyerks/OCEN (iSPIRT spec mirror)
OCEN 4.0,address,address,district,property,string,,,no,,github.com/karthikiyerks/OCEN (iSPIRT spec mirror)
OCEN 4.0,address,address,state,property,string,,,yes,,github.com/karthikiyerks/OCEN (iSPIRT spec mirror)
OCEN 4.0,address,address,country,property,string,,,yes,,github.com/karthikiyerks/OCEN (iSPIRT spec mirror)
OCEN 4.0,address,address,url,property,string,,,no,<digital address>,github.com/karthikiyerks/OCEN (iSPIRT spec mirror)
OCEN 4.0,address,address,latitude,property,string,,,no,,github.com/karthikiyerks/OCEN (iSPIRT spec mirror)
OCEN 4.0,address,address,longitude,property,string,,,no,,github.com/karthikiyerks/OCEN (iSPIRT spec mirror)
OCEN 4.0,address,address,extensibleData,property,object:extensibleData,,,no,,github.com/karthikiyerks/OCEN (iSPIRT spec mirror)
OCEN 4.0,applicant,applicant,primaryId,property,string,,,yes,<PAN NO.>,github.com/karthikiyerks/OCEN (iSPIRT spec mirror)
OCEN 4.0,applicant,applicant,primaryIdType,property,string,PAN|MOBILE|AADHAAR,,yes,,github.com/karthikiyerks/OCEN (iSPIRT spec mirror)
OCEN 4.0,applicant,applicant,additionalIdentifiers,property,array<additionalidentifier>,,,no,,github.com/karthikiyerks/OCEN (iSPIRT spec mirror)
OCEN 4.0,applicant,applicant,name,property,string,,,no,,github.com/karthikiyerks/OCEN (iSPIRT spec mirror)
OCEN 4.0,applicant,applicant,category,property,string,ORGANIZATION|INDIVIDUAL,,no,,github.com/karthikiyerks/OCEN (iSPIRT spec mirror)
OCEN 4.0,applicant,applicant,relationshipWithBorrower,property,string,,,no,,github.com/karthikiyerks/OCEN (iSPIRT spec mirror)
OCEN 4.0,applicant,applicant,contactDetails,property,array<contactdetails>,,,no,,github.com/karthikiyerks/OCEN (iSPIRT spec mirror)
OCEN 4.0,applicant,applicant,documents,property,array<document>,,,no,,github.com/karthikiyerks/OCEN (iSPIRT spec mirror)
OCEN 4.0,applicant,applicant,url,property,string,,,no,,github.com/karthikiyerks/OCEN (iSPIRT spec mirror)
OCEN 4.0,applicant,applicant,extensibleData,property,object:extensibleData,,,no,,github.com/karthikiyerks/OCEN (iSPIRT spec mirror)
OCEN 4.0,borrower,borrower,primaryId,property,string,,,yes,CPAA1234A,github.com/karthikiyerks/OCEN (iSPIRT spec mirror)
OCEN 4.0,borrower,borrower,primaryIdType,property,string,PAN|MOBILE|AADHAAR,,yes,,github.com/karthikiyerks/OCEN (iSPIRT spec mirror)
OCEN 4.0,borrower,borrower,additionalIdentifiers,property,array<additionalidentifier>,,,no,,github.com/karthikiyerks/OCEN (iSPIRT spec mirror)
OCEN 4.0,borrower,borrower,name,property,string,,,no,John doe,github.com/karthikiyerks/OCEN (iSPIRT spec mirror)
OCEN 4.0,borrower,borrower,category,property,string,ORGANIZATION|INDIVIDUAL,,yes,,github.com/karthikiyerks/OCEN (iSPIRT spec mirror)
OCEN 4.0,borrower,borrower,contactDetails,property,array<contactdetails>,,,yes,,github.com/karthikiyerks/OCEN (iSPIRT spec mirror)
OCEN 4.0,borrower,borrower,documents,property,array<document>,,,no,,github.com/karthikiyerks/OCEN (iSPIRT spec mirror)
OCEN 4.0,borrower,borrower,url,property,string,,,no,,github.com/karthikiyerks/OCEN (iSPIRT spec mirror)
OCEN 4.0,borrower,borrower,extensibleData,property,object:extensibleData,,,no,,github.com/karthikiyerks/OCEN (iSPIRT spec mirror)
OCEN 4.0,chargedetails,chargedetails,chargeType,property,string,FIXED_AMOUNT|RATE_BASED,,yes,,github.com/karthikiyerks/OCEN (iSPIRT spec mirror)
OCEN 4.0,chargedetails,chargedetails,data,property,object,,,yes,,github.com/karthikiyerks/OCEN (iSPIRT spec mirror)
OCEN 4.0,chargedetails,chargedetails,url,property,string,,,no,,github.com/karthikiyerks/OCEN (iSPIRT spec mirror)
OCEN 4.0,chargedetails,chargedetails,extensibleData,property,object:extensibleData,,,no,,github.com/karthikiyerks/OCEN (iSPIRT spec mirror)
OCEN 4.0,charges,charges,prepayment,property,object:chargedetails,,,no,,github.com/karthikiyerks/OCEN (iSPIRT spec mirror)
OCEN 4.0,charges,charges,bounce,property,object:chargedetails,,,no,,github.com/karthikiyerks/OCEN (iSPIRT spec mirror)
OCEN 4.0,charges,charges,latePayment,property,object:chargedetails,,,no,,github.com/karthikiyerks/OCEN (iSPIRT spec mirror)
OCEN 4.0,charges,charges,processing,property,object:chargedetails,,,no,,github.com/karthikiyerks/OCEN (iSPIRT spec mirror)
OCEN 4.0,chosenDisbursement,chosenDisbursement,plan,property,object:paymentplan,,,yes,,github.com/karthikiyerks/OCEN (iSPIRT spec mirror)
OCEN 4.0,chosenDisbursement,chosenDisbursement,accountDetails,property,object:accountdetails,,,no,,github.com/karthikiyerks/OCEN (iSPIRT spec mirror)
OCEN 4.0,chosenRepayment,chosenRepayment,plan,property,object:paymentplan,,,yes,,github.com/karthikiyerks/OCEN (iSPIRT spec mirror)
OCEN 4.0,chosenRepayment,chosenRepayment,method,property,object:paymentmethod,,,no,,github.com/karthikiyerks/OCEN (iSPIRT spec mirror)
OCEN 4.0,collateral,collateral,collateralPrimaryId,property,string,,,yes,INVOICE_<GSTIN>_<INVOICENUM>,github.com/karthikiyerks/OCEN (iSPIRT spec mirror)
OCEN 4.0,collateral,collateral,collateralPrimaryIdType,property,string,GST_INVOICE|VIN|<OTHER VALID REGISTRY>,,yes,,github.com/karthikiyerks/OCEN (iSPIRT spec mirror)
OCEN 4.0,collateral,collateral,additionalIdentifiers,property,array<additionalidentifier>,,,yes,,github.com/karthikiyerks/OCEN (iSPIRT spec mirror)
OCEN 4.0,collateral,collateral,valuation,property,object:valuation,,,no,,github.com/karthikiyerks/OCEN (iSPIRT spec mirror)
OCEN 4.0,collateral,collateral,parties,property,array<party>,,,yes,,github.com/karthikiyerks/OCEN (iSPIRT spec mirror)
OCEN 4.0,collateral,collateral,type,property,string,GST_INVOICE|VEHICLE|HOME,,yes,,github.com/karthikiyerks/OCEN (iSPIRT spec mirror)
OCEN 4.0,collateral,collateral,description,property,string,,,no,,github.com/karthikiyerks/OCEN (iSPIRT spec mirror)
OCEN 4.0,collateral,collateral,documents,property,array<document>,,,yes,,github.com/karthikiyerks/OCEN (iSPIRT spec mirror)
OCEN 4.0,collateral,collateral,url,property,string,,,no,,github.com/karthikiyerks/OCEN (iSPIRT spec mirror)
OCEN 4.0,collateral,collateral,extensibleData,property,object:extensibleData,,,no,,github.com/karthikiyerks/OCEN (iSPIRT spec mirror)
OCEN 4.0,consent,consent,consentFetchType,property,string,ONETIME|PERIODIC,,no,,github.com/karthikiyerks/OCEN (iSPIRT spec mirror)
OCEN 4.0,consent,consent,vua,property,string,,,no,user@aa.in,github.com/karthikiyerks/OCEN (iSPIRT spec mirror)
OCEN 4.0,consent,consent,description,property,string,,,no,,github.com/karthikiyerks/OCEN (iSPIRT spec mirror)
OCEN 4.0,consent,consent,isAggregationEnabled,property,boolean,,,no,True,github.com/karthikiyerks/OCEN (iSPIRT spec mirror)
OCEN 4.0,consent,consent,consentAggregationId,property,string,,,no,e8cc6822bd4bbb4eb1b9e1b4996fbff8acd,github.com/karthikiyerks/OCEN (iSPIRT spec mirror)
OCEN 4.0,consent,consent,lspInfo,property,object:lspinfo,,,no,,github.com/karthikiyerks/OCEN (iSPIRT spec mirror)
OCEN 4.0,consent,consent,consentHandle,property,string,,,no,,github.com/karthikiyerks/OCEN (iSPIRT spec mirror)
OCEN 4.0,consent,consent,consentStatus,property,string,READY|PENDING|FAILED,,no,,github.com/karthikiyerks/OCEN (iSPIRT spec mirror)
OCEN 4.0,consent,consent,url,property,string,,,no,,github.com/karthikiyerks/OCEN (iSPIRT spec mirror)
OCEN 4.0,consent,consent,extensibleData,property,object:extensibleData,,,no,,github.com/karthikiyerks/OCEN (iSPIRT spec mirror)
OCEN 4.0,contactdetails,contactdetails,type,property,string,PRIMARY|OTHER,,yes,,github.com/karthikiyerks/OCEN (iSPIRT spec mirror)
OCEN 4.0,contactdetails,contactdetails,desctiption,property,string,,,no,,github.com/karthikiyerks/OCEN (iSPIRT spec mirror)
OCEN 4.0,contactdetails,contactdetails,phone,property,string,,,yes,7777777777,github.com/karthikiyerks/OCEN (iSPIRT spec mirror)
OCEN 4.0,contactdetails,contactdetails,email,property,string,,,no,johndoe@defenterprises,github.com/karthikiyerks/OCEN (iSPIRT spec mirror)
OCEN 4.0,contactdetails,contactdetails,address,property,object:address,,,no,,github.com/karthikiyerks/OCEN (iSPIRT spec mirror)
OCEN 4.0,contactdetails,contactdetails,url,property,string,,,no,,github.com/karthikiyerks/OCEN (iSPIRT spec mirror)
OCEN 4.0,contactdetails,contactdetails,extensibleData,property,object:extensibleData,,,no,,github.com/karthikiyerks/OCEN (iSPIRT spec mirror)
OCEN 4.0,credBlock,credBlock,type,property,string,OTP,,yes,,github.com/karthikiyerks/OCEN (iSPIRT spec mirror)
OCEN 4.0,credBlock,credBlock,data,property,object:OTPBlock,,,yes,,github.com/karthikiyerks/OCEN (iSPIRT spec mirror)
OCEN 4.0,credBlock,credBlock,extensibleData,property,object:extensibleData,,,no,,github.com/karthikiyerks/OCEN (iSPIRT spec mirror)
OCEN 4.0,creditscoretype,creditscoretype,value,property,string,,,yes,,github.com/karthikiyerks/OCEN (iSPIRT spec mirror)
OCEN 4.0,creditscoretype,creditscoretype,source,property,string,LSP|PLATFORMS,,yes,,github.com/karthikiyerks/OCEN (iSPIRT spec mirror)
OCEN 4.0,creditscoretype,creditscoretype,sourceIdentifier,property,string,,,no,SWIGGY,github.com/karthikiyerks/OCEN (iSPIRT spec mirror)
OCEN 4.0,creditscoretype,creditscoretype,url,property,string,,,no,,github.com/karthikiyerks/OCEN (iSPIRT spec mirror)
OCEN 4.0,creditscoretype,creditscoretype,extensibleData,property,object:extensibleData,,,no,,github.com/karthikiyerks/OCEN (iSPIRT spec mirror)
OCEN 4.0,disbursement,disbursement,plans,property,array<paymentplan>,,,yes,,github.com/karthikiyerks/OCEN (iSPIRT spec mirror)
OCEN 4.0,disbursement,disbursement,accountDetails,property,array<accountdetails>,,,no,,github.com/karthikiyerks/OCEN (iSPIRT spec mirror)
OCEN 4.0,dispute,dispute,id,property,string,,,no,,github.com/karthikiyerks/OCEN (iSPIRT spec mirror)
OCEN 4.0,dispute,dispute,description,property,string,,,no,,github.com/karthikiyerks/OCEN (iSPIRT spec mirror)
OCEN 4.0,dispute,dispute,url,property,string,,,no,,github.com/karthikiyerks/OCEN (iSPIRT spec mirror)
OCEN 4.0,dispute,dispute,status,property,string,NEW|PROCESSING|NEED_MORE_INFO|RESOLVED|CLOSED,,no,,github.com/karthikiyerks/OCEN (iSPIRT spec mirror)
OCEN 4.0,dispute,dispute,extensibleData,property,object:extensibleData,,,no,,github.com/karthikiyerks/OCEN (iSPIRT spec mirror)
OCEN 4.0,document,document,source,property,string,GSTN|AA|FIP|FSR|FIU|USER,,yes,,github.com/karthikiyerks/OCEN (iSPIRT spec mirror)
OCEN 4.0,document,document,sourceIdentifier,property,string,,,yes,GSTN,github.com/karthikiyerks/OCEN (iSPIRT spec mirror)
OCEN 4.0,document,document,format,property,string,JSON|DOC|IMAGE|CSV|XML,,yes,,github.com/karthikiyerks/OCEN (iSPIRT spec mirror)
OCEN 4.0,document,document,reference,property,string,,,yes,docref12,github.com/karthikiyerks/OCEN (iSPIRT spec mirror)
OCEN 4.0,document,document,type,property,string,GST_PROFILE|GSTN_B2B_INVOICE|PAN|AADHAAR|DRIVING_LICENSE|PASSPORT|OTHER,,yes,,github.com/karthikiyerks/OCEN (iSPIRT spec mirror)
OCEN 4.0,document,document,isDataInline,property,boolean,,,yes,,github.com/karthikiyerks/OCEN (iSPIRT spec mirror)
OCEN 4.0,document,document,data,property,string,,,yes,eyJzdGpDZCI6IkFQMDAzIiwibGdubSI6Ik1TIENPUlBPUkFUSU9OIiwic3RqIjoiQkNQIEtPRElLT05EQSIsImR0eSI6IlJlZ3VsYXIiLCJjeGR0IjoiIiwi,github.com/karthikiyerks/OCEN (iSPIRT spec mirror)
OCEN 4.0,guarantor,guarantor,primaryId,property,string,,,yes,CPAA1234A,github.com/karthikiyerks/OCEN (iSPIRT spec mirror)
OCEN 4.0,guarantor,guarantor,primaryIdType,property,string,PAN|MOBILE|AADHAAR,,yes,,github.com/karthikiyerks/OCEN (iSPIRT spec mirror)
OCEN 4.0,guarantor,guarantor,description,property,string,,,no,,github.com/karthikiyerks/OCEN (iSPIRT spec mirror)
OCEN 4.0,guarantor,guarantor,additionalIdentifiers,property,array<additionalidentifier>,,,no,,github.com/karthikiyerks/OCEN (iSPIRT spec mirror)
OCEN 4.0,guarantor,guarantor,name,property,string,,,no,John doe,github.com/karthikiyerks/OCEN (iSPIRT spec mirror)
OCEN 4.0,guarantor,guarantor,relationshipWithBorrower,property,string,,,no,Father,github.com/karthikiyerks/OCEN (iSPIRT spec mirror)
OCEN 4.0,guarantor,guarantor,category,property,string,ORGANIZATION|INDIVIDUAL,,yes,,github.com/karthikiyerks/OCEN (iSPIRT spec mirror)
OCEN 4.0,guarantor,guarantor,contactDetails,property,array<contactdetails>,,,yes,,github.com/karthikiyerks/OCEN (iSPIRT spec mirror)
OCEN 4.0,guarantor,guarantor,documents,property,array<document>,,,yes,,github.com/karthikiyerks/OCEN (iSPIRT spec mirror)
OCEN 4.0,guarantor,guarantor,url,property,string,,,no,,github.com/karthikiyerks/OCEN (iSPIRT spec mirror)
OCEN 4.0,guarantor,guarantor,extensibleData,property,object:extensibleData,,,no,,github.com/karthikiyerks/OCEN (iSPIRT spec mirror)
OCEN 4.0,kyc,kyc,verificationStatus,property,string,SUCCESS|REJECTED|PENDING|ACTION_REQUIRED,,no,,github.com/karthikiyerks/OCEN (iSPIRT spec mirror)
OCEN 4.0,kyc,kyc,kycRefNo,property,string,,,no,,github.com/karthikiyerks/OCEN (iSPIRT spec mirror)
OCEN 4.0,kyc,kyc,url,property,string,,,no,,github.com/karthikiyerks/OCEN (iSPIRT spec mirror)
OCEN 4.0,kyc,kyc,initiateCKYC,property,boolean,,,no,,github.com/karthikiyerks/OCEN (iSPIRT spec mirror)
OCEN 4.0,kyc,kyc,individualKYC,property,object:kycdetails,,,no,,github.com/karthikiyerks/OCEN (iSPIRT spec mirror)
OCEN 4.0,kyc,kyc,entityKYC,property,object:kycdetails,,,no,,github.com/karthikiyerks/OCEN (iSPIRT spec mirror)
OCEN 4.0,kyc,kyc,extensibleData,property,object:extensibleData,,,no,,github.com/karthikiyerks/OCEN (iSPIRT spec mirror)
OCEN 4.0,kycdetails,kycdetails,kycRefNo,property,string,,,no,,github.com/karthikiyerks/OCEN (iSPIRT spec mirror)
OCEN 4.0,kycdetails,kycdetails,type,property,string,CKYC|UDYAM|OFFLINE_AADHAAR,,no,,github.com/karthikiyerks/OCEN (iSPIRT spec mirror)
OCEN 4.0,kycdetails,kycdetails,url,property,string,,,no,,github.com/karthikiyerks/OCEN (iSPIRT spec mirror)
OCEN 4.0,kycdetails,kycdetails,status,property,string,SUCCESS|REJECTED|PENDING|ACTION_REQUIRED,,no,,github.com/karthikiyerks/OCEN (iSPIRT spec mirror)
OCEN 4.0,kycdetails,kycdetails,description,property,string,,,no,,github.com/karthikiyerks/OCEN (iSPIRT spec mirror)
OCEN 4.0,kycdetails,kycdetails,udyamRegistrationNumber,property,string,,,no,,github.com/karthikiyerks/OCEN (iSPIRT spec mirror)
OCEN 4.0,kycdetails,kycdetails,businessType,property,string,MICRO|SMALL|MEDIUM,,no,,github.com/karthikiyerks/OCEN (iSPIRT spec mirror)
OCEN 4.0,kycdetails,kycdetails,businessCategory,property,string,SERVICE|MANUFACTURING,,no,,github.com/karthikiyerks/OCEN (iSPIRT spec mirror)
OCEN 4.0,kycdetails,kycdetails,businessName,property,string,,,no,,github.com/karthikiyerks/OCEN (iSPIRT spec mirror)
OCEN 4.0,kycdetails,kycdetails,businessAddress,property,,,,no,,github.com/karthikiyerks/OCEN (iSPIRT spec mirror)
OCEN 4.0,kycdetails,kycdetails,businessEmail,property,string,,,no,,github.com/karthikiyerks/OCEN (iSPIRT spec mirror)
OCEN 4.0,kycdetails,kycdetails,businessPhoneNumber,property,string,,,no,,github.com/karthikiyerks/OCEN (iSPIRT spec mirror)
OCEN 4.0,kycdetails,kycdetails,incorporationDate,property,string,,,no,,github.com/karthikiyerks/OCEN (iSPIRT spec mirror)
OCEN 4.0,kycdetails,kycdetails,businessCommencementDate,property,string,,,no,,github.com/karthikiyerks/OCEN (iSPIRT spec mirror)
OCEN 4.0,kycdetails,kycdetails,udyamRegistrationDate,property,string,,,no,,github.com/karthikiyerks/OCEN (iSPIRT spec mirror)
OCEN 4.0,kycdetails,kycdetails,extensibleData,property,object:extensibleData,,,no,,github.com/karthikiyerks/OCEN (iSPIRT spec mirror)
OCEN 4.0,kycdetails,kycdetails,fullName,property,string,,,no,,github.com/karthikiyerks/OCEN (iSPIRT spec mirror)
OCEN 4.0,kycdetails,kycdetails,dob,property,string,,,no,,github.com/karthikiyerks/OCEN (iSPIRT spec mirror)
OCEN 4.0,kycdetails,kycdetails,address,property,object:address,,,no,,github.com/karthikiyerks/OCEN (iSPIRT spec mirror)
OCEN 4.0,lender,lender,primaryId,property,,,,yes,AWWPA7645M,github.com/karthikiyerks/OCEN (iSPIRT spec mirror)
OCEN 4.0,lender,lender,primaryIdType,property,string,PAN|MOBILE|AADHAAR|FIU,,yes,,github.com/karthikiyerks/OCEN (iSPIRT spec mirror)
OCEN 4.0,lender,lender,additionalIdentifiers,property,array<additionalidentifier>,,,no,,github.com/karthikiyerks/OCEN (iSPIRT spec mirror)
OCEN 4.0,lender,lender,name,property,string,,,yes,ABC Bank,github.com/karthikiyerks/OCEN (iSPIRT spec mirror)
OCEN 4.0,lender,lender,category,property,string,ORGANIZATION|INDIVIDUAL,,yes,,github.com/karthikiyerks/OCEN (iSPIRT spec mirror)
OCEN 4.0,lender,lender,contactDetails,property,array<contactdetails>,,,yes,,github.com/karthikiyerks/OCEN (iSPIRT spec mirror)
OCEN 4.0,lender,lender,documents,property,array<document>,,,yes,,github.com/karthikiyerks/OCEN (iSPIRT spec mirror)
OCEN 4.0,lender,lender,url,property,string,,,no,,github.com/karthikiyerks/OCEN (iSPIRT spec mirror)
OCEN 4.0,lender,lender,extensibleData,property,object:extensibleData,,,no,,github.com/karthikiyerks/OCEN (iSPIRT spec mirror)
OCEN 4.0,loanAgreement,loanAgreement,type,property,string,TEXT|URL,,yes,,github.com/karthikiyerks/OCEN (iSPIRT spec mirror)
OCEN 4.0,loanAgreement,loanAgreement,data,property,string,,,yes,,github.com/karthikiyerks/OCEN (iSPIRT spec mirror)
OCEN 4.0,loanApplication,loanApplication,loanApplicationId,property,string,,,yes,x8cc6822bd4bbb4eb1b9e1b4996fbff8acb,github.com/karthikiyerks/OCEN (iSPIRT spec mirror)
OCEN 4.0,loanApplication,loanApplication,actionRequired,property,object:actionrequired,,,no,,github.com/karthikiyerks/OCEN (iSPIRT spec mirror)
OCEN 4.0,loanApplication,loanApplication,rejectionDetails,property,object:rejectiondetail,,,no,,github.com/karthikiyerks/OCEN (iSPIRT spec mirror)
OCEN 4.0,loanApplication,loanApplication,offers,property,object:offer,,,no,,github.com/karthikiyerks/OCEN (iSPIRT spec mirror)
OCEN 4.0,loanApplication,loanApplication,loanApplicationStatus,property,string,,,yes,OFFER_ACCEPTED / PROCESSING / OFFERED / GRANTED / REJECTED,github.com/karthikiyerks/OCEN (iSPIRT spec mirror)
OCEN 4.0,loanDetail,loanDetail,loanId,property,string,,,yes,ajaxbhbxijdxioj9snjnx,github.com/karthikiyerks/OCEN (iSPIRT spec mirror)
OCEN 4.0,loanDetail,loanDetail,terms,property,object:loanterms,,,yes,,github.com/karthikiyerks/OCEN (iSPIRT spec mirror)
OCEN 4.0,loanOffer,loanOffer,loanApplicationId,property,string,,,yes,,github.com/karthikiyerks/OCEN (iSPIRT spec mirror)
OCEN 4.0,loanOffer,loanOffer,rejectionDetails,property,array<rejectiondetail>,,,no,,github.com/karthikiyerks/OCEN (iSPIRT spec mirror)
OCEN 4.0,loanOffer,loanOffer,actionRequired,property,array<actionrequired>,,,no,,github.com/karthikiyerks/OCEN (iSPIRT spec mirror)
OCEN 4.0,loanOffer,loanOffer,offers,property,array<offer>,,,no,,github.com/karthikiyerks/OCEN (iSPIRT spec mirror)
OCEN 4.0,loanOffer,loanOffer,loanApplicationStatus,property,string,PROCESSING|OFFERED|OFFER_ACCEPTED|GRANTED|REJECTED|ACTION REQUIRED,,yes,,github.com/karthikiyerks/OCEN (iSPIRT spec mirror)
OCEN 4.0,loantenure,loantenure,duration,property,string,,,yes,,github.com/karthikiyerks/OCEN (iSPIRT spec mirror)
OCEN 4.0,loantenure,loantenure,unit,property,string,MONTH|DAY|YEAR,,yes,,github.com/karthikiyerks/OCEN (iSPIRT spec mirror)
OCEN 4.0,loanterms,loanterms,requestedAmount,property,string,,,yes,50000.00,github.com/karthikiyerks/OCEN (iSPIRT spec mirror)
OCEN 4.0,loanterms,loanterms,currency,property,string,,,yes,INR,github.com/karthikiyerks/OCEN (iSPIRT spec mirror)
OCEN 4.0,loanterms,loanterms,sanctionedAmount,property,string,,,no,5000.00,github.com/karthikiyerks/OCEN (iSPIRT spec mirror)
OCEN 4.0,loanterms,loanterms,interestType,property,string,FIXED|FLOATING,,no,,github.com/karthikiyerks/OCEN (iSPIRT spec mirror)
OCEN 4.0,loanterms,loanterms,interestRate,property,string,,,no,6.50,github.com/karthikiyerks/OCEN (iSPIRT spec mirror)
OCEN 4.0,loanterms,loanterms,totalAmount,property,string,,,no,,github.com/karthikiyerks/OCEN (iSPIRT spec mirror)
OCEN 4.0,loanterms,loanterms,interestAmount,property,string,,,no,,github.com/karthikiyerks/OCEN (iSPIRT spec mirror)
OCEN 4.0,loanterms,loanterms,description,property,string,,,no,,github.com/karthikiyerks/OCEN (iSPIRT spec mirror)
OCEN 4.0,loanterms,loanterms,tenure,property,object:loantenure,,,no,,github.com/karthikiyerks/OCEN (iSPIRT spec mirror)
OCEN 4.0,loanterms,loanterms,legalAgreement,property,object:loanAgreement,,,no,,github.com/karthikiyerks/OCEN (iSPIRT spec mirror)
OCEN 4.0,loanterms,loanterms,documents,property,array<document>,,,no,,github.com/karthikiyerks/OCEN (iSPIRT spec mirror)
OCEN 4.0,loanterms,loanterms,charges,property,object:charges,,,no,,github.com/karthikiyerks/OCEN (iSPIRT spec mirror)
OCEN 4.0,loanterms,loanterms,url,property,string,,,no,,github.com/karthikiyerks/OCEN (iSPIRT spec mirror)
OCEN 4.0,loanterms,loanterms,extensibleData,property,object:extensibleData,,,no,,github.com/karthikiyerks/OCEN (iSPIRT spec mirror)
OCEN 4.0,loantermshistory,loantermshistory,interest,property,string,,,yes,,github.com/karthikiyerks/OCEN (iSPIRT spec mirror)
OCEN 4.0,loantermshistory,loantermshistory,tenure,property,object:loantenure,,,yes,,github.com/karthikiyerks/OCEN (iSPIRT spec mirror)
OCEN 4.0,loantermshistory,loantermshistory,effectiveDate,property,string,,,yes,,github.com/karthikiyerks/OCEN (iSPIRT spec mirror)
OCEN 4.0,lspinfo,lspinfo,lspId,property,string,,,no,<AA can identify the LSP based on this>,github.com/karthikiyerks/OCEN (iSPIRT spec mirror)
OCEN 4.0,lspinfo,lspinfo,version,property,string,,,no,<version of LSP>,github.com/karthikiyerks/OCEN (iSPIRT spec mirror)
OCEN 4.0,lspinfo,lspinfo,appName,property,string,,,no,<Package name of the app>,github.com/karthikiyerks/OCEN (iSPIRT spec mirror)
OCEN 4.0,lspinfo,lspinfo,url,property,string,,,no,https://abc-bank.com,github.com/karthikiyerks/OCEN (iSPIRT spec mirror)
OCEN 4.0,lspinfo,lspinfo,extensibleData,property,object:extensibleData,,,no,,github.com/karthikiyerks/OCEN (iSPIRT spec mirror)
OCEN 4.0,metadata,metadata,version,property,string,,,yes,,github.com/karthikiyerks/OCEN (iSPIRT spec mirror)
OCEN 4.0,metadata,metadata,orgId,property,string,,,yes,,github.com/karthikiyerks/OCEN (iSPIRT spec mirror)
OCEN 4.0,metadata,metadata,timestamp,property,string,,,yes,,github.com/karthikiyerks/OCEN (iSPIRT spec mirror)
OCEN 4.0,metadata,metadata,traceId,property,string,,,yes,,github.com/karthikiyerks/OCEN (iSPIRT spec mirror)
OCEN 4.0,offer,offer,id,property,string,,,yes,e8cc6822bd4bbb4eb1b9e1b4996fbff8acb,github.com/karthikiyerks/OCEN (iSPIRT spec mirror)
OCEN 4.0,offer,offer,validTill,property,string,,,yes,,github.com/karthikiyerks/OCEN (iSPIRT spec mirror)
OCEN 4.0,offer,offer,terms,property,object:loanterms,,,yes,,github.com/karthikiyerks/OCEN (iSPIRT spec mirror)
OCEN 4.0,offer,offer,disbursement,property,object:disbursement,,,yes,,github.com/karthikiyerks/OCEN (iSPIRT spec mirror)
OCEN 4.0,offer,offer,repayment,property,object:repayment,,,yes,,github.com/karthikiyerks/OCEN (iSPIRT spec mirror)
OCEN 4.0,offer,offer,description,property,string,,,no,,github.com/karthikiyerks/OCEN (iSPIRT spec mirror)
OCEN 4.0,offer,offer,documents,property,array<document>,,,no,,github.com/karthikiyerks/OCEN (iSPIRT spec mirror)
OCEN 4.0,offer,offer,url,property,string,,,no,,github.com/karthikiyerks/OCEN (iSPIRT spec mirror)
OCEN 4.0,offer,offer,extensibleData,property,object:extensibleData,,,no,,github.com/karthikiyerks/OCEN (iSPIRT spec mirror)
OCEN 4.0,party,party,primaryId,property,string,,,yes,<PAN NO.>,github.com/karthikiyerks/OCEN (iSPIRT spec mirror)
OCEN 4.0,party,party,primaryIdType,property,string,PAN|MOBILE|AADHAAR|FIU,,yes,,github.com/karthikiyerks/OCEN (iSPIRT spec mirror)
OCEN 4.0,party,party,description,property,string,,,no,,github.com/karthikiyerks/OCEN (iSPIRT spec mirror)
OCEN 4.0,party,party,additionalIdentifiers,property,array<additionalidentifier>,,,no,,github.com/karthikiyerks/OCEN (iSPIRT spec mirror)
OCEN 4.0,party,party,name,property,string,,,yes,,github.com/karthikiyerks/OCEN (iSPIRT spec mirror)
OCEN 4.0,party,party,category,property,string,INDIVIDUAL|ORGANIZATION,,yes,,github.com/karthikiyerks/OCEN (iSPIRT spec mirror)
OCEN 4.0,party,party,relationshipWithCollateral,property,string,,,yes,,github.com/karthikiyerks/OCEN (iSPIRT spec mirror)
OCEN 4.0,party,party,contactDetails,property,array<contactdetails>,,,yes,,github.com/karthikiyerks/OCEN (iSPIRT spec mirror)
OCEN 4.0,party,party,documents,property,array<document>,,,yes,,github.com/karthikiyerks/OCEN (iSPIRT spec mirror)
OCEN 4.0,party,party,url,property,string,,,no,,github.com/karthikiyerks/OCEN (iSPIRT spec mirror)
OCEN 4.0,party,party,extensibleData,property,object:extensibleData,,,no,,github.com/karthikiyerks/OCEN (iSPIRT spec mirror)
OCEN 4.0,payment,payment,totalAmount,property,string,,,no,,github.com/karthikiyerks/OCEN (iSPIRT spec mirror)
OCEN 4.0,payment,payment,date,property,string,,,no,,github.com/karthikiyerks/OCEN (iSPIRT spec mirror)
OCEN 4.0,payment,payment,status,property,string,SUCCESS|FAILURE|PENDING_AUTH,,no,,github.com/karthikiyerks/OCEN (iSPIRT spec mirror)
OCEN 4.0,payment,payment,installmentNumber,property,string,,,no,,github.com/karthikiyerks/OCEN (iSPIRT spec mirror)
OCEN 4.0,payment,payment,txnRefNo,property,string,,,no,004618602124,github.com/karthikiyerks/OCEN (iSPIRT spec mirror)
OCEN 4.0,payment,payment,id,property,string,,,yes,e8cc6822bd4bbb4eb1b9e1b4996fbff8acb,github.com/karthikiyerks/OCEN (iSPIRT spec mirror)
OCEN 4.0,payment,payment,description,property,string,,,no,,github.com/karthikiyerks/OCEN (iSPIRT spec mirror)
OCEN 4.0,payment,payment,principal,property,string,,,no,,github.com/karthikiyerks/OCEN (iSPIRT spec mirror)
OCEN 4.0,payment,payment,interestAmount,property,string,,,no,,github.com/karthikiyerks/OCEN (iSPIRT spec mirror)
OCEN 4.0,payment,payment,fee,property,string,,,no,,github.com/karthikiyerks/OCEN (iSPIRT spec mirror)
OCEN 4.0,payment,payment,penalty,property,string,,,no,,github.com/karthikiyerks/OCEN (iSPIRT spec mirror)
OCEN 4.0,payment,payment,useSavedPaymentOption,property,boolean,,,no,False,github.com/karthikiyerks/OCEN (iSPIRT spec mirror)
OCEN 4.0,payment,payment,paymentMethodType,property,string,UPI|EMANDATE_UPI|NETBANKING|ENACH|DEBIT_CARD,,no,,github.com/karthikiyerks/OCEN (iSPIRT spec mirror)
OCEN 4.0,payment,payment,paymentUrl,property,string,,,no,https://abc-bank/payment,github.com/karthikiyerks/OCEN (iSPIRT spec mirror)
OCEN 4.0,payment,payment,url,property,string,,,no,,github.com/karthikiyerks/OCEN (iSPIRT spec mirror)
OCEN 4.0,payment,payment,extensibleData,property,object:extensibleData,,,no,,github.com/karthikiyerks/OCEN (iSPIRT spec mirror)
OCEN 4.0,paymentmethod,paymentmethod,id,property,string,,,yes,,github.com/karthikiyerks/OCEN (iSPIRT spec mirror)
OCEN 4.0,paymentmethod,paymentmethod,description,property,string,,,no,,github.com/karthikiyerks/OCEN (iSPIRT spec mirror)
OCEN 4.0,paymentmethod,paymentmethod,type,property,string,EMANDATE_UPI|ELIEN|ENACH|ANY,,no,,github.com/karthikiyerks/OCEN (iSPIRT spec mirror)
OCEN 4.0,paymentmethod,paymentmethod,status,property,string,INACTIVE|ACTIVE|CANCELLED|PAUSE,,yes,,github.com/karthikiyerks/OCEN (iSPIRT spec mirror)
OCEN 4.0,paymentmethod,paymentmethod,data,property,object:extensibleData,,,no,,github.com/karthikiyerks/OCEN (iSPIRT spec mirror)
OCEN 4.0,paymentmethod,paymentmethod,url,property,string,,,no,,github.com/karthikiyerks/OCEN (iSPIRT spec mirror)
OCEN 4.0,paymentmethod,paymentmethod,extensibleData,property,object:extensibleData,,,no,,github.com/karthikiyerks/OCEN (iSPIRT spec mirror)
OCEN 4.0,paymentplan,paymentplan,id,property,string,,,yes,,github.com/karthikiyerks/OCEN (iSPIRT spec mirror)
OCEN 4.0,paymentplan,paymentplan,title,property,string,,,no,,github.com/karthikiyerks/OCEN (iSPIRT spec mirror)
OCEN 4.0,paymentplan,paymentplan,shortDescription,property,string,,,no,,github.com/karthikiyerks/OCEN (iSPIRT spec mirror)
OCEN 4.0,paymentplan,paymentplan,description,property,string,,,no,,github.com/karthikiyerks/OCEN (iSPIRT spec mirror)
OCEN 4.0,paymentplan,paymentplan,paymentUrl,property,string,,,no,,github.com/karthikiyerks/OCEN (iSPIRT spec mirror)
OCEN 4.0,paymentplan,paymentplan,payNowAllowed,property,boolean,,,no,False,github.com/karthikiyerks/OCEN (iSPIRT spec mirror)
OCEN 4.0,paymentplan,paymentplan,editPlanAllowed,property,boolean,,,no,False,github.com/karthikiyerks/OCEN (iSPIRT spec mirror)
OCEN 4.0,paymentplan,paymentplan,changeMethodAllowed,property,boolean,,,no,False,github.com/karthikiyerks/OCEN (iSPIRT spec mirror)
OCEN 4.0,paymentplan,paymentplan,automatic,property,boolean,,,yes,False,github.com/karthikiyerks/OCEN (iSPIRT spec mirror)
OCEN 4.0,paymentplan,paymentplan,scheduleType,property,string,RECURRING|ONE_TIME|AS_PRESENTED,,yes,,github.com/karthikiyerks/OCEN (iSPIRT spec mirror)
OCEN 4.0,paymentplan,paymentplan,noOfInstallment,property,string,,,no,,github.com/karthikiyerks/OCEN (iSPIRT spec mirror)
OCEN 4.0,paymentplan,paymentplan,frequency,property,string,MONTHLY|WEEKLY|QUARTERLY|HALF_YEARLY|YEARLY,,no,,github.com/karthikiyerks/OCEN (iSPIRT spec mirror)
OCEN 4.0,paymentplan,paymentplan,tenure,property,object:loantenure,,,no,,github.com/karthikiyerks/OCEN (iSPIRT spec mirror)
OCEN 4.0,paymentplan,paymentplan,totalAmount,property,string,,,yes,,github.com/karthikiyerks/OCEN (iSPIRT spec mirror)
OCEN 4.0,paymentplan,paymentplan,principal,property,string,,,no,,github.com/karthikiyerks/OCEN (iSPIRT spec mirror)
OCEN 4.0,paymentplan,paymentplan,interestAmount,property,string,,,no,,github.com/karthikiyerks/OCEN (iSPIRT spec mirror)
OCEN 4.0,paymentplan,paymentplan,penalty,property,string,,,no,,github.com/karthikiyerks/OCEN (iSPIRT spec mirror)
OCEN 4.0,paymentplan,paymentplan,startDate,property,string,,,no,18-12-2020,github.com/karthikiyerks/OCEN (iSPIRT spec mirror)
OCEN 4.0,paymentplan,paymentplan,status,property,string,ACTIVE|INACTIVE|PENDING_AUTH,,no,,github.com/karthikiyerks/OCEN (iSPIRT spec mirror)
OCEN 4.0,paymentplan,paymentplan,url,property,string,,,no,,github.com/karthikiyerks/OCEN (iSPIRT spec mirror)
OCEN 4.0,paymentplan,paymentplan,extensibleData,property,object:extensibleData,,,no,,github.com/karthikiyerks/OCEN (iSPIRT spec mirror)
OCEN 4.0,reference,reference,object,property,string,,,yes,documents,github.com/karthikiyerks/OCEN (iSPIRT spec mirror)
OCEN 4.0,reference,reference,value,property,string,,,yes,INVOICE_GSTN_INV2011,github.com/karthikiyerks/OCEN (iSPIRT spec mirror)
OCEN 4.0,rejectiondetail,rejectiondetail,reason,property,string,LOW_CREDIT_SCORE|FRAUD|DOC_IRREGULARITIES|OTHERS,,yes,,github.com/karthikiyerks/OCEN (iSPIRT spec mirror)
OCEN 4.0,rejectiondetail,rejectiondetail,description,property,string,,,yes,Credit score below 600,github.com/karthikiyerks/OCEN (iSPIRT spec mirror)
OCEN 4.0,rejectiondetail,rejectiondetail,url,property,string,,,no,,github.com/karthikiyerks/OCEN (iSPIRT spec mirror)
OCEN 4.0,rejectiondetail,rejectiondetail,extensibleData,property,object:extensibleData,,,no,,github.com/karthikiyerks/OCEN (iSPIRT spec mirror)
OCEN 4.0,repayment,repayment,plans,property,array<paymentplan>,,,yes,,github.com/karthikiyerks/OCEN (iSPIRT spec mirror)
OCEN 4.0,response,response,error,property,string,,,yes,,github.com/karthikiyerks/OCEN (iSPIRT spec mirror)
OCEN 4.0,transaction,transaction,date,property,string,,,yes,,github.com/karthikiyerks/OCEN (iSPIRT spec mirror)
OCEN 4.0,transaction,transaction,narration,property,string,,,yes,,github.com/karthikiyerks/OCEN (iSPIRT spec mirror)
OCEN 4.0,transaction,transaction,txnRefNo,property,string,,,yes,,github.com/karthikiyerks/OCEN (iSPIRT spec mirror)
OCEN 4.0,transaction,transaction,amount,property,string,,,yes,,github.com/karthikiyerks/OCEN (iSPIRT spec mirror)
OCEN 4.0,transaction,transaction,type,property,string,DEPOSIT|WITHDRAWL,,yes,,github.com/karthikiyerks/OCEN (iSPIRT spec mirror)
OCEN 4.0,transaction,transaction,closingBalance,property,string,,,yes,,github.com/karthikiyerks/OCEN (iSPIRT spec mirror)
OCEN 4.0,transaction,transaction,url,property,string,,,no,,github.com/karthikiyerks/OCEN (iSPIRT spec mirror)
OCEN 4.0,transaction,transaction,extensibleData,property,object:extensibleData,,,no,,github.com/karthikiyerks/OCEN (iSPIRT spec mirror)
OCEN 4.0,valuation,valuation,value,property,string,,,no,20000,github.com/karthikiyerks/OCEN (iSPIRT spec mirror)
OCEN 4.0,valuation,valuation,currency,property,string,,,no,INR,github.com/karthikiyerks/OCEN (iSPIRT spec mirror)
OCEN 4.0,valuation,valuation,date,property,string,,,no,,github.com/karthikiyerks/OCEN (iSPIRT spec mirror)
OCEN 4.0,valuation,valuation,source,property,string,GSTN|OTHERS,,no,,github.com/karthikiyerks/OCEN (iSPIRT spec mirror)
OCEN 4.0,valuation,valuation,description,property,string,,,no,,github.com/karthikiyerks/OCEN (iSPIRT spec mirror)
OCEN 4.0,valuation,valuation,url,property,string,,,no,,github.com/karthikiyerks/OCEN (iSPIRT spec mirror)
OCEN 4.0,valuation,valuation,extensibleData,property,object:extensibleData,,,no,,github.com/karthikiyerks/OCEN (iSPIRT spec mirror)
ULI (RBIH),PAN Validation,PAN Validation [NSDL/Protean & Income Tax Dept],pan,api_field (indicative),string,,,,PAN number validated | NOTE: exact spec gated behind ULI onboarding (rbih.tech),rbih.tech/docs (indicative; spec gated behind onboarding)
ULI (RBIH),PAN Validation,PAN Validation [NSDL/Protean & Income Tax Dept],nameOnPan,api_field (indicative),string,,,,Registered name | NOTE: exact spec gated behind ULI onboarding (rbih.tech),rbih.tech/docs (indicative; spec gated behind onboarding)
ULI (RBIH),PAN Validation,PAN Validation [NSDL/Protean & Income Tax Dept],panStatus,api_field (indicative),string,,,,VALID/INVALID/INOPERATIVE | NOTE: exact spec gated behind ULI onboarding (rbih.tech),rbih.tech/docs (indicative; spec gated behind onboarding)
ULI (RBIH),PAN Validation,PAN Validation [NSDL/Protean & Income Tax Dept],aadhaarSeedingStatus,api_field (indicative),string,,,,PAN-Aadhaar link status | NOTE: exact spec gated behind ULI onboarding (rbih.tech),rbih.tech/docs (indicative; spec gated behind onboarding)
ULI (RBIH),PAN Validation,PAN Validation [NSDL/Protean & Income Tax Dept],lastUpdated,api_field (indicative),date,,,,Record update date | NOTE: exact spec gated behind ULI onboarding (rbih.tech),rbih.tech/docs (indicative; spec gated behind onboarding)
ULI (RBIH),Aadhaar eKYC / Offline KYC,Aadhaar eKYC / Offline KYC [UIDAI (via KUA/ASA)],name,api_field (indicative),string,,,,Name as per Aadhaar | NOTE: exact spec gated behind ULI onboarding (rbih.tech),rbih.tech/docs (indicative; spec gated behind onboarding)
ULI (RBIH),Aadhaar eKYC / Offline KYC,Aadhaar eKYC / Offline KYC [UIDAI (via KUA/ASA)],dob,api_field (indicative),date,,,,Date of birth | NOTE: exact spec gated behind ULI onboarding (rbih.tech),rbih.tech/docs (indicative; spec gated behind onboarding)
ULI (RBIH),Aadhaar eKYC / Offline KYC,Aadhaar eKYC / Offline KYC [UIDAI (via KUA/ASA)],gender,api_field (indicative),string,,,,M/F/T | NOTE: exact spec gated behind ULI onboarding (rbih.tech),rbih.tech/docs (indicative; spec gated behind onboarding)
ULI (RBIH),Aadhaar eKYC / Offline KYC,Aadhaar eKYC / Offline KYC [UIDAI (via KUA/ASA)],address,api_field (indicative),object,,,,"Full structured address (house, street, vtc, district, state, pincode) | NOTE: exact spec gated behind ULI onboarding (rbih.tech)",rbih.tech/docs (indicative; spec gated behind onboarding)
ULI (RBIH),Aadhaar eKYC / Offline KYC,Aadhaar eKYC / Offline KYC [UIDAI (via KUA/ASA)],photo,api_field (indicative),base64,,,,Photograph | NOTE: exact spec gated behind ULI onboarding (rbih.tech),rbih.tech/docs (indicative; spec gated behind onboarding)
ULI (RBIH),Aadhaar eKYC / Offline KYC,Aadhaar eKYC / Offline KYC [UIDAI (via KUA/ASA)],maskedAadhaar,api_field (indicative),string,,,,Last 4 digits | NOTE: exact spec gated behind ULI onboarding (rbih.tech),rbih.tech/docs (indicative; spec gated behind onboarding)
ULI (RBIH),Aadhaar eKYC / Offline KYC,Aadhaar eKYC / Offline KYC [UIDAI (via KUA/ASA)],mobileHash,api_field (indicative),string,,,,Registered mobile hash | NOTE: exact spec gated behind ULI onboarding (rbih.tech),rbih.tech/docs (indicative; spec gated behind onboarding)
ULI (RBIH),Driving Licence Verification,Driving Licence Verification [Sarathi/MoRTH],dlNumber,api_field (indicative),string,,,,Licence number | NOTE: exact spec gated behind ULI onboarding (rbih.tech),rbih.tech/docs (indicative; spec gated behind onboarding)
ULI (RBIH),Driving Licence Verification,Driving Licence Verification [Sarathi/MoRTH],name,api_field (indicative),string,,,,Holder name | NOTE: exact spec gated behind ULI onboarding (rbih.tech),rbih.tech/docs (indicative; spec gated behind onboarding)
ULI (RBIH),Driving Licence Verification,Driving Licence Verification [Sarathi/MoRTH],dob,api_field (indicative),date,,,,Date of birth | NOTE: exact spec gated behind ULI onboarding (rbih.tech),rbih.tech/docs (indicative; spec gated behind onboarding)
ULI (RBIH),Driving Licence Verification,Driving Licence Verification [Sarathi/MoRTH],issueDate,api_field (indicative),date,,,,Issue date | NOTE: exact spec gated behind ULI onboarding (rbih.tech),rbih.tech/docs (indicative; spec gated behind onboarding)
ULI (RBIH),Driving Licence Verification,Driving Licence Verification [Sarathi/MoRTH],validityNonTransport,api_field (indicative),date,,,,Validity (non-transport) | NOTE: exact spec gated behind ULI onboarding (rbih.tech),rbih.tech/docs (indicative; spec gated behind onboarding)
ULI (RBIH),Driving Licence Verification,Driving Licence Verification [Sarathi/MoRTH],validityTransport,api_field (indicative),date,,,,Validity (transport) | NOTE: exact spec gated behind ULI onboarding (rbih.tech),rbih.tech/docs (indicative; spec gated behind onboarding)
ULI (RBIH),Driving Licence Verification,Driving Licence Verification [Sarathi/MoRTH],vehicleClasses,api_field (indicative),array,,,,Authorised vehicle classes | NOTE: exact spec gated behind ULI onboarding (rbih.tech),rbih.tech/docs (indicative; spec gated behind onboarding)
ULI (RBIH),Driving Licence Verification,Driving Licence Verification [Sarathi/MoRTH],rtoName,api_field (indicative),string,,,,Issuing RTO | NOTE: exact spec gated behind ULI onboarding (rbih.tech),rbih.tech/docs (indicative; spec gated behind onboarding)
ULI (RBIH),Driving Licence Verification,Driving Licence Verification [Sarathi/MoRTH],status,api_field (indicative),string,,,,ACTIVE/EXPIRED/SUSPENDED | NOTE: exact spec gated behind ULI onboarding (rbih.tech),rbih.tech/docs (indicative; spec gated behind onboarding)
ULI (RBIH),Voter ID Verification,Voter ID Verification [ECI],epicNumber,api_field (indicative),string,,,,EPIC number | NOTE: exact spec gated behind ULI onboarding (rbih.tech),rbih.tech/docs (indicative; spec gated behind onboarding)
ULI (RBIH),Voter ID Verification,Voter ID Verification [ECI],name,api_field (indicative),string,,,,Elector name | NOTE: exact spec gated behind ULI onboarding (rbih.tech),rbih.tech/docs (indicative; spec gated behind onboarding)
ULI (RBIH),Voter ID Verification,Voter ID Verification [ECI],relativeName,api_field (indicative),string,,,,Father/husband name | NOTE: exact spec gated behind ULI onboarding (rbih.tech),rbih.tech/docs (indicative; spec gated behind onboarding)
ULI (RBIH),Voter ID Verification,Voter ID Verification [ECI],age,api_field (indicative),integer,,,,Age | NOTE: exact spec gated behind ULI onboarding (rbih.tech),rbih.tech/docs (indicative; spec gated behind onboarding)
ULI (RBIH),Voter ID Verification,Voter ID Verification [ECI],gender,api_field (indicative),string,,,,Gender | NOTE: exact spec gated behind ULI onboarding (rbih.tech),rbih.tech/docs (indicative; spec gated behind onboarding)
ULI (RBIH),Voter ID Verification,Voter ID Verification [ECI],state,api_field (indicative),string,,,,State | NOTE: exact spec gated behind ULI onboarding (rbih.tech),rbih.tech/docs (indicative; spec gated behind onboarding)
ULI (RBIH),Voter ID Verification,Voter ID Verification [ECI],assemblyConstituency,api_field (indicative),string,,,,AC name | NOTE: exact spec gated behind ULI onboarding (rbih.tech),rbih.tech/docs (indicative; spec gated behind onboarding)
ULI (RBIH),Voter ID Verification,Voter ID Verification [ECI],pollingStation,api_field (indicative),string,,,,Part/polling station | NOTE: exact spec gated behind ULI onboarding (rbih.tech),rbih.tech/docs (indicative; spec gated behind onboarding)
ULI (RBIH),Vehicle RC Verification,Vehicle RC Verification [VAHAN/MoRTH],rcNumber,api_field (indicative),string,,,,Registration number | NOTE: exact spec gated behind ULI onboarding (rbih.tech),rbih.tech/docs (indicative; spec gated behind onboarding)
ULI (RBIH),Vehicle RC Verification,Vehicle RC Verification [VAHAN/MoRTH],ownerName,api_field (indicative),string,,,,Registered owner | NOTE: exact spec gated behind ULI onboarding (rbih.tech),rbih.tech/docs (indicative; spec gated behind onboarding)
ULI (RBIH),Vehicle RC Verification,Vehicle RC Verification [VAHAN/MoRTH],vehicleClass,api_field (indicative),string,,,,Vehicle class | NOTE: exact spec gated behind ULI onboarding (rbih.tech),rbih.tech/docs (indicative; spec gated behind onboarding)
ULI (RBIH),Vehicle RC Verification,Vehicle RC Verification [VAHAN/MoRTH],makerModel,api_field (indicative),string,,,,Make and model | NOTE: exact spec gated behind ULI onboarding (rbih.tech),rbih.tech/docs (indicative; spec gated behind onboarding)
ULI (RBIH),Vehicle RC Verification,Vehicle RC Verification [VAHAN/MoRTH],chassisNumber,api_field (indicative),string,,,,Chassis no (masked) | NOTE: exact spec gated behind ULI onboarding (rbih.tech),rbih.tech/docs (indicative; spec gated behind onboarding)
ULI (RBIH),Vehicle RC Verification,Vehicle RC Verification [VAHAN/MoRTH],engineNumber,api_field (indicative),string,,,,Engine no (masked) | NOTE: exact spec gated behind ULI onboarding (rbih.tech),rbih.tech/docs (indicative; spec gated behind onboarding)
ULI (RBIH),Vehicle RC Verification,Vehicle RC Verification [VAHAN/MoRTH],fuelType,api_field (indicative),string,,,,Fuel type | NOTE: exact spec gated behind ULI onboarding (rbih.tech),rbih.tech/docs (indicative; spec gated behind onboarding)
ULI (RBIH),Vehicle RC Verification,Vehicle RC Verification [VAHAN/MoRTH],registrationDate,api_field (indicative),date,,,,Registration date | NOTE: exact spec gated behind ULI onboarding (rbih.tech),rbih.tech/docs (indicative; spec gated behind onboarding)
ULI (RBIH),Vehicle RC Verification,Vehicle RC Verification [VAHAN/MoRTH],fitnessUpto,api_field (indicative),date,,,,Fitness validity | NOTE: exact spec gated behind ULI onboarding (rbih.tech),rbih.tech/docs (indicative; spec gated behind onboarding)
ULI (RBIH),Vehicle RC Verification,Vehicle RC Verification [VAHAN/MoRTH],insuranceUpto,api_field (indicative),date,,,,Insurance validity | NOTE: exact spec gated behind ULI onboarding (rbih.tech),rbih.tech/docs (indicative; spec gated behind onboarding)
ULI (RBIH),Vehicle RC Verification,Vehicle RC Verification [VAHAN/MoRTH],financerName,api_field (indicative),string,,,,Hypothecation/financer if any | NOTE: exact spec gated behind ULI onboarding (rbih.tech),rbih.tech/docs (indicative; spec gated behind onboarding)
ULI (RBIH),Facematch,Facematch [RBIH biometric partner],matchScore,api_field (indicative),float,,,,Face similarity score | NOTE: exact spec gated behind ULI onboarding (rbih.tech),rbih.tech/docs (indicative; spec gated behind onboarding)
ULI (RBIH),Facematch,Facematch [RBIH biometric partner],matchResult,api_field (indicative),string,,,,MATCH/NO_MATCH | NOTE: exact spec gated behind ULI onboarding (rbih.tech),rbih.tech/docs (indicative; spec gated behind onboarding)
ULI (RBIH),Facematch,Facematch [RBIH biometric partner],livenessScore,api_field (indicative),float,,,,Liveness check score | NOTE: exact spec gated behind ULI onboarding (rbih.tech),rbih.tech/docs (indicative; spec gated behind onboarding)
ULI (RBIH),CKYC Search & Download,CKYC Search & Download [CERSAI CKYCRR],ckycNumber,api_field (indicative),string,,,,14-digit CKYC identifier | NOTE: exact spec gated behind ULI onboarding (rbih.tech),rbih.tech/docs (indicative; spec gated behind onboarding)
ULI (RBIH),CKYC Search & Download,CKYC Search & Download [CERSAI CKYCRR],name,api_field (indicative),string,,,,Name | NOTE: exact spec gated behind ULI onboarding (rbih.tech),rbih.tech/docs (indicative; spec gated behind onboarding)
ULI (RBIH),CKYC Search & Download,CKYC Search & Download [CERSAI CKYCRR],fatherName,api_field (indicative),string,,,,Father's name | NOTE: exact spec gated behind ULI onboarding (rbih.tech),rbih.tech/docs (indicative; spec gated behind onboarding)
ULI (RBIH),CKYC Search & Download,CKYC Search & Download [CERSAI CKYCRR],dob,api_field (indicative),date,,,,Date of birth | NOTE: exact spec gated behind ULI onboarding (rbih.tech),rbih.tech/docs (indicative; spec gated behind onboarding)
ULI (RBIH),CKYC Search & Download,CKYC Search & Download [CERSAI CKYCRR],address,api_field (indicative),object,,,,Permanent & correspondence address | NOTE: exact spec gated behind ULI onboarding (rbih.tech),rbih.tech/docs (indicative; spec gated behind onboarding)
ULI (RBIH),CKYC Search & Download,CKYC Search & Download [CERSAI CKYCRR],identityProofs,api_field (indicative),array,,,,POI documents on record | NOTE: exact spec gated behind ULI onboarding (rbih.tech),rbih.tech/docs (indicative; spec gated behind onboarding)
ULI (RBIH),CKYC Search & Download,CKYC Search & Download [CERSAI CKYCRR],photo,api_field (indicative),base64,,,,Photograph | NOTE: exact spec gated behind ULI onboarding (rbih.tech),rbih.tech/docs (indicative; spec gated behind onboarding)
ULI (RBIH),DigiLocker Document Pull,DigiLocker Document Pull [DigiLocker/MeitY],documentType,api_field (indicative),string,,,,"e.g. PAN, DL, RC, marksheet, insurance policy | NOTE: exact spec gated behind ULI onboarding (rbih.tech)",rbih.tech/docs (indicative; spec gated behind onboarding)
ULI (RBIH),DigiLocker Document Pull,DigiLocker Document Pull [DigiLocker/MeitY],documentUri,api_field (indicative),string,,,,DigiLocker URI | NOTE: exact spec gated behind ULI onboarding (rbih.tech),rbih.tech/docs (indicative; spec gated behind onboarding)
ULI (RBIH),DigiLocker Document Pull,DigiLocker Document Pull [DigiLocker/MeitY],issuer,api_field (indicative),string,,,,Issuing authority | NOTE: exact spec gated behind ULI onboarding (rbih.tech),rbih.tech/docs (indicative; spec gated behind onboarding)
ULI (RBIH),DigiLocker Document Pull,DigiLocker Document Pull [DigiLocker/MeitY],documentXml,api_field (indicative),xml/json,,,,Issued document payload | NOTE: exact spec gated behind ULI onboarding (rbih.tech),rbih.tech/docs (indicative; spec gated behind onboarding)
ULI (RBIH),DigiLocker Document Pull,DigiLocker Document Pull [DigiLocker/MeitY],eAadhaarXml,api_field (indicative),xml,,,,e-Aadhaar if consented | NOTE: exact spec gated behind ULI onboarding (rbih.tech),rbih.tech/docs (indicative; spec gated behind onboarding)
ULI (RBIH),e-Sign,e-Sign [ESP (eMudhra/NSDL etc.)],signedDocument,api_field (indicative),pdf,,,,Aadhaar e-signed document | NOTE: exact spec gated behind ULI onboarding (rbih.tech),rbih.tech/docs (indicative; spec gated behind onboarding)
ULI (RBIH),e-Sign,e-Sign [ESP (eMudhra/NSDL etc.)],signatureTimestamp,api_field (indicative),datetime,,,,Signing time | NOTE: exact spec gated behind ULI onboarding (rbih.tech),rbih.tech/docs (indicative; spec gated behind onboarding)
ULI (RBIH),e-Sign,e-Sign [ESP (eMudhra/NSDL etc.)],signerName,api_field (indicative),string,,,,Signer name | NOTE: exact spec gated behind ULI onboarding (rbih.tech),rbih.tech/docs (indicative; spec gated behind onboarding)
ULI (RBIH),e-Stamp,e-Stamp [SHCIL/state stamp authorities],stampCertificateNumber,api_field (indicative),string,,,,e-Stamp certificate no | NOTE: exact spec gated behind ULI onboarding (rbih.tech),rbih.tech/docs (indicative; spec gated behind onboarding)
ULI (RBIH),e-Stamp,e-Stamp [SHCIL/state stamp authorities],stampDuty,api_field (indicative),float,,,,Duty amount | NOTE: exact spec gated behind ULI onboarding (rbih.tech),rbih.tech/docs (indicative; spec gated behind onboarding)
ULI (RBIH),e-Stamp,e-Stamp [SHCIL/state stamp authorities],state,api_field (indicative),string,,,,State of stamping | NOTE: exact spec gated behind ULI onboarding (rbih.tech),rbih.tech/docs (indicative; spec gated behind onboarding)
ULI (RBIH),Land Records (Record of Rights),"Land Records (Record of Rights) [State revenue depts (~8-12 states: KA, MP, TN, MH, UP, AP, TS, OD ...)]",ownerName,api_field (indicative),string,,,,Owner/pattadar name | NOTE: exact spec gated behind ULI onboarding (rbih.tech),rbih.tech/docs (indicative; spec gated behind onboarding)
ULI (RBIH),Land Records (Record of Rights),"Land Records (Record of Rights) [State revenue depts (~8-12 states: KA, MP, TN, MH, UP, AP, TS, OD ...)]",surveyNumber,api_field (indicative),string,,,,Survey/khasra/khata number | NOTE: exact spec gated behind ULI onboarding (rbih.tech),rbih.tech/docs (indicative; spec gated behind onboarding)
ULI (RBIH),Land Records (Record of Rights),"Land Records (Record of Rights) [State revenue depts (~8-12 states: KA, MP, TN, MH, UP, AP, TS, OD ...)]",subDivision,api_field (indicative),string,,,,Hissa/sub-division | NOTE: exact spec gated behind ULI onboarding (rbih.tech),rbih.tech/docs (indicative; spec gated behind onboarding)
ULI (RBIH),Land Records (Record of Rights),"Land Records (Record of Rights) [State revenue depts (~8-12 states: KA, MP, TN, MH, UP, AP, TS, OD ...)]",extent,api_field (indicative),string,,,,Land area (acres/guntas/hectares) | NOTE: exact spec gated behind ULI onboarding (rbih.tech),rbih.tech/docs (indicative; spec gated behind onboarding)
ULI (RBIH),Land Records (Record of Rights),"Land Records (Record of Rights) [State revenue depts (~8-12 states: KA, MP, TN, MH, UP, AP, TS, OD ...)]",landType,api_field (indicative),string,,,,"Agricultural/non-agricultural, irrigation type | NOTE: exact spec gated behind ULI onboarding (rbih.tech)",rbih.tech/docs (indicative; spec gated behind onboarding)
ULI (RBIH),Land Records (Record of Rights),"Land Records (Record of Rights) [State revenue depts (~8-12 states: KA, MP, TN, MH, UP, AP, TS, OD ...)]",cropDetails,api_field (indicative),string,,,,Crop sown (where digitised) | NOTE: exact spec gated behind ULI onboarding (rbih.tech),rbih.tech/docs (indicative; spec gated behind onboarding)
ULI (RBIH),Land Records (Record of Rights),"Land Records (Record of Rights) [State revenue depts (~8-12 states: KA, MP, TN, MH, UP, AP, TS, OD ...)]",encumbrance,api_field (indicative),string,,,,Charges/mortgages recorded | NOTE: exact spec gated behind ULI onboarding (rbih.tech),rbih.tech/docs (indicative; spec gated behind onboarding)
ULI (RBIH),Land Records (Record of Rights),"Land Records (Record of Rights) [State revenue depts (~8-12 states: KA, MP, TN, MH, UP, AP, TS, OD ...)]",mutationStatus,api_field (indicative),string,,,,Mutation entries | NOTE: exact spec gated behind ULI onboarding (rbih.tech),rbih.tech/docs (indicative; spec gated behind onboarding)
ULI (RBIH),Land Records (Record of Rights),"Land Records (Record of Rights) [State revenue depts (~8-12 states: KA, MP, TN, MH, UP, AP, TS, OD ...)]",village,api_field (indicative),string,,,,Village/taluk/district | NOTE: exact spec gated behind ULI onboarding (rbih.tech),rbih.tech/docs (indicative; spec gated behind onboarding)
ULI (RBIH),Lien Marking on Land,Lien Marking on Land [State land record systems],lienId,api_field (indicative),string,,,,Lien/charge reference | NOTE: exact spec gated behind ULI onboarding (rbih.tech),rbih.tech/docs (indicative; spec gated behind onboarding)
ULI (RBIH),Lien Marking on Land,Lien Marking on Land [State land record systems],lienStatus,api_field (indicative),string,,,,Marked/released | NOTE: exact spec gated behind ULI onboarding (rbih.tech),rbih.tech/docs (indicative; spec gated behind onboarding)
ULI (RBIH),Lien Marking on Land,Lien Marking on Land [State land record systems],lenderName,api_field (indicative),string,,,,Charge holder | NOTE: exact spec gated behind ULI onboarding (rbih.tech),rbih.tech/docs (indicative; spec gated behind onboarding)
ULI (RBIH),Lien Marking on Land,Lien Marking on Land [State land record systems],chargeAmount,api_field (indicative),float,,,,Secured amount | NOTE: exact spec gated behind ULI onboarding (rbih.tech),rbih.tech/docs (indicative; spec gated behind onboarding)
ULI (RBIH),Property Search Report,Property Search Report [Multiple providers via ULI],titleChain,api_field (indicative),array,,,,Ownership history | NOTE: exact spec gated behind ULI onboarding (rbih.tech),rbih.tech/docs (indicative; spec gated behind onboarding)
ULI (RBIH),Property Search Report,Property Search Report [Multiple providers via ULI],encumbranceCertificate,api_field (indicative),object,,,,EC entries | NOTE: exact spec gated behind ULI onboarding (rbih.tech),rbih.tech/docs (indicative; spec gated behind onboarding)
ULI (RBIH),Property Search Report,Property Search Report [Multiple providers via ULI],registrationDetails,api_field (indicative),object,,,,Sale deed/registration data | NOTE: exact spec gated behind ULI onboarding (rbih.tech),rbih.tech/docs (indicative; spec gated behind onboarding)
ULI (RBIH),Property Search Report,Property Search Report [Multiple providers via ULI],litigationFlags,api_field (indicative),array,,,,Court case indicators | NOTE: exact spec gated behind ULI onboarding (rbih.tech),rbih.tech/docs (indicative; spec gated behind onboarding)
ULI (RBIH),Satellite / Farm Analytics,Satellite / Farm Analytics [Geospatial providers (via RBIH)],farmBoundary,api_field (indicative),geojson,,,,Plot geometry | NOTE: exact spec gated behind ULI onboarding (rbih.tech),rbih.tech/docs (indicative; spec gated behind onboarding)
ULI (RBIH),Satellite / Farm Analytics,Satellite / Farm Analytics [Geospatial providers (via RBIH)],cropType,api_field (indicative),string,,,,Detected crop | NOTE: exact spec gated behind ULI onboarding (rbih.tech),rbih.tech/docs (indicative; spec gated behind onboarding)
ULI (RBIH),Satellite / Farm Analytics,Satellite / Farm Analytics [Geospatial providers (via RBIH)],sowingDate,api_field (indicative),date,,,,Estimated sowing | NOTE: exact spec gated behind ULI onboarding (rbih.tech),rbih.tech/docs (indicative; spec gated behind onboarding)
ULI (RBIH),Satellite / Farm Analytics,Satellite / Farm Analytics [Geospatial providers (via RBIH)],harvestDate,api_field (indicative),date,,,,Estimated harvest | NOTE: exact spec gated behind ULI onboarding (rbih.tech),rbih.tech/docs (indicative; spec gated behind onboarding)
ULI (RBIH),Satellite / Farm Analytics,Satellite / Farm Analytics [Geospatial providers (via RBIH)],cropHealthIndex,api_field (indicative),float,,,,NDVI-based health score | NOTE: exact spec gated behind ULI onboarding (rbih.tech),rbih.tech/docs (indicative; spec gated behind onboarding)
ULI (RBIH),Satellite / Farm Analytics,Satellite / Farm Analytics [Geospatial providers (via RBIH)],yieldEstimate,api_field (indicative),float,,,,Predicted yield | NOTE: exact spec gated behind ULI onboarding (rbih.tech),rbih.tech/docs (indicative; spec gated behind onboarding)
ULI (RBIH),Satellite / Farm Analytics,Satellite / Farm Analytics [Geospatial providers (via RBIH)],irrigationReport,api_field (indicative),object,,,,Irrigation availability/type | NOTE: exact spec gated behind ULI onboarding (rbih.tech),rbih.tech/docs (indicative; spec gated behind onboarding)
ULI (RBIH),Satellite / Farm Analytics,Satellite / Farm Analytics [Geospatial providers (via RBIH)],weatherRisk,api_field (indicative),object,,,,Rainfall/drought indicators | NOTE: exact spec gated behind ULI onboarding (rbih.tech),rbih.tech/docs (indicative; spec gated behind onboarding)
ULI (RBIH),Dairy Insights (milk pouring),Dairy Insights (milk pouring) [Dairy co-ops (e.g. Aavin)],farmerId,api_field (indicative),string,,,,Co-op member id | NOTE: exact spec gated behind ULI onboarding (rbih.tech),rbih.tech/docs (indicative; spec gated behind onboarding)
ULI (RBIH),Dairy Insights (milk pouring),Dairy Insights (milk pouring) [Dairy co-ops (e.g. Aavin)],milkPouringVolume,api_field (indicative),float,,,,Litres poured per period | NOTE: exact spec gated behind ULI onboarding (rbih.tech),rbih.tech/docs (indicative; spec gated behind onboarding)
ULI (RBIH),Dairy Insights (milk pouring),Dairy Insights (milk pouring) [Dairy co-ops (e.g. Aavin)],pouringFrequency,api_field (indicative),string,,,,Daily/weekly pattern | NOTE: exact spec gated behind ULI onboarding (rbih.tech),rbih.tech/docs (indicative; spec gated behind onboarding)
ULI (RBIH),Dairy Insights (milk pouring),Dairy Insights (milk pouring) [Dairy co-ops (e.g. Aavin)],payoutHistory,api_field (indicative),array,,,,Payments received from co-op | NOTE: exact spec gated behind ULI onboarding (rbih.tech),rbih.tech/docs (indicative; spec gated behind onboarding)
ULI (RBIH),Dairy Insights (milk pouring),Dairy Insights (milk pouring) [Dairy co-ops (e.g. Aavin)],cattleCount,api_field (indicative),integer,,,,Cattle details where available | NOTE: exact spec gated behind ULI onboarding (rbih.tech),rbih.tech/docs (indicative; spec gated behind onboarding)
ULI (RBIH),Account Aggregator Gateway,Account Aggregator Gateway [AA ecosystem via ULI],(see AA rows),api_field (indicative),-,,,,"Full ReBIT FI schemas: deposit, MF, insurance, GSTN etc. | NOTE: exact spec gated behind ULI onboarding (rbih.tech)",rbih.tech/docs (indicative; spec gated behind onboarding)
ULI (RBIH),GSTN Service,GSTN Service [GSTN],gstin,api_field (indicative),string,,,,GST identification number | NOTE: exact spec gated behind ULI onboarding (rbih.tech),rbih.tech/docs (indicative; spec gated behind onboarding)
ULI (RBIH),GSTN Service,GSTN Service [GSTN],legalName,api_field (indicative),string,,,,Legal name of business | NOTE: exact spec gated behind ULI onboarding (rbih.tech),rbih.tech/docs (indicative; spec gated behind onboarding)
ULI (RBIH),GSTN Service,GSTN Service [GSTN],tradeName,api_field (indicative),string,,,,Trade name | NOTE: exact spec gated behind ULI onboarding (rbih.tech),rbih.tech/docs (indicative; spec gated behind onboarding)
ULI (RBIH),GSTN Service,GSTN Service [GSTN],registrationDate,api_field (indicative),date,,,,GST registration date | NOTE: exact spec gated behind ULI onboarding (rbih.tech),rbih.tech/docs (indicative; spec gated behind onboarding)
ULI (RBIH),GSTN Service,GSTN Service [GSTN],gstStatus,api_field (indicative),string,,,,Active/cancelled | NOTE: exact spec gated behind ULI onboarding (rbih.tech),rbih.tech/docs (indicative; spec gated behind onboarding)
ULI (RBIH),GSTN Service,GSTN Service [GSTN],filingHistory,api_field (indicative),array,,,,Return filing status by period | NOTE: exact spec gated behind ULI onboarding (rbih.tech),rbih.tech/docs (indicative; spec gated behind onboarding)
ULI (RBIH),GSTN Service,GSTN Service [GSTN],turnoverSlab,api_field (indicative),string,,,,Aggregate turnover band | NOTE: exact spec gated behind ULI onboarding (rbih.tech),rbih.tech/docs (indicative; spec gated behind onboarding)
ULI (RBIH),Credit Bureau Data,Credit Bureau Data [CIBIL/Experian/Equifax/CRIF via ULI],creditScore,api_field (indicative),integer,,,,Bureau score | NOTE: exact spec gated behind ULI onboarding (rbih.tech),rbih.tech/docs (indicative; spec gated behind onboarding)
ULI (RBIH),Credit Bureau Data,Credit Bureau Data [CIBIL/Experian/Equifax/CRIF via ULI],activeAccounts,api_field (indicative),array,,,,Open tradelines | NOTE: exact spec gated behind ULI onboarding (rbih.tech),rbih.tech/docs (indicative; spec gated behind onboarding)
ULI (RBIH),Credit Bureau Data,Credit Bureau Data [CIBIL/Experian/Equifax/CRIF via ULI],paymentHistory,api_field (indicative),array,,,,DPD history | NOTE: exact spec gated behind ULI onboarding (rbih.tech),rbih.tech/docs (indicative; spec gated behind onboarding)
ULI (RBIH),Credit Bureau Data,Credit Bureau Data [CIBIL/Experian/Equifax/CRIF via ULI],enquiries,api_field (indicative),array,,,,Recent enquiries | NOTE: exact spec gated behind ULI onboarding (rbih.tech),rbih.tech/docs (indicative; spec gated behind onboarding)
ULI (RBIH),Credit Bureau Data,Credit Bureau Data [CIBIL/Experian/Equifax/CRIF via ULI],totalOutstanding,api_field (indicative),float,,,,Current balances | NOTE: exact spec gated behind ULI onboarding (rbih.tech),rbih.tech/docs (indicative; spec gated behind onboarding)
ULI (RBIH),BBPS Bill Data,BBPS Bill Data [NPCI Bharat BillPay],billerCategory,api_field (indicative),string,,,,Electricity/water/gas/telecom etc. | NOTE: exact spec gated behind ULI onboarding (rbih.tech),rbih.tech/docs (indicative; spec gated behind onboarding)
ULI (RBIH),BBPS Bill Data,BBPS Bill Data [NPCI Bharat BillPay],billAmount,api_field (indicative),float,,,,Bill amount | NOTE: exact spec gated behind ULI onboarding (rbih.tech),rbih.tech/docs (indicative; spec gated behind onboarding)
ULI (RBIH),BBPS Bill Data,BBPS Bill Data [NPCI Bharat BillPay],paymentDate,api_field (indicative),date,,,,Payment date | NOTE: exact spec gated behind ULI onboarding (rbih.tech),rbih.tech/docs (indicative; spec gated behind onboarding)
ULI (RBIH),BBPS Bill Data,BBPS Bill Data [NPCI Bharat BillPay],paymentStatus,api_field (indicative),string,,,,Paid/pending pattern | NOTE: exact spec gated behind ULI onboarding (rbih.tech),rbih.tech/docs (indicative; spec gated behind onboarding)
ULI (RBIH),Credit Guarantee (CGTMSE/CGFMU),Credit Guarantee (CGTMSE/CGFMU) [Guarantee trusts],guaranteeEligibility,api_field (indicative),string,,,,Scheme eligibility | NOTE: exact spec gated behind ULI onboarding (rbih.tech),rbih.tech/docs (indicative; spec gated behind onboarding)
ULI (RBIH),Credit Guarantee (CGTMSE/CGFMU),Credit Guarantee (CGTMSE/CGFMU) [Guarantee trusts],guaranteeCover,api_field (indicative),float,,,,Cover percentage/amount | NOTE: exact spec gated behind ULI onboarding (rbih.tech),rbih.tech/docs (indicative; spec gated behind onboarding)
ULI (RBIH),Credit Guarantee (CGTMSE/CGFMU),Credit Guarantee (CGTMSE/CGFMU) [Guarantee trusts],schemeName,api_field (indicative),string,,,,CGTMSE/CGFMU scheme | NOTE: exact spec gated behind ULI onboarding (rbih.tech),rbih.tech/docs (indicative; spec gated behind onboarding)
ULI (RBIH),Transliteration,Transliteration [RBIH language service],sourceText,api_field (indicative),string,,,,Vernacular text (e.g. land record) | NOTE: exact spec gated behind ULI onboarding (rbih.tech),rbih.tech/docs (indicative; spec gated behind onboarding)
ULI (RBIH),Transliteration,Transliteration [RBIH language service],targetText,api_field (indicative),string,,,,Transliterated output | NOTE: exact spec gated behind ULI onboarding (rbih.tech),rbih.tech/docs (indicative; spec gated behind onboarding)
ULI (RBIH),Transliteration,Transliteration [RBIH language service],languagePair,api_field (indicative),string,,,,e.g. kn->en | NOTE: exact spec gated behind ULI onboarding (rbih.tech),rbih.tech/docs (indicative; spec gated behind onboarding)
